,quantity,name,manaCost,cmc,colors,colorIdentity,type,types,subtypes,rarity,set,setName,text,flavor,artist,number,power,toughness,layout,multiverseid,imageUrl,rulings,foreignNames,printings,originalText,originalType,legalities,id,Deck,watermark,names,supertypes,loyalty
Adanto Vanguard,4,Adanto Vanguard,{1}{W},2,['White'],['W'],Creature — Vampire Soldier,['Creature'],"['Vampire', 'Soldier']",Uncommon,XLN,Ixalan,"As long as Adanto Vanguard is attacking, it gets +2/+0.
Pay 4 life: Adanto Vanguard gains indestructible until end of turn. (Damage and effects that say ""destroy"" don't destroy it.)",,Anna Steinbauer,1,1,1,normal,435152,http://gatherer.wizards.com/Handlers/Image.ashx?multiverseid=435152&type=card,,"[{'name': 'Adanto-Vorhut', 'imageUrl': 'http://gatherer.wizards.com/Handlers/Image.ashx?multiverseid=435451&type=card', 'language': 'German', 'multiverseid': 435451}, {'name': ""Avant-garde d'Adanto"", 'imageUrl': 'http://gatherer.wizards.com/Handlers/Image.ashx?multiverseid=435750&type=card', 'language': 'French', 'multiverseid': 435750}, {'name': 'Avanguardia di Adanto', 'imageUrl': 'http://gatherer.wizards.com/Handlers/Image.ashx?multiverseid=436049&type=card', 'language': 'Italian', 'multiverseid': 436049}, {'name': 'アダントの先兵', 'imageUrl': 'http://gatherer.wizards.com/Handlers/Image.ashx?multiverseid=436348&type=card', 'language': 'Japanese', 'multiverseid': 436348}, {'name': '아단토 선봉대', 'imageUrl': 'http://gatherer.wizards.com/Handlers/Image.ashx?multiverseid=436647&type=card', 'language': 'Korean', 'multiverseid': 436647}, {'name': 'Vanguarda de Adanto', 'imageUrl': 'http://gatherer.wizards.com/Handlers/Image.ashx?multiverseid=436946&type=card', 'language': 'Portuguese (Brazil)', 'multiverseid': 436946}, {'name': 'Авангард Аданто', 'imageUrl': 'http://gatherer.wizards.com/Handlers/Image.ashx?multiverseid=437245&type=card', 'language': 'Russian', 'multiverseid': 437245}, {'name': 'Vanguardia de Adanto', 'imageUrl': 'http://gatherer.wizards.com/Handlers/Image.ashx?multiverseid=437544&type=card', 'language': 'Spanish', 'multiverseid': 437544}, {'name': '艾唐托先锋', 'imageUrl': 'http://gatherer.wizards.com/Handlers/Image.ashx?multiverseid=437843&type=card', 'language': 'Chinese Simplified', 'multiverseid': 437843}, {'name': '艾唐托先鋒', 'imageUrl': 'http://gatherer.wizards.com/Handlers/Image.ashx?multiverseid=438142&type=card', 'language': 'Chinese Traditional', 'multiverseid': 438142}]",['XLN'],"As long as Adanto Vanguard is attacking, it gets +2/+0.
Pay 4 life: Adanto Vanguard gains indestructible until end of turn. (Damage and effects that say ""destroy"" don't destroy it.)",Creature — Vampire Soldier,"[{'format': 'Brawl', 'legality': 'Legal'}, {'format': 'Commander', 'legality': 'Legal'}, {'format': 'Legacy', 'legality': 'Legal'}, {'format': 'Modern', 'legality': 'Legal'}, {'format': 'Standard', 'legality': 'Legal'}, {'format': 'Vintage', 'legality': 'Legal'}]",ccbc0aca09ec754dd5dc97081315dfdff1748132,Boros Weenie,,,,
"Ajani, Adversary of Tyrants",2,"Ajani, Adversary of Tyrants",{2}{W}{W},4,['White'],['W'],Legendary Planeswalker — Ajani,['Planeswalker'],['Ajani'],Mythic Rare,M19,Core Set 2019,"+1: Put a +1/+1 counter on each of up to two target creatures.
−2: Return target creature card with converted mana cost 2 or less from your graveyard to the battlefield.
−7: You get an emblem with ""At the beginning of your end step, create three 1/1 white Cat creature tokens with lifelink.""",,Victor Adame Minguez,3,,,normal,447139,http://gatherer.wizards.com/Handlers/Image.ashx?multiverseid=447139&type=card,"[{'date': '2018-07-13', 'text': 'If a card in your graveyard has {X} in its mana cost, X is considered to be 0.'}]","[{'name': 'Ajani, Widersacher der Tyrannen', 'imageUrl': 'http://gatherer.wizards.com/Handlers/Image.ashx?multiverseid=447420&type=card', 'language': 'German', 'multiverseid': 447420}, {'name': 'Ajani, antagonista de tiranos', 'imageUrl': 'http://gatherer.wizards.com/Handlers/Image.ashx?multiverseid=447701&type=card', 'language': 'Spanish', 'multiverseid': 447701}, {'name': 'Ajani, adversaire des tyrans', 'imageUrl': 'http://gatherer.wizards.com/Handlers/Image.ashx?multiverseid=447982&type=card', 'language': 'French', 'multiverseid': 447982}, {'name': 'Ajani, Avversario dei Tiranni', 'imageUrl': 'http://gatherer.wizards.com/Handlers/Image.ashx?multiverseid=448263&type=card', 'language': 'Italian', 'multiverseid': 448263}, {'name': '暴君への敵対者、アジャニ', 'imageUrl': 'http://gatherer.wizards.com/Handlers/Image.ashx?multiverseid=448544&type=card', 'language': 'Japanese', 'multiverseid': 448544}, {'name': '폭군의 적, 아자니', 'imageUrl': 'http://gatherer.wizards.com/Handlers/Image.ashx?multiverseid=448825&type=card', 'language': 'Korean', 'multiverseid': 448825}, {'name': 'Ajani, Adversário dos Tiranos', 'imageUrl': 'http://gatherer.wizards.com/Handlers/Image.ashx?multiverseid=449106&type=card', 'language': 'Portuguese (Brazil)', 'multiverseid': 449106}, {'name': 'Аджани, Противник Тиранов', 'imageUrl': 'http://gatherer.wizards.com/Handlers/Image.ashx?multiverseid=449387&type=card', 'language': 'Russian', 'multiverseid': 449387}, {'name': '抗暴阿耶尼', 'imageUrl': 'http://gatherer.wizards.com/Handlers/Image.ashx?multiverseid=449668&type=card', 'language': 'Chinese Simplified', 'multiverseid': 449668}, {'name': '抗暴阿耶尼', 'imageUrl': 'http://gatherer.wizards.com/Handlers/Image.ashx?multiverseid=449949&type=card', 'language': 'Chinese Traditional', 'multiverseid': 449949}]",['M19'],"+1: Put a +1/+1 counter on each of up to two target creatures.
−2: Return target creature card with converted mana cost 2 or less from your graveyard to the battlefield.
−7: You get an emblem with ""At the beginning of your end step, create three 1/1 white Cat creature tokens with lifelink.""",Legendary Planeswalker — Ajani,"[{'format': 'Brawl', 'legality': 'Legal'}, {'format': 'Commander', 'legality': 'Legal'}, {'format': 'Legacy', 'legality': 'Legal'}, {'format': 'Modern', 'legality': 'Legal'}, {'format': 'Vintage', 'legality': 'Legal'}]",1688e5395725934bcbe6c72c74472fcb9ac8d655,Boros Weenie,,,['Legendary'],4.0
"Aurelia, Exemplar of Justice",2,"Aurelia, Exemplar of Justice",{2}{R}{W},4,"['White', 'Red']","['W', 'R']",Legendary Creature — Angel,['Creature'],['Angel'],Mythic Rare,GRN,Guilds of Ravnica,"Flying
Mentor (Whenever this creature attacks, put a +1/+1 counter on target attacking creature with lesser power.)
At the beginning of combat on your turn, choose up to one target creature you control. Until end of turn, that creature gets +2/+0, gains trample if it's red, and gains vigilance if it's white.",,Chris Rahn,153,2,5,normal,452903,http://gatherer.wizards.com/Handlers/Image.ashx?multiverseid=452903&type=card,"[{'date': '2018-10-05', 'text': ""Aurelia's last ability resolves before attackers are chosen.""}, {'date': '2018-10-05', 'text': ""The target creature gains trample and vigilance if it's both red and white. It gets +2/+0 only once, even if it's both red and white, and even if it's neither red nor white.""}, {'date': '2018-10-05', 'text': ""Once Aurelia's last ability has resolved, the creature keeps whatever bonuses it got from that ability even if its colors change.""}, {'date': '2018-10-05', 'text': ""Mentor compares the power of the creature with mentor with that of the target creature at two different times: once as the triggered ability is put onto the stack, and once as the triggered ability resolves. If you wish to raise a creature's power so its mentor ability can target a bigger creature, the last chance you have to do so is during the beginning of combat step.""}, {'date': '2018-10-05', 'text': ""If the target creature's power is no longer less than the attacking creature's power as the ability resolves, mentor doesn't add a +1/+1 counter. For example, if two 3/3 creatures with mentor attack and both mentor triggers target the same 2/2 creature, the first to resolve puts a +1/+1 counter on it and the second does nothing.""}, {'date': '2018-10-05', 'text': 'If the creature with mentor leaves the battlefield with mentor on the stack, use its power as that creature last existed on the battlefield to determine whether the target creature has less power.'}]","[{'name': 'Aurelia, Verfechterin des Rechts', 'imageUrl': 'http://gatherer.wizards.com/Handlers/Image.ashx?multiverseid=453162&type=card', 'language': 'German', 'multiverseid': 453162}, {'name': 'Aurelia, parangón de la justicia', 'imageUrl': 'http://gatherer.wizards.com/Handlers/Image.ashx?multiverseid=453421&type=card', 'language': 'Spanish', 'multiverseid': 453421}, {'name': 'Aurélia, archétype de justice', 'imageUrl': 'http://gatherer.wizards.com/Handlers/Image.ashx?multiverseid=453680&type=card', 'language': 'French', 'multiverseid': 453680}, {'name': 'Aurelia, Esempio di Giustizia', 'imageUrl': 'http://gatherer.wizards.com/Handlers/Image.ashx?multiverseid=453939&type=card', 'language': 'Italian', 'multiverseid': 453939}, {'name': '正義の模範、オレリア', 'imageUrl': 'http://gatherer.wizards.com/Handlers/Image.ashx?multiverseid=454198&type=card', 'language': 'Japanese', 'multiverseid': 454198}, {'name': '정의의 모범, 아우렐리아', 'imageUrl': 'http://gatherer.wizards.com/Handlers/Image.ashx?multiverseid=454457&type=card', 'language': 'Korean', 'multiverseid': 454457}, {'name': 'Aurélia, Exemplo da Justiça', 'imageUrl': 'http://gatherer.wizards.com/Handlers/Image.ashx?multiverseid=454716&type=card', 'language': 'Portuguese (Brazil)', 'multiverseid': 454716}, {'name': 'Аурелия, Образец Правосудия', 'imageUrl': 'http://gatherer.wizards.com/Handlers/Image.ashx?multiverseid=454975&type=card', 'language': 'Russian', 'multiverseid': 454975}, {'name': '正义模范欧瑞梨', 'imageUrl': 'http://gatherer.wizards.com/Handlers/Image.ashx?multiverseid=455234&type=card', 'language': 'Chinese Simplified', 'multiverseid': 455234}, {'name': '正義模範歐瑞梨', 'imageUrl': 'http://gatherer.wizards.com/Handlers/Image.ashx?multiverseid=455493&type=card', 'language': 'Chinese Traditional', 'multiverseid': 455493}]",['GRN'],"Flying
Mentor <i>(Whenever this creature attacks, put a +1/+1 counter on target attacking creature with lesser power.)</i>
At the beginning of combat on your turn, choose up to one target creature you control. Until end of turn, that creature gets +2/+0, gains trample if it's red, and gains vigilance if it's white.",Legendary Creature — Angel,,a7770f6d1ecf54d3c2e3242d1d6b278daf7a3938,Boros Weenie,Boros,,['Legendary'],
Banefire,1,Banefire,{X}{R},1,['Red'],['R'],Sorcery,['Sorcery'],,Rare,MM2,Modern Masters 2015 Edition,"Banefire deals X damage to any target.
If X is 5 or more, this spell can't be countered and the damage can't be prevented.","For Sarkhan Vol, the dragon is the purest expression of life's savage splendor.",Raymond Swanland,104,,,normal,397676,http://gatherer.wizards.com/Handlers/Image.ashx?multiverseid=397676&type=card,"[{'date': '2018-07-13', 'text': 'To determine whether it can be countered and its damage can be prevented, Banefire checks the number you chose for X, not the amount of mana you actually spent or the amount of damage it will actually deal.'}, {'date': '2018-07-13', 'text': ""Banefire can be targeted by spells that try to counter it regardless of what the value of X is. If X is 5 or more, those spells will still resolve, but the part of their effect that would counter Banefire won't do anything. Any other effects those spells have will work as normal.""}, {'date': '2018-07-13', 'text': ""If its target is illegal by the time Banefire tries to resolve, the spell isn't countered, but it doesn't resolve. The target won't be dealt damage.""}]","[{'name': '禁咒焰', 'imageUrl': 'http://gatherer.wizards.com/Handlers/Image.ashx?multiverseid=397925&type=card', 'language': 'Chinese Simplified', 'multiverseid': 397925}, {'name': '苦悩火', 'imageUrl': 'http://gatherer.wizards.com/Handlers/Image.ashx?multiverseid=398174&type=card', 'language': 'Japanese', 'multiverseid': 398174}]","['CON', 'DPA', 'DDN', 'MM2', 'M19']","Banefire deals X damage to target creature or player.
If X is 5 or more, Banefire can't be countered by spells or abilities and the damage can't be prevented.",Sorcery,"[{'format': 'Brawl', 'legality': 'Legal'}, {'format': 'Commander', 'legality': 'Legal'}, {'format': 'Legacy', 'legality': 'Legal'}, {'format': 'Modern', 'legality': 'Legal'}, {'format': 'Vintage', 'legality': 'Legal'}]",5a9fba04d7452555b99cce4fd7f0b8ea2b6493ae,Boros Weenie,,,,
Benalish Marshal,4,Benalish Marshal,{W}{W}{W},3,['White'],['W'],Creature — Human Knight,['Creature'],"['Human', 'Knight']",Rare,DOM,Dominaria,Other creatures you control get +1/+1.,"""Some aspire to climb the mountain of Honor. The Benalish are born upon its peak, and from there ascend among the stars.""
—History of Benalia",Mark Zug,6,3,3,normal,442894,http://gatherer.wizards.com/Handlers/Image.ashx?multiverseid=442894&type=card,"[{'date': '2018-04-27', 'text': ""Because damage remains marked on a creature until it's removed as the turn ends, nonlethal damage dealt to a creature you control may become lethal if Benalish Marshal leaves the battlefield during that turn.""}]","[{'name': 'Benalischer Feldmarschall', 'imageUrl': 'http://gatherer.wizards.com/Handlers/Image.ashx?multiverseid=443163&type=card', 'language': 'German', 'multiverseid': 443163}, {'name': 'Mariscal benalita', 'imageUrl': 'http://gatherer.wizards.com/Handlers/Image.ashx?multiverseid=443432&type=card', 'language': 'Spanish', 'multiverseid': 443432}, {'name': 'Maréchal bénalian', 'imageUrl': 'http://gatherer.wizards.com/Handlers/Image.ashx?multiverseid=443701&type=card', 'language': 'French', 'multiverseid': 443701}, {'name': 'Maresciallo di Benalia', 'imageUrl': 'http://gatherer.wizards.com/Handlers/Image.ashx?multiverseid=443970&type=card', 'language': 'Italian', 'multiverseid': 443970}, {'name': 'ベナリアの軍司令', 'imageUrl': 'http://gatherer.wizards.com/Handlers/Image.ashx?multiverseid=444239&type=card', 'language': 'Japanese', 'multiverseid': 444239}, {'name': '베날리아 집행관', 'imageUrl': 'http://gatherer.wizards.com/Handlers/Image.ashx?multiverseid=444508&type=card', 'language': 'Korean', 'multiverseid': 444508}, {'name': 'Marechal de Benália', 'imageUrl': 'http://gatherer.wizards.com/Handlers/Image.ashx?multiverseid=444777&type=card', 'language': 'Portuguese (Brazil)', 'multiverseid': 444777}, {'name': 'Беналийский Маршал', 'imageUrl': 'http://gatherer.wizards.com/Handlers/Image.ashx?multiverseid=445046&type=card', 'language': 'Russian', 'multiverseid': 445046}, {'name': '宾纳里亚元帅', 'imageUrl': 'http://gatherer.wizards.com/Handlers/Image.ashx?multiverseid=445315&type=card', 'language': 'Chinese Simplified', 'multiverseid': 445315}, {'name': '賓納里亞元帥', 'imageUrl': 'http://gatherer.wizards.com/Handlers/Image.ashx?multiverseid=445584&type=card', 'language': 'Chinese Traditional', 'multiverseid': 445584}]",['DOM'],Other creatures you control get +1/+1.,Creature — Human Knight,"[{'format': 'Brawl', 'legality': 'Legal'}, {'format': 'Commander', 'legality': 'Legal'}, {'format': 'Legacy', 'legality': 'Legal'}, {'format': 'Modern', 'legality': 'Legal'}, {'format': 'Vintage', 'legality': 'Legal'}]",0a3baa34deb5148f23047af5165f768d22b423ca,Boros Weenie,,,,
Clifftop Retreat,2,Clifftop Retreat,,0,,"['R', 'W']",Land,['Land'],,Rare,ISD,Innistrad,"Clifftop Retreat enters the battlefield tapped unless you control a Mountain or a Plains.
{T}: Add {R} or {W}.","Where cathars learn to fight not only demons and vampires, but ignorance as well.",John Avon,238,,,normal,241980,http://gatherer.wizards.com/Handlers/Image.ashx?multiverseid=241980&type=card,,"[{'name': '崖顶修行所', 'imageUrl': 'http://gatherer.wizards.com/Handlers/Image.ashx?multiverseid=272212&type=card', 'language': 'Chinese Simplified', 'multiverseid': 272212}, {'name': '崖頂修行所', 'imageUrl': 'http://gatherer.wizards.com/Handlers/Image.ashx?multiverseid=272496&type=card', 'language': 'Chinese Traditional', 'multiverseid': 272496}, {'name': 'Retiro da Falésia', 'imageUrl': 'http://gatherer.wizards.com/Handlers/Image.ashx?multiverseid=272780&type=card', 'language': 'Portuguese (Brazil)', 'multiverseid': 272780}, {'name': 'Rectorat du haut des falaises', 'imageUrl': 'http://gatherer.wizards.com/Handlers/Image.ashx?multiverseid=273064&type=card', 'language': 'French', 'multiverseid': 273064}, {'name': 'Убежище на Утесе', 'imageUrl': 'http://gatherer.wizards.com/Handlers/Image.ashx?multiverseid=273348&type=card', 'language': 'Russian', 'multiverseid': 273348}, {'name': 'Felskuppenzuflucht', 'imageUrl': 'http://gatherer.wizards.com/Handlers/Image.ashx?multiverseid=273632&type=card', 'language': 'German', 'multiverseid': 273632}, {'name': 'Refugio en la cima', 'imageUrl': 'http://gatherer.wizards.com/Handlers/Image.ashx?multiverseid=273916&type=card', 'language': 'Spanish', 'multiverseid': 273916}, {'name': 'Rifugio in Cima al Dirupo', 'imageUrl': 'http://gatherer.wizards.com/Handlers/Image.ashx?multiverseid=274200&type=card', 'language': 'Italian', 'multiverseid': 274200}, {'name': '断崖の避難所', 'imageUrl': 'http://gatherer.wizards.com/Handlers/Image.ashx?multiverseid=274484&type=card', 'language': 'Japanese', 'multiverseid': 274484}]","['ISD', 'DOM']","Clifftop Retreat enters the battlefield tapped unless you control a Mountain or a Plains.
{T}: Add {R} or {W} to your mana pool.",Land,"[{'format': 'Brawl', 'legality': 'Legal'}, {'format': 'Commander', 'legality': 'Legal'}, {'format': 'Legacy', 'legality': 'Legal'}, {'format': 'Modern', 'legality': 'Legal'}, {'format': 'Vintage', 'legality': 'Legal'}]",8c6ea3babfa8bee73b90ee6883e3731ebe535cdb,Boros Weenie,,,,
Conclave Tribunal,4,Conclave Tribunal,{3}{W},4,['White'],['W'],Enchantment,['Enchantment'],,Uncommon,GRN,Guilds of Ravnica,"Convoke (Your creatures can help cast this spell. Each creature you tap while casting this spell pays for {1} or one mana of that creature's color.)
When Conclave Tribunal enters the battlefield, exile target nonland permanent an opponent controls until Conclave Tribunal leaves the battlefield.",,Seb McKinnon,6,,,normal,452756,http://gatherer.wizards.com/Handlers/Image.ashx?multiverseid=452756&type=card,"[{'date': '2018-10-05', 'text': ""If Conclave Tribunal leaves the battlefield before its triggered ability resolves, the target permanent won't be exiled.""}, {'date': '2018-10-05', 'text': ""Auras attached to the exiled permanent will be put into their owners' graveyards. Any Equipment will become unattached and remain on the battlefield. Any counters on the exiled permanent will cease to exist. When the card returns to the battlefield, it will be a new object with no connection to the card that was exiled.""}, {'date': '2018-10-05', 'text': ""If a token is exiled this way, it will cease to exist and won't return to the battlefield.""}, {'date': '2018-10-05', 'text': ""You can tap an untapped creature you haven't controlled continuously since the beginning of your most recent turn to convoke a spell.""}, {'date': '2018-10-05', 'text': ""Convoke doesn't change a spell's mana cost or converted mana cost.""}, {'date': '2018-10-05', 'text': ""When calculating a spell's total cost, include any alternative costs, additional costs, or anything else that increases or reduces the cost to cast the spell. Convoke applies after the total cost is calculated.""}, {'date': '2018-10-05', 'text': ""Because convoke isn't an alternative cost, it can be used in conjunction with alternative costs.""}, {'date': '2018-10-05', 'text': ""Tapping a multicolored creature using convoke will pay for {1} or one mana of your choice of any of that creature's colors.""}, {'date': '2018-10-05', 'text': ""When using convoke to cast a spell with {X} in its mana cost, first choose the value for X. That choice, plus any cost increases or decreases, will determine the spell's total cost. Then you can tap creatures you control to help pay that cost. For example, if you cast Worldsoul Colossus (a spell with convoke and mana cost {X}{G}{W}) and choose X to be 3, the total cost is {3}{G}{W}. If you tap two green creatures and two white creatures, you'll have to pay {1}.""}, {'date': '2018-10-05', 'text': ""If a creature you control has a mana ability with {T} in the cost, activating that ability while casting a spell with convoke will result in the creature being tapped before you pay the spell's costs. You won't be able to tap it again for convoke. Similarly, if you sacrifice a creature to activate a mana ability while casting a spell with convoke, that creature won't be on the battlefield when you pay the spell's costs, so you won't be able to tap it for convoke.""}]","[{'name': 'Tribunal des Konklaves', 'imageUrl': 'http://gatherer.wizards.com/Handlers/Image.ashx?multiverseid=453015&type=card', 'language': 'German', 'multiverseid': 453015}, {'name': 'Tribunal del Cónclave', 'imageUrl': 'http://gatherer.wizards.com/Handlers/Image.ashx?multiverseid=453274&type=card', 'language': 'Spanish', 'multiverseid': 453274}, {'name': 'Tribunal du Conclave', 'imageUrl': 'http://gatherer.wizards.com/Handlers/Image.ashx?multiverseid=453533&type=card', 'language': 'French', 'multiverseid': 453533}, {'name': 'Tribunale del Conclave', 'imageUrl': 'http://gatherer.wizards.com/Handlers/Image.ashx?multiverseid=453792&type=card', 'language': 'Italian', 'multiverseid': 453792}, {'name': '議事会の裁き', 'imageUrl': 'http://gatherer.wizards.com/Handlers/Image.ashx?multiverseid=454051&type=card', 'language': 'Japanese', 'multiverseid': 454051}, {'name': '교단 재판소', 'imageUrl': 'http://gatherer.wizards.com/Handlers/Image.ashx?multiverseid=454310&type=card', 'language': 'Korean', 'multiverseid': 454310}, {'name': 'Tribunal do Conclave', 'imageUrl': 'http://gatherer.wizards.com/Handlers/Image.ashx?multiverseid=454569&type=card', 'language': 'Portuguese (Brazil)', 'multiverseid': 454569}, {'name': 'Трибунал Конклава', 'imageUrl': 'http://gatherer.wizards.com/Handlers/Image.ashx?multiverseid=454828&type=card', 'language': 'Russian', 'multiverseid': 454828}, {'name': '盟会裁定', 'imageUrl': 'http://gatherer.wizards.com/Handlers/Image.ashx?multiverseid=455087&type=card', 'language': 'Chinese Simplified', 'multiverseid': 455087}, {'name': '盟會裁定', 'imageUrl': 'http://gatherer.wizards.com/Handlers/Image.ashx?multiverseid=455346&type=card', 'language': 'Chinese Traditional', 'multiverseid': 455346}]",['GRN'],"Convoke <i>(Your creatures can help cast this spell. Each creature you tap while casting this spell pays for {1} or one mana of that creature's color.)</i>
When Conclave Tribunal enters the battlefield, exile target nonland permanent an opponent controls until Conclave Tribunal leaves the battlefield.",Enchantment,,f7af6ee1becbcac65ec44eb2b4714c4bbc88b298,Boros Weenie,Selesnya,,,
Dauntless Bodyguard,4,Dauntless Bodyguard,{W},1,['White'],['W'],Creature — Human Knight,['Creature'],"['Human', 'Knight']",Uncommon,DOM,Dominaria,"As Dauntless Bodyguard enters the battlefield, choose another creature you control.
Sacrifice Dauntless Bodyguard: The chosen creature gains indestructible until end of turn.","The Benalish aristocracy is hereditary, but the loyalty of its subjects is earned.",Manuel Castañón,14,2,1,normal,442902,http://gatherer.wizards.com/Handlers/Image.ashx?multiverseid=442902&type=card,"[{'date': '2018-04-27', 'text': ""Dauntless Bodyguard's first ability isn't a triggered ability and doesn't use the stack. Players can't respond to your choice of which creature it's protecting.""}, {'date': '2018-04-27', 'text': ""If Dauntless Bodyguard enters the battlefield at the same time as another creature, that creature can't be chosen for its ability.""}, {'date': '2018-04-27', 'text': ""If the chosen creature leaves the battlefield, you can't choose a new creature for Dauntless Bodyguard to protect. If you activate its last ability in this case, no creature gains indestructible.""}]","[{'name': 'Furchtlose Leibwächterin', 'imageUrl': 'http://gatherer.wizards.com/Handlers/Image.ashx?multiverseid=443171&type=card', 'language': 'German', 'multiverseid': 443171}, {'name': 'Guardaespaldas intrépida', 'imageUrl': 'http://gatherer.wizards.com/Handlers/Image.ashx?multiverseid=443440&type=card', 'language': 'Spanish', 'multiverseid': 443440}, {'name': 'Garde du corps intrépide', 'imageUrl': 'http://gatherer.wizards.com/Handlers/Image.ashx?multiverseid=443709&type=card', 'language': 'French', 'multiverseid': 443709}, {'name': 'Guardia del Corpo Intrepida', 'imageUrl': 'http://gatherer.wizards.com/Handlers/Image.ashx?multiverseid=443978&type=card', 'language': 'Italian', 'multiverseid': 443978}, {'name': '不屈の護衛', 'imageUrl': 'http://gatherer.wizards.com/Handlers/Image.ashx?multiverseid=444247&type=card', 'language': 'Japanese', 'multiverseid': 444247}, {'name': '불굴의 경호원', 'imageUrl': 'http://gatherer.wizards.com/Handlers/Image.ashx?multiverseid=444516&type=card', 'language': 'Korean', 'multiverseid': 444516}, {'name': 'Guarda-costas Destemida', 'imageUrl': 'http://gatherer.wizards.com/Handlers/Image.ashx?multiverseid=444785&type=card', 'language': 'Portuguese (Brazil)', 'multiverseid': 444785}, {'name': 'Отважная Телохранительница', 'imageUrl': 'http://gatherer.wizards.com/Handlers/Image.ashx?multiverseid=445054&type=card', 'language': 'Russian', 'multiverseid': 445054}, {'name': '不屈护卫', 'imageUrl': 'http://gatherer.wizards.com/Handlers/Image.ashx?multiverseid=445323&type=card', 'language': 'Chinese Simplified', 'multiverseid': 445323}, {'name': '不屈護衛', 'imageUrl': 'http://gatherer.wizards.com/Handlers/Image.ashx?multiverseid=445592&type=card', 'language': 'Chinese Traditional', 'multiverseid': 445592}]",['DOM'],"As Dauntless Bodyguard enters the battlefield, choose another creature you control.
Sacrifice Dauntless Bodyguard: The chosen creature gains indestructible until end of turn.",Creature — Human Knight,"[{'format': 'Brawl', 'legality': 'Legal'}, {'format': 'Commander', 'legality': 'Legal'}, {'format': 'Legacy', 'legality': 'Legal'}, {'format': 'Modern', 'legality': 'Legal'}, {'format': 'Vintage', 'legality': 'Legal'}]",2db044d2fb1a0461b82bd8aeb5077ec4c709c981,Boros Weenie,,,,
Experimental Frenzy,2,Experimental Frenzy,{3}{R},4,['Red'],['R'],Enchantment,['Enchantment'],,Rare,GRN,Guilds of Ravnica,"You may look at the top card of your library any time.
You may play the top card of your library.
You can't play cards from your hand.
{3}{R}: Destroy Experimental Frenzy.",Turns out coffee is the weird aunt of invention.,Simon Dominic,99,,,normal,452849,http://gatherer.wizards.com/Handlers/Image.ashx?multiverseid=452849&type=card,"[{'date': '2018-10-05', 'text': ""Experimental Frenzy lets you look at the top card of your library whenever you want (with one restriction—see below), even if you don't have priority. This action doesn't use the stack. Knowing what that card is becomes part of the information you have access to, just like you can look at the cards in your hand.""}, {'date': '2018-10-05', 'text': ""If the top card of your library changes while you're casting a spell or activating an ability, you can't look at the new top card until you finish casting that spell or activating that ability. This means that if you cast the top card of your library, you can't look at the next one until you're done paying for that spell.""}, {'date': '2018-10-05', 'text': 'You must follow the normal timing permissions and restrictions of the cards you play from your library.'}, {'date': '2018-10-05', 'text': 'You can play a land card on top of your library only if you have available land plays remaining.'}, {'date': '2018-10-05', 'text': ""You'll still pay all costs for a spell you cast from your library, including additional costs. You may also pay alternative costs.""}, {'date': '2018-10-05', 'text': ""You can't cast spells or play lands from your hand, but you may take other actions with those cards (such as discarding them to activate their cycling or bloodrush abilities).""}]","[{'name': 'Experimentierfreude', 'imageUrl': 'http://gatherer.wizards.com/Handlers/Image.ashx?multiverseid=453108&type=card', 'language': 'German', 'multiverseid': 453108}, {'name': 'Frenesí experimental', 'imageUrl': 'http://gatherer.wizards.com/Handlers/Image.ashx?multiverseid=453367&type=card', 'language': 'Spanish', 'multiverseid': 453367}, {'name': 'Frénésie expérimentale', 'imageUrl': 'http://gatherer.wizards.com/Handlers/Image.ashx?multiverseid=453626&type=card', 'language': 'French', 'multiverseid': 453626}, {'name': 'Frenesia Sperimentale', 'imageUrl': 'http://gatherer.wizards.com/Handlers/Image.ashx?multiverseid=453885&type=card', 'language': 'Italian', 'multiverseid': 453885}, {'name': '実験の狂乱', 'imageUrl': 'http://gatherer.wizards.com/Handlers/Image.ashx?multiverseid=454144&type=card', 'language': 'Japanese', 'multiverseid': 454144}, {'name': '실험적인 광분', 'imageUrl': 'http://gatherer.wizards.com/Handlers/Image.ashx?multiverseid=454403&type=card', 'language': 'Korean', 'multiverseid': 454403}, {'name': 'Frenesi Experimental', 'imageUrl': 'http://gatherer.wizards.com/Handlers/Image.ashx?multiverseid=454662&type=card', 'language': 'Portuguese (Brazil)', 'multiverseid': 454662}, {'name': 'Лихорадка Экспериментов', 'imageUrl': 'http://gatherer.wizards.com/Handlers/Image.ashx?multiverseid=454921&type=card', 'language': 'Russian', 'multiverseid': 454921}, {'name': '实验性狂乱', 'imageUrl': 'http://gatherer.wizards.com/Handlers/Image.ashx?multiverseid=455180&type=card', 'language': 'Chinese Simplified', 'multiverseid': 455180}, {'name': '實驗性狂亂', 'imageUrl': 'http://gatherer.wizards.com/Handlers/Image.ashx?multiverseid=455439&type=card', 'language': 'Chinese Traditional', 'multiverseid': 455439}]",['GRN'],"You may look at the top card of your library any time.
You may play the top card of your library.
You can't play cards from your hand.
{3}{R}: Destroy Experimental Frenzy.",Enchantment,,1cc3e03c8e9fe88abd35228b9816f7cad38167ca,Boros Weenie,,,,
Healer's Hawk,2,Healer's Hawk,{W},1,['White'],['W'],Creature — Bird,['Creature'],['Bird'],Common,GRN,Guilds of Ravnica,"Flying, lifelink",The wounded see the glow of its vials long before they see its wings diving out of the clouds.,Milivoj Ćeran,14,1,1,normal,452764,http://gatherer.wizards.com/Handlers/Image.ashx?multiverseid=452764&type=card,,"[{'name': 'Falke des Heilers', 'imageUrl': 'http://gatherer.wizards.com/Handlers/Image.ashx?multiverseid=453023&type=card', 'language': 'German', 'multiverseid': 453023}, {'name': 'Halcón de sanador', 'imageUrl': 'http://gatherer.wizards.com/Handlers/Image.ashx?multiverseid=453282&type=card', 'language': 'Spanish', 'multiverseid': 453282}, {'name': 'Faucon de guérisseur', 'imageUrl': 'http://gatherer.wizards.com/Handlers/Image.ashx?multiverseid=453541&type=card', 'language': 'French', 'multiverseid': 453541}, {'name': 'Falco del Guaritore', 'imageUrl': 'http://gatherer.wizards.com/Handlers/Image.ashx?multiverseid=453800&type=card', 'language': 'Italian', 'multiverseid': 453800}, {'name': '癒し手の鷹', 'imageUrl': 'http://gatherer.wizards.com/Handlers/Image.ashx?multiverseid=454059&type=card', 'language': 'Japanese', 'multiverseid': 454059}, {'name': '치유사의 매', 'imageUrl': 'http://gatherer.wizards.com/Handlers/Image.ashx?multiverseid=454318&type=card', 'language': 'Korean', 'multiverseid': 454318}, {'name': 'Falcão do Curandeiro', 'imageUrl': 'http://gatherer.wizards.com/Handlers/Image.ashx?multiverseid=454577&type=card', 'language': 'Portuguese (Brazil)', 'multiverseid': 454577}, {'name': 'Ястреб Целителя', 'imageUrl': 'http://gatherer.wizards.com/Handlers/Image.ashx?multiverseid=454836&type=card', 'language': 'Russian', 'multiverseid': 454836}, {'name': '治疗师翔鹰', 'imageUrl': 'http://gatherer.wizards.com/Handlers/Image.ashx?multiverseid=455095&type=card', 'language': 'Chinese Simplified', 'multiverseid': 455095}, {'name': '治療師翔鷹', 'imageUrl': 'http://gatherer.wizards.com/Handlers/Image.ashx?multiverseid=455354&type=card', 'language': 'Chinese Traditional', 'multiverseid': 455354}]",['GRN'],"Flying, lifelink",Creature — Bird,,a758373ca929bae581d7e348ac9e86e4ab9f6e07,Boros Weenie,,,,
History of Benalia,4,History of Benalia,{1}{W}{W},3,['White'],['W'],Enchantment — Saga,['Enchantment'],['Saga'],Mythic Rare,DOM,Dominaria,"(As this Saga enters and after your draw step, add a lore counter. Sacrifice after III.)
I, II — Create a 2/2 white Knight creature token with vigilance.
III — Knights you control get +2/+1 until end of turn.",,Noah Bradley,21,,,normal,442909,http://gatherer.wizards.com/Handlers/Image.ashx?multiverseid=442909&type=card,"[{'date': '2018-04-27', 'text': ""The final chapter ability of History of Benalia affects only Knights you control at the time it resolves. Creatures you begin to control later in the turn or that become Knights later in the turn won't get +2/+1.""}, {'date': '2018-04-27', 'text': ""As a Saga enters the battlefield, its controller puts a lore counter on it. As your precombat main phase begins (immediately after your draw step), you put another lore counter on each Saga you control. Putting a lore counter on a Saga in either of these ways doesn't use the stack.""}, {'date': '2018-04-27', 'text': ""Each symbol on the left of a Saga's text box represents a chapter ability. A chapter ability is a triggered ability that triggers when a lore counter that is put on the Saga causes the number of lore counters on the Saga to become equal to or greater than the ability's chapter number. Chapter abilities are put onto the stack and may be responded to.""}, {'date': '2018-04-27', 'text': ""A chapter ability doesn't trigger if a lore counter is put on a Saga that already had a number of lore counters greater than or equal to that chapter's number. For example, the third lore counter put on a Saga causes the III chapter ability to trigger, but I and II won't trigger again.""}, {'date': '2018-04-27', 'text': ""Once a chapter ability has triggered, the ability on the stack won't be affected if the Saga gains or loses counters, or if it leaves the battlefield.""}, {'date': '2018-04-27', 'text': 'If multiple chapter abilities trigger at the same time, their controller puts them on the stack in any order. If any of them require targets, those targets are chosen as you put the abilities on the stack, before any of those abilities resolve.'}, {'date': '2018-04-27', 'text': ""If counters are removed from a Saga, the appropriate chapter abilities will trigger again when the Saga receives lore counters. Removing lore counters won't cause a previous chapter ability to trigger.""}, {'date': '2018-04-27', 'text': ""Once the number of lore counters on a Saga is greater than or equal to the greatest number among its chapter abilities—in the Dominaria set, this is always three—the Saga's controller sacrifices it as soon as its chapter ability has left the stack, most likely by resolving or being countered. This state-based action doesn't use the stack.""}]","[{'name': 'Geschichte Benalias', 'imageUrl': 'http://gatherer.wizards.com/Handlers/Image.ashx?multiverseid=443178&type=card', 'language': 'German', 'multiverseid': 443178}, {'name': 'Historia de Benalia', 'imageUrl': 'http://gatherer.wizards.com/Handlers/Image.ashx?multiverseid=443447&type=card', 'language': 'Spanish', 'multiverseid': 443447}, {'name': 'Histoire de Bénalia', 'imageUrl': 'http://gatherer.wizards.com/Handlers/Image.ashx?multiverseid=443716&type=card', 'language': 'French', 'multiverseid': 443716}, {'name': 'Storia di Benalia', 'imageUrl': 'http://gatherer.wizards.com/Handlers/Image.ashx?multiverseid=443985&type=card', 'language': 'Italian', 'multiverseid': 443985}, {'name': 'ベナリア史', 'imageUrl': 'http://gatherer.wizards.com/Handlers/Image.ashx?multiverseid=444254&type=card', 'language': 'Japanese', 'multiverseid': 444254}, {'name': '베날리아의 역사', 'imageUrl': 'http://gatherer.wizards.com/Handlers/Image.ashx?multiverseid=444523&type=card', 'language': 'Korean', 'multiverseid': 444523}, {'name': 'História de Benália', 'imageUrl': 'http://gatherer.wizards.com/Handlers/Image.ashx?multiverseid=444792&type=card', 'language': 'Portuguese (Brazil)', 'multiverseid': 444792}, {'name': 'История Беналии', 'imageUrl': 'http://gatherer.wizards.com/Handlers/Image.ashx?multiverseid=445061&type=card', 'language': 'Russian', 'multiverseid': 445061}, {'name': '宾纳里亚史', 'imageUrl': 'http://gatherer.wizards.com/Handlers/Image.ashx?multiverseid=445330&type=card', 'language': 'Chinese Simplified', 'multiverseid': 445330}, {'name': '賓納里亞史', 'imageUrl': 'http://gatherer.wizards.com/Handlers/Image.ashx?multiverseid=445599&type=card', 'language': 'Chinese Traditional', 'multiverseid': 445599}]",['DOM'],"(As this Saga enters and after your draw step, add a lore counter. Sacrifice after III.)
I, II — Create a 2/2 white Knight creature token with vigilance.
III — Knights you control get +2/+1 until end of turn.",Enchantment — Saga,"[{'format': 'Brawl', 'legality': 'Legal'}, {'format': 'Commander', 'legality': 'Legal'}, {'format': 'Legacy', 'legality': 'Legal'}, {'format': 'Modern', 'legality': 'Legal'}, {'format': 'Vintage', 'legality': 'Legal'}]",7f6decf929ddb47ef14c98c95637564409deff19,Boros Weenie,,,,
Legion's Landing,4,Legion's Landing,{W},1,['White'],['W'],Legendary Enchantment,['Enchantment'],,Rare,XLN,Ixalan,"When Legion's Landing enters the battlefield, create a 1/1 white Vampire creature token with lifelink.
When you attack with three or more creatures, transform Legion's Landing.","""I claim this land in the name of the queen.""
—Adrian Adanto of Lujio",Svetlin Velinov,22a,,,double-faced,435173,http://gatherer.wizards.com/Handlers/Image.ashx?multiverseid=435173&type=card,"[{'date': '2017-09-29', 'text': ""Once you've attacked with three or more creatures, Legion's Landing will transform even if some of those creatures leave the battlefield or are removed from combat.""}, {'date': '2017-09-29', 'text': ""The last ability of Legion's Landing only counts creatures that you declare as attacking creatures. Creatures that enter the battlefield attacking won't count.""}, {'date': '2018-01-19', 'text': 'For more information on double-faced cards, see the Ixalan mechanics article (http://magic.wizards.com/en/articles/archive/feature/ixalan-mechanics).'}]","[{'name': 'Landung der Legion', 'imageUrl': 'http://gatherer.wizards.com/Handlers/Image.ashx?multiverseid=435472&type=card', 'language': 'German', 'multiverseid': 435472}, {'name': 'Débarquement de la Légion', 'imageUrl': 'http://gatherer.wizards.com/Handlers/Image.ashx?multiverseid=435771&type=card', 'language': 'French', 'multiverseid': 435771}, {'name': 'Sbarco della Legione', 'imageUrl': 'http://gatherer.wizards.com/Handlers/Image.ashx?multiverseid=436070&type=card', 'language': 'Italian', 'multiverseid': 436070}, {'name': '軍団の上陸', 'imageUrl': 'http://gatherer.wizards.com/Handlers/Image.ashx?multiverseid=436369&type=card', 'language': 'Japanese', 'multiverseid': 436369}, {'name': '군단의 상륙', 'imageUrl': 'http://gatherer.wizards.com/Handlers/Image.ashx?multiverseid=436668&type=card', 'language': 'Korean', 'multiverseid': 436668}, {'name': 'Desembarque da Legião', 'imageUrl': 'http://gatherer.wizards.com/Handlers/Image.ashx?multiverseid=436967&type=card', 'language': 'Portuguese (Brazil)', 'multiverseid': 436967}, {'name': 'Высадка Легиона', 'imageUrl': 'http://gatherer.wizards.com/Handlers/Image.ashx?multiverseid=437266&type=card', 'language': 'Russian', 'multiverseid': 437266}, {'name': 'Desembarco de la Legión', 'imageUrl': 'http://gatherer.wizards.com/Handlers/Image.ashx?multiverseid=437565&type=card', 'language': 'Spanish', 'multiverseid': 437565}, {'name': '军团登陆', 'imageUrl': 'http://gatherer.wizards.com/Handlers/Image.ashx?multiverseid=437864&type=card', 'language': 'Chinese Simplified', 'multiverseid': 437864}, {'name': '軍團登陸', 'imageUrl': 'http://gatherer.wizards.com/Handlers/Image.ashx?multiverseid=438163&type=card', 'language': 'Chinese Traditional', 'multiverseid': 438163}]",['XLN'],"When Legion's Landing enters the battlefield, create a 1/1 white Vampire creature token with lifelink.
When you attack with three or more creatures, transform Legion's Landing.",Legendary Enchantment,"[{'format': 'Brawl', 'legality': 'Legal'}, {'format': 'Commander', 'legality': 'Legal'}, {'format': 'Legacy', 'legality': 'Legal'}, {'format': 'Modern', 'legality': 'Legal'}, {'format': 'Standard', 'legality': 'Legal'}, {'format': 'Vintage', 'legality': 'Legal'}]",7a366907f525344dfb2c50056778411a8ebd2417,Boros Weenie,,"[""Legion's Landing"", 'Adanto, the First Fort']",['Legendary'],
Plains,14,Plains,,0,,['W'],Basic Land — Plains,['Land'],['Plains'],Basic Land,UST,Unstable,,,John Avon,212,,,normal,439601,http://gatherer.wizards.com/Handlers/Image.ashx?multiverseid=439601&type=card,,,"['LEA', 'LEB', '2ED', 'CED', 'CEI', '3ED', '4ED', 'ICE', 'RQS', 'pARL', 'MIR', 'ITP', '5ED', 'POR', 'pPRE', 'TMP', 'pJGP', 'PO2', 'UGL', 'pALP', 'USG', 'ATH', '6ED', 'PTK', 'pGRU', 'S99', 'MMQ', 'BRB', 'pELP', 'S00', 'INV', '7ED', 'ODY', 'ONS', '8ED', 'MRD', 'CHK', 'UNH', '9ED', 'RAV', 'CST', 'TSP', '10E', 'MED', 'LRW', 'SHM', 'ALA', 'DDC', 'M10', 'HOP', 'ME3', 'ZEN', 'H09', 'DDE', 'ROE', 'ARC', 'M11', 'DDF', 'SOM', 'MBS', 'DDG', 'NPH', 'CMD', 'M12', 'DDH', 'ISD', 'DDI', 'AVR', 'PC2', 'M13', 'RTR', 'DDK', 'M14', 'DDL', 'THS', 'C13', 'MD1', 'M15', 'DDN', 'KTK', 'C14', 'DD3_DVD', 'FRF', 'DDO', 'DTK', 'TPR', 'ORI', 'DDP', 'BFZ', 'C15', 'DDQ', 'SOI', 'KLD', 'C16', 'PCA', 'AKH', 'CMA', 'E01', 'HOU', 'C17', 'XLN', 'UST', 'RIX', 'DOM', 'BBD', 'CM2', 'GS1', 'M19', 'C18']",,Basic Land — Plains,"[{'format': 'Brawl', 'legality': 'Legal'}, {'format': 'Commander', 'legality': 'Legal'}, {'format': 'Legacy', 'legality': 'Legal'}, {'format': 'Modern', 'legality': 'Legal'}, {'format': 'Standard', 'legality': 'Legal'}, {'format': 'Vintage', 'legality': 'Legal'}]",501440ed1f0814e9ba812ad9f36ff69053fd0b42,Boros Weenie,White,,['Basic'],
Pride of Conquerors,2,Pride of Conquerors,{1}{W},2,['White'],['W'],Instant,['Instant'],,Uncommon,RIX,Rivals of Ixalan,"Ascend (If you control ten or more permanents, you get the city's blessing for the rest of the game.)
Creatures you control get +1/+1 until end of turn. If you have the city's blessing, those creatures get +2/+2 until end of turn instead.",,Tomasz Jedruszek,17,,,normal,439674,http://gatherer.wizards.com/Handlers/Image.ashx?multiverseid=439674&type=card,"[{'date': '2018-01-19', 'text': ""Pride of Conquerors affects only creatures you control at the time it resolves. Creatures you begin to control later in the turn won't get a bonus.""}, {'date': '2018-01-19', 'text': ""How Pride of Conquerors affects your creatures is determined at the time it resolves. If you don't get the city's blessing until later in the turn, your creatures still only get +1/+1.""}, {'date': '2018-01-19', 'text': ""Once you have the city's blessing, you have it for the rest of the game, even if you lose control of some or all of your permanents. The city's blessing isn't a permanent itself and can't be removed by any effect.""}, {'date': '2018-01-19', 'text': ""A permanent is any object on the battlefield, including tokens and lands. Spells and emblems aren't permanents.""}, {'date': '2018-01-19', 'text': ""If you cast a spell with ascend, you don't get the city's blessing until it resolves. Players may respond to that spell by trying to change whether you get the city's blessing.""}, {'date': '2018-01-19', 'text': ""If you control ten permanents but don't control a permanent or resolving spell with ascend, you don't get the city's blessing. For example, if you control ten permanents, lose control of one, then cast Golden Demise, you won't have the city's blessing and the spell will affect creatures you control.""}, {'date': '2018-01-19', 'text': 'If your tenth permanent enters the battlefield and then a permanent leaves the battlefield immediately afterwards (most likely due to the ""Legend Rule"" or due to being a creature with 0 toughness), you get the city\'s blessing before it leaves the battlefield.'}]","[{'name': 'Stolz der Eroberer', 'imageUrl': 'http://gatherer.wizards.com/Handlers/Image.ashx?multiverseid=439877&type=card', 'language': 'German', 'multiverseid': 439877}, {'name': 'Orgullo de los conquistadores', 'imageUrl': 'http://gatherer.wizards.com/Handlers/Image.ashx?multiverseid=440080&type=card', 'language': 'Spanish', 'multiverseid': 440080}, {'name': 'Fierté des conquérants', 'imageUrl': 'http://gatherer.wizards.com/Handlers/Image.ashx?multiverseid=440283&type=card', 'language': 'French', 'multiverseid': 440283}, {'name': 'Orgoglio dei Conquistadores', 'imageUrl': 'http://gatherer.wizards.com/Handlers/Image.ashx?multiverseid=440486&type=card', 'language': 'Italian', 'multiverseid': 440486}, {'name': '征服者の誇り', 'imageUrl': 'http://gatherer.wizards.com/Handlers/Image.ashx?multiverseid=440689&type=card', 'language': 'Japanese', 'multiverseid': 440689}, {'name': '정복자의 자부심', 'imageUrl': 'http://gatherer.wizards.com/Handlers/Image.ashx?multiverseid=440892&type=card', 'language': 'Korean', 'multiverseid': 440892}, {'name': 'Orgulho dos Conquistadores', 'imageUrl': 'http://gatherer.wizards.com/Handlers/Image.ashx?multiverseid=441095&type=card', 'language': 'Portuguese (Brazil)', 'multiverseid': 441095}, {'name': 'Гордость Покорителей', 'imageUrl': 'http://gatherer.wizards.com/Handlers/Image.ashx?multiverseid=441298&type=card', 'language': 'Russian', 'multiverseid': 441298}, {'name': '征服者之傲', 'imageUrl': 'http://gatherer.wizards.com/Handlers/Image.ashx?multiverseid=441501&type=card', 'language': 'Chinese Simplified', 'multiverseid': 441501}, {'name': '征服者之傲', 'imageUrl': 'http://gatherer.wizards.com/Handlers/Image.ashx?multiverseid=441704&type=card', 'language': 'Chinese Traditional', 'multiverseid': 441704}]",['RIX'],"Ascend (If you control ten or more permanents, you get the city's blessing for the rest of the game.)
Creatures you control get +1/+1 until end of turn. If you have the city's blessing, those creatures get +2/+2 until end of turn instead.",Instant,"[{'format': 'Brawl', 'legality': 'Legal'}, {'format': 'Commander', 'legality': 'Legal'}, {'format': 'Legacy', 'legality': 'Legal'}, {'format': 'Modern', 'legality': 'Legal'}, {'format': 'Vintage', 'legality': 'Legal'}]",315b94bb206f6e2f7cc30c3e39e3c8de715fb8ad,Boros Weenie,,,,
Response // Resurgence,2,Guttural Response,{R/G},1,"['Red', 'Green']","['R', 'G']",Instant,['Instant'],,Uncommon,DDS,Duel Decks: Mind vs. Might,Counter target blue instant spell.,A savage cry with the power to shatter minds.,Ben Wootten,56,,,normal,426628,http://gatherer.wizards.com/Handlers/Image.ashx?multiverseid=426628&type=card,,"[{'name': '耳障りな反応', 'imageUrl': 'http://gatherer.wizards.com/Handlers/Image.ashx?multiverseid=426693&type=card', 'language': 'Japanese', 'multiverseid': 426693}]","['SHM', 'DDS']",Counter target blue instant spell.,Instant,"[{'format': 'Commander', 'legality': 'Legal'}, {'format': 'Legacy', 'legality': 'Legal'}, {'format': 'Modern', 'legality': 'Legal'}, {'format': 'Vintage', 'legality': 'Legal'}]",2badf8970f5b3b7e8f2d5e7b8443e3bd17b05879,Boros Weenie,,,,
Sacred Foundry,4,Sacred Foundry,,0,,"['W', 'R']",Land — Mountain Plains,['Land'],"['Mountain', 'Plains']",Mythic Rare,EXP,Zendikar Expeditions,"({T}: Add {R} or {W}.)
As Sacred Foundry enters the battlefield, you may pay 2 life. If you don't, Sacred Foundry enters the battlefield tapped.",,Noah Bradley,14,,,normal,405106,http://gatherer.wizards.com/Handlers/Image.ashx?multiverseid=405106&type=card,"[{'date': '2005-10-01', 'text': ""Has basic land types, but isn't a basic land. Things that affect basic lands don't affect it. For example, you can't find it with Civic Wayfinder.""}, {'date': '2005-10-01', 'text': ""If another effect (such as Loxodon Gatekeeper's ability) tells you to put lands onto the battlefield tapped, it enters the battlefield tapped whether you pay 2 life or not.""}, {'date': '2005-10-01', 'text': 'If multiple permanents with ""as enters the battlefield"" effects are entering the battlefield at the same time, process those effects one at a time, then put the permanents onto the battlefield all at once. For example, if you\'re at 3 life and an effect puts two of these onto the battlefield, you can pay 2 life for only one of them, not both.'}]",,"['RAV', 'GTC', 'EXP']","As Sacred Foundry enters the battlefield, you may pay 2 life. If you don't, Sacred Foundry enters the battlefield tapped.",Land — Mountain Plains,"[{'format': 'Commander', 'legality': 'Legal'}, {'format': 'Legacy', 'legality': 'Legal'}, {'format': 'Modern', 'legality': 'Legal'}, {'format': 'Vintage', 'legality': 'Legal'}]",9cf179b4d5fa96385266a319f0107c179515486e,Boros Weenie,,,,
Skymarcher Aspirant,4,Skymarcher Aspirant,{W},1,['White'],['W'],Creature — Vampire Soldier,['Creature'],"['Vampire', 'Soldier']",Uncommon,RIX,Rivals of Ixalan,"Ascend (If you control ten or more permanents, you get the city's blessing for the rest of the game.)
Skymarcher Aspirant has flying as long as you have the city's blessing.","""I was born to glory.""",Winona Nelson,21,2,1,normal,439678,http://gatherer.wizards.com/Handlers/Image.ashx?multiverseid=439678&type=card,"[{'date': '2018-01-19', 'text': ""Once you have the city's blessing, you have it for the rest of the game, even if you lose control of some or all of your permanents. The city's blessing isn't a permanent itself and can't be removed by any effect.""}, {'date': '2018-01-19', 'text': ""A permanent is any object on the battlefield, including tokens and lands. Spells and emblems aren't permanents.""}, {'date': '2018-01-19', 'text': ""If you cast a spell with ascend, you don't get the city's blessing until it resolves. Players may respond to that spell by trying to change whether you get the city's blessing.""}, {'date': '2018-01-19', 'text': ""If you control ten permanents but don't control a permanent or resolving spell with ascend, you don't get the city's blessing. For example, if you control ten permanents, lose control of one, then cast Golden Demise, you won't have the city's blessing and the spell will affect creatures you control.""}, {'date': '2018-01-19', 'text': 'If your tenth permanent enters the battlefield and then a permanent leaves the battlefield immediately afterwards (most likely due to the ""Legend Rule"" or due to being a creature with 0 toughness), you get the city\'s blessing before it leaves the battlefield.'}, {'date': '2018-01-19', 'text': ""Ascend on a permanent isn't a triggered ability and doesn't use the stack. Players can respond to a spell that will give you your tenth permanent, but they can't respond to getting the city's blessing once you control that tenth permanent. This means that if your tenth permanent is a land you play, players can't respond before you get the city's blessing.""}, {'date': '2018-01-19', 'text': ""Some cards get power, toughness, and/or abilities once you have the city's blessing. If another card has an ability that triggers when creatures with certain characteristics enter the battlefield (such as Mentor of the Meek or Elemental Bond do), use the entering permanent's characteristics after you have the city's blessing to determine whether those abilities trigger. This is true even if the entering permanent is your tenth permanent.""}]","[{'name': 'Aufstrebende Wolkenläuferin', 'imageUrl': 'http://gatherer.wizards.com/Handlers/Image.ashx?multiverseid=439881&type=card', 'language': 'German', 'multiverseid': 439881}, {'name': 'Aspirante a huesteceleste', 'imageUrl': 'http://gatherer.wizards.com/Handlers/Image.ashx?multiverseid=440084&type=card', 'language': 'Spanish', 'multiverseid': 440084}, {'name': 'Aspirante marcheciel', 'imageUrl': 'http://gatherer.wizards.com/Handlers/Image.ashx?multiverseid=440287&type=card', 'language': 'French', 'multiverseid': 440287}, {'name': 'Aspirante Aerofante', 'imageUrl': 'http://gatherer.wizards.com/Handlers/Image.ashx?multiverseid=440490&type=card', 'language': 'Italian', 'multiverseid': 440490}, {'name': '空渡りの野心家', 'imageUrl': 'http://gatherer.wizards.com/Handlers/Image.ashx?multiverseid=440693&type=card', 'language': 'Japanese', 'multiverseid': 440693}, {'name': '하늘진군자 지망생', 'imageUrl': 'http://gatherer.wizards.com/Handlers/Image.ashx?multiverseid=440896&type=card', 'language': 'Korean', 'multiverseid': 440896}, {'name': 'Aspirante a Marchadora Celeste', 'imageUrl': 'http://gatherer.wizards.com/Handlers/Image.ashx?multiverseid=441099&type=card', 'language': 'Portuguese (Brazil)', 'multiverseid': 441099}, {'name': 'Дерзновенная Странница Заката', 'imageUrl': 'http://gatherer.wizards.com/Handlers/Image.ashx?multiverseid=441302&type=card', 'language': 'Russian', 'multiverseid': 441302}, {'name': '野心天行客', 'imageUrl': 'http://gatherer.wizards.com/Handlers/Image.ashx?multiverseid=441505&type=card', 'language': 'Chinese Simplified', 'multiverseid': 441505}, {'name': '野心天行客', 'imageUrl': 'http://gatherer.wizards.com/Handlers/Image.ashx?multiverseid=441708&type=card', 'language': 'Chinese Traditional', 'multiverseid': 441708}]",['RIX'],"Ascend (If you control ten or more permanents, you get the city's blessing for the rest of the game.)
Skymarcher Aspirant has flying as long as you have the city's blessing.",Creature — Vampire Soldier,"[{'format': 'Brawl', 'legality': 'Legal'}, {'format': 'Commander', 'legality': 'Legal'}, {'format': 'Legacy', 'legality': 'Legal'}, {'format': 'Modern', 'legality': 'Legal'}, {'format': 'Vintage', 'legality': 'Legal'}]",d92f9e438fd64a66ed5699afdddce29abd6310ef,Boros Weenie,,,,
Snubhorn Sentry,4,Snubhorn Sentry,{W},1,['White'],['W'],Creature — Dinosaur,['Creature'],['Dinosaur'],Common,RIX,Rivals of Ixalan,"Ascend (If you control ten or more permanents, you get the city's blessing for the rest of the game.)
Snubhorn Sentry gets +3/+0 as long as you have the city's blessing.","They're fun to train—if you like stubborn, aggressive, and fiercely territorial.",Aaron Miller,23,0,3,normal,439680,http://gatherer.wizards.com/Handlers/Image.ashx?multiverseid=439680&type=card,"[{'date': '2018-01-19', 'text': ""Once you have the city's blessing, you have it for the rest of the game, even if you lose control of some or all of your permanents. The city's blessing isn't a permanent itself and can't be removed by any effect.""}, {'date': '2018-01-19', 'text': ""A permanent is any object on the battlefield, including tokens and lands. Spells and emblems aren't permanents.""}, {'date': '2018-01-19', 'text': ""If you cast a spell with ascend, you don't get the city's blessing until it resolves. Players may respond to that spell by trying to change whether you get the city's blessing.""}, {'date': '2018-01-19', 'text': ""If you control ten permanents but don't control a permanent or resolving spell with ascend, you don't get the city's blessing. For example, if you control ten permanents, lose control of one, then cast Golden Demise, you won't have the city's blessing and the spell will affect creatures you control.""}, {'date': '2018-01-19', 'text': 'If your tenth permanent enters the battlefield and then a permanent leaves the battlefield immediately afterwards (most likely due to the ""Legend Rule"" or due to being a creature with 0 toughness), you get the city\'s blessing before it leaves the battlefield.'}, {'date': '2018-01-19', 'text': ""Ascend on a permanent isn't a triggered ability and doesn't use the stack. Players can respond to a spell that will give you your tenth permanent, but they can't respond to getting the city's blessing once you control that tenth permanent. This means that if your tenth permanent is a land you play, players can't respond before you get the city's blessing.""}, {'date': '2018-01-19', 'text': ""Some cards get power, toughness, and/or abilities once you have the city's blessing. If another card has an ability that triggers when creatures with certain characteristics enter the battlefield (such as Mentor of the Meek or Elemental Bond do), use the entering permanent's characteristics after you have the city's blessing to determine whether those abilities trigger. This is true even if the entering permanent is your tenth permanent.""}]","[{'name': 'Stumpfhorn-Wachposten', 'imageUrl': 'http://gatherer.wizards.com/Handlers/Image.ashx?multiverseid=439883&type=card', 'language': 'German', 'multiverseid': 439883}, {'name': 'Cuernorromo vigilante', 'imageUrl': 'http://gatherer.wizards.com/Handlers/Image.ashx?multiverseid=440086&type=card', 'language': 'Spanish', 'multiverseid': 440086}, {'name': 'Sentinelle retroussecorne', 'imageUrl': 'http://gatherer.wizards.com/Handlers/Image.ashx?multiverseid=440289&type=card', 'language': 'French', 'multiverseid': 440289}, {'name': 'Cornotozzo da Guardia', 'imageUrl': 'http://gatherer.wizards.com/Handlers/Image.ashx?multiverseid=440492&type=card', 'language': 'Italian', 'multiverseid': 440492}, {'name': '短角獣の歩哨', 'imageUrl': 'http://gatherer.wizards.com/Handlers/Image.ashx?multiverseid=440695&type=card', 'language': 'Japanese', 'multiverseid': 440695}, {'name': '뭉툭뿔 보초병', 'imageUrl': 'http://gatherer.wizards.com/Handlers/Image.ashx?multiverseid=440898&type=card', 'language': 'Korean', 'multiverseid': 440898}, {'name': 'Sentinela Nodocórnea', 'imageUrl': 'http://gatherer.wizards.com/Handlers/Image.ashx?multiverseid=441101&type=card', 'language': 'Portuguese (Brazil)', 'multiverseid': 441101}, {'name': 'Сторожевой Тупорог', 'imageUrl': 'http://gatherer.wizards.com/Handlers/Image.ashx?multiverseid=441304&type=card', 'language': 'Russian', 'multiverseid': 441304}, {'name': '哨卫短角龙', 'imageUrl': 'http://gatherer.wizards.com/Handlers/Image.ashx?multiverseid=441507&type=card', 'language': 'Chinese Simplified', 'multiverseid': 441507}, {'name': '哨衛短角龍', 'imageUrl': 'http://gatherer.wizards.com/Handlers/Image.ashx?multiverseid=441710&type=card', 'language': 'Chinese Traditional', 'multiverseid': 441710}]",['RIX'],"Ascend (If you control ten or more permanents, you get the city's blessing for the rest of the game.)
Snubhorn Sentry gets +3/+0 as long as you have the city's blessing.",Creature — Dinosaur,"[{'format': 'Brawl', 'legality': 'Legal'}, {'format': 'Commander', 'legality': 'Legal'}, {'format': 'Legacy', 'legality': 'Legal'}, {'format': 'Modern', 'legality': 'Legal'}, {'format': 'Vintage', 'legality': 'Legal'}]",4e3a5bba66d64a617f781b3bfa2c42f922dfde84,Boros Weenie,,,,
Tocatli Honor Guard,4,Tocatli Honor Guard,{1}{W},2,['White'],['W'],Creature — Human Soldier,['Creature'],"['Human', 'Soldier']",Rare,XLN,Ixalan,Creatures entering the battlefield don't cause abilities to trigger.,"The glorious city of Pachatupa is the center of the Sun Empire, and Tocatli, the emperor's palace, is its glowing heart.",Sara Winters,42,1,3,normal,435194,http://gatherer.wizards.com/Handlers/Image.ashx?multiverseid=435194&type=card,"[{'date': '2017-09-29', 'text': 'Triggered abilities use the word ""when,"" ""whenever,"" or ""at."" They\'re usually written as ""[Trigger condition], [effect].""'}, {'date': '2017-09-29', 'text': 'Replacement effects, such as a permanent entering the battlefield tapped or with counters on it, are unaffected. Abilities that apply ""as [this creature] enters the battlefield"" are replacement effects.'}, {'date': '2017-09-29', 'text': ""Tocatli Honor Guard's ability stops a creature's own enters-the-battlefield triggered abilities as well as other triggered abilities that would trigger when a creature enters the battlefield. This includes abilities that would trigger when Tocatli Honor Guard itself enters the battlefield.""}, {'date': '2017-09-29', 'text': 'The trigger event doesn\'t have to specify ""creatures"" entering the battlefield. For example, Contraband Kingpin has an ability that says ""Whenever an artifact enters the battlefield under your control, scry 1."" If an artifact creature enters the battlefield under your control, that ability won\'t trigger. If a noncreature artifact enters the battlefield under your control, the ability will trigger.'}, {'date': '2017-09-29', 'text': 'Look at the permanent as it exists on the battlefield, taking into account continuous effects, to determine whether any triggered abilities will trigger. For example, if you control March of the Machines, which says, in part, ""Each noncreature artifact is an artifact creature,"" each artifact will be a creature at the time it enters the battlefield and will not cause triggered abilities to trigger.'}, {'date': '2017-09-29', 'text': 'If Tocatli Honor Guard and another creature enter the battlefield at the same time, neither creature entering the battlefield will cause triggered abilities to trigger.'}]","[{'name': 'Tocatli-Ehrengarde', 'imageUrl': 'http://gatherer.wizards.com/Handlers/Image.ashx?multiverseid=435493&type=card', 'language': 'German', 'multiverseid': 435493}, {'name': ""Garde d'honneur de Tocatli"", 'imageUrl': 'http://gatherer.wizards.com/Handlers/Image.ashx?multiverseid=435792&type=card', 'language': 'French', 'multiverseid': 435792}, {'name': ""Guardia d'Onore di Toxatli"", 'imageUrl': 'http://gatherer.wizards.com/Handlers/Image.ashx?multiverseid=436091&type=card', 'language': 'Italian', 'multiverseid': 436091}, {'name': 'トカートリの儀仗兵', 'imageUrl': 'http://gatherer.wizards.com/Handlers/Image.ashx?multiverseid=436390&type=card', 'language': 'Japanese', 'multiverseid': 436390}, {'name': '토카틀리 의장대', 'imageUrl': 'http://gatherer.wizards.com/Handlers/Image.ashx?multiverseid=436689&type=card', 'language': 'Korean', 'multiverseid': 436689}, {'name': 'Guarda de Honra do Tocatli', 'imageUrl': 'http://gatherer.wizards.com/Handlers/Image.ashx?multiverseid=436988&type=card', 'language': 'Portuguese (Brazil)', 'multiverseid': 436988}, {'name': 'Почетный Караул Токатли', 'imageUrl': 'http://gatherer.wizards.com/Handlers/Image.ashx?multiverseid=437287&type=card', 'language': 'Russian', 'multiverseid': 437287}, {'name': 'Guardia de honor de Tocatli', 'imageUrl': 'http://gatherer.wizards.com/Handlers/Image.ashx?multiverseid=437586&type=card', 'language': 'Spanish', 'multiverseid': 437586}, {'name': '托卡特理仪队兵', 'imageUrl': 'http://gatherer.wizards.com/Handlers/Image.ashx?multiverseid=437885&type=card', 'language': 'Chinese Simplified', 'multiverseid': 437885}, {'name': '托卡特理儀隊兵', 'imageUrl': 'http://gatherer.wizards.com/Handlers/Image.ashx?multiverseid=438184&type=card', 'language': 'Chinese Traditional', 'multiverseid': 438184}]",['XLN'],Creatures entering the battlefield don't cause abilities to trigger.,Creature — Human Soldier,"[{'format': 'Brawl', 'legality': 'Legal'}, {'format': 'Commander', 'legality': 'Legal'}, {'format': 'Legacy', 'legality': 'Legal'}, {'format': 'Modern', 'legality': 'Legal'}, {'format': 'Standard', 'legality': 'Legal'}, {'format': 'Vintage', 'legality': 'Legal'}]",acfa8e3e9995459434fb9c1d5a2eccfb766eb6d4,Boros Weenie,,,,
Venerated Loxodon,4,Venerated Loxodon,{4}{W},5,['White'],['W'],Creature — Elephant Cleric,['Creature'],"['Elephant', 'Cleric']",Rare,GRN,Guilds of Ravnica,"Convoke (Your creatures can help cast this spell. Each creature you tap while casting this spell pays for {1} or one mana of that creature's color.)
When Venerated Loxodon enters the battlefield, put a +1/+1 counter on each creature that convoked it.",,Zack Stella,30,4,4,normal,452780,http://gatherer.wizards.com/Handlers/Image.ashx?multiverseid=452780&type=card,"[{'date': '2018-10-05', 'text': ""You can't tap more creatures to convoke Venerated Loxodon than it takes to pay for its total cost. This means that normally no more than five creatures can convoke it.""}, {'date': '2018-10-05', 'text': ""You can tap an untapped creature you haven't controlled continuously since the beginning of your most recent turn to convoke a spell.""}, {'date': '2018-10-05', 'text': ""Convoke doesn't change a spell's mana cost or converted mana cost.""}, {'date': '2018-10-05', 'text': ""When calculating a spell's total cost, include any alternative costs, additional costs, or anything else that increases or reduces the cost to cast the spell. Convoke applies after the total cost is calculated.""}, {'date': '2018-10-05', 'text': ""Because convoke isn't an alternative cost, it can be used in conjunction with alternative costs.""}, {'date': '2018-10-05', 'text': ""Tapping a multicolored creature using convoke will pay for {1} or one mana of your choice of any of that creature's colors.""}, {'date': '2018-10-05', 'text': ""When using convoke to cast a spell with {X} in its mana cost, first choose the value for X. That choice, plus any cost increases or decreases, will determine the spell's total cost. Then you can tap creatures you control to help pay that cost. For example, if you cast Worldsoul Colossus (a spell with convoke and mana cost {X}{G}{W}) and choose X to be 3, the total cost is {3}{G}{W}. If you tap two green creatures and two white creatures, you'll have to pay {1}.""}, {'date': '2018-10-05', 'text': ""If a creature you control has a mana ability with {T} in the cost, activating that ability while casting a spell with convoke will result in the creature being tapped before you pay the spell's costs. You won't be able to tap it again for convoke. Similarly, if you sacrifice a creature to activate a mana ability while casting a spell with convoke, that creature won't be on the battlefield when you pay the spell's costs, so you won't be able to tap it for convoke.""}]","[{'name': 'Verehrtes Loxodon', 'imageUrl': 'http://gatherer.wizards.com/Handlers/Image.ashx?multiverseid=453039&type=card', 'language': 'German', 'multiverseid': 453039}, {'name': 'Loxodón venerado', 'imageUrl': 'http://gatherer.wizards.com/Handlers/Image.ashx?multiverseid=453298&type=card', 'language': 'Spanish', 'multiverseid': 453298}, {'name': 'Loxodon vénéré', 'imageUrl': 'http://gatherer.wizards.com/Handlers/Image.ashx?multiverseid=453557&type=card', 'language': 'French', 'multiverseid': 453557}, {'name': 'Lossodonte Venerato', 'imageUrl': 'http://gatherer.wizards.com/Handlers/Image.ashx?multiverseid=453816&type=card', 'language': 'Italian', 'multiverseid': 453816}, {'name': '敬慕されるロクソドン', 'imageUrl': 'http://gatherer.wizards.com/Handlers/Image.ashx?multiverseid=454075&type=card', 'language': 'Japanese', 'multiverseid': 454075}, {'name': '존경받는 록소돈', 'imageUrl': 'http://gatherer.wizards.com/Handlers/Image.ashx?multiverseid=454334&type=card', 'language': 'Korean', 'multiverseid': 454334}, {'name': 'Loxodonte Venerado', 'imageUrl': 'http://gatherer.wizards.com/Handlers/Image.ashx?multiverseid=454593&type=card', 'language': 'Portuguese (Brazil)', 'multiverseid': 454593}, {'name': 'Почтенный Локсодон', 'imageUrl': 'http://gatherer.wizards.com/Handlers/Image.ashx?multiverseid=454852&type=card', 'language': 'Russian', 'multiverseid': 454852}, {'name': '景仰象族', 'imageUrl': 'http://gatherer.wizards.com/Handlers/Image.ashx?multiverseid=455111&type=card', 'language': 'Chinese Simplified', 'multiverseid': 455111}, {'name': '景仰象族', 'imageUrl': 'http://gatherer.wizards.com/Handlers/Image.ashx?multiverseid=455370&type=card', 'language': 'Chinese Traditional', 'multiverseid': 455370}]",['GRN'],"Convoke <i>(Your creatures can help cast this spell. Each creature you tap while casting this spell pays for {1} or one mana of that creature's color.)</i>
When Venerated Loxodon enters the battlefield, put a +1/+1 counter on each creature that convoked it.",Creature — Elephant Cleric,,03f77260240f0fa6d499fdbceae38ce2c0d72fd3,Boros Weenie,Selesnya,,,
