,quantity,name,manaCost,cmc,colors,colorIdentity,type,types,subtypes,rarity,set,setName,text,artist,number,power,toughness,layout,multiverseid,imageUrl,watermark,rulings,foreignNames,printings,originalText,originalType,id,Deck,supertypes,loyalty,legalities,flavor,names,releaseDate,source
Blink of an Eye,1,Blink of an Eye,{1}{U},2,['Blue'],['U'],Instant,['Instant'],,Common,DOM,Dominaria,"Kicker {1}{U} (You may pay an additional {1}{U} as you cast this spell.)
Return target nonland permanent to its owner's hand. If this spell was kicked, draw a card.",Igor Kieryluk,46,,,normal,442934.0,http://gatherer.wizards.com/Handlers/Image.ashx?multiverseid=442934&type=card,,"[{'date': '2018-04-27', 'text': ""If the target nonland permanent is an illegal target by the time Blink of an Eye tries to resolve, the spell doesn't resolve. You won't draw a card if it was kicked.""}]","[{'name': 'Von Augenblick zu Augenblick', 'imageUrl': 'http://gatherer.wizards.com/Handlers/Image.ashx?multiverseid=443203&type=card', 'language': 'German', 'multiverseid': 443203}, {'name': 'Abrir y cerrar de ojos', 'imageUrl': 'http://gatherer.wizards.com/Handlers/Image.ashx?multiverseid=443472&type=card', 'language': 'Spanish', 'multiverseid': 443472}, {'name': ""Clin d'œil"", 'imageUrl': 'http://gatherer.wizards.com/Handlers/Image.ashx?multiverseid=443741&type=card', 'language': 'French', 'multiverseid': 443741}, {'name': ""Batter d'Occhio"", 'imageUrl': 'http://gatherer.wizards.com/Handlers/Image.ashx?multiverseid=444010&type=card', 'language': 'Italian', 'multiverseid': 444010}, {'name': '一瞬', 'imageUrl': 'http://gatherer.wizards.com/Handlers/Image.ashx?multiverseid=444279&type=card', 'language': 'Japanese', 'multiverseid': 444279}, {'name': '눈 깜빡이기', 'imageUrl': 'http://gatherer.wizards.com/Handlers/Image.ashx?multiverseid=444548&type=card', 'language': 'Korean', 'multiverseid': 444548}, {'name': 'Piscar de Olhos', 'imageUrl': 'http://gatherer.wizards.com/Handlers/Image.ashx?multiverseid=444817&type=card', 'language': 'Portuguese (Brazil)', 'multiverseid': 444817}, {'name': 'Мгновение Ока', 'imageUrl': 'http://gatherer.wizards.com/Handlers/Image.ashx?multiverseid=445086&type=card', 'language': 'Russian', 'multiverseid': 445086}, {'name': '眨眼即逝', 'imageUrl': 'http://gatherer.wizards.com/Handlers/Image.ashx?multiverseid=445355&type=card', 'language': 'Chinese Simplified', 'multiverseid': 445355}, {'name': '眨眼即逝', 'imageUrl': 'http://gatherer.wizards.com/Handlers/Image.ashx?multiverseid=445624&type=card', 'language': 'Chinese Traditional', 'multiverseid': 445624}]",['DOM'],"Kicker {1}{U} (You may pay an additional {1}{U} as you cast this spell.)
Return target nonland permanent to its owner's hand. If this spell was kicked, draw a card.",Instant,2adff7f333d22918b603680fd2e6c79beb8ac7a0,Dimir Control,,,"[{'format': 'Brawl', 'legality': 'Legal'}, {'format': 'Commander', 'legality': 'Legal'}, {'format': 'Legacy', 'legality': 'Legal'}, {'format': 'Modern', 'legality': 'Legal'}, {'format': 'Vintage', 'legality': 'Legal'}]",,,,
Blood Operative,2,Blood Operative,{1}{B}{B},3,['Black'],['B'],Creature — Vampire Assassin,['Creature'],"['Vampire', 'Assassin']",Rare,GRN,Guilds of Ravnica,"Lifelink
When Blood Operative enters the battlefield, you may exile target card from a graveyard.
Whenever you surveil, if Blood Operative is in your graveyard, you may pay 3 life. If you do, return Blood Operative to your hand.",Livia Prima,63,3,1,normal,452813.0,http://gatherer.wizards.com/Handlers/Image.ashx?multiverseid=452813&type=card,Dimir,"[{'date': '2018-10-05', 'text': ""If you surveil and put Blood Operative into your graveyard as you do so, its ability triggers once you've finished surveilling.""}, {'date': '2018-10-05', 'text': 'No player may take actions between the time you choose to pay 3 life and the time you return Blood Operative to your hand.'}, {'date': '2018-10-05', 'text': 'An ability that triggers ""whenever you surveil"" triggers after you\'re done surveilling, even if you have fewer cards in your library than the number of cards you\'re instructed to surveil. It even triggers if you have no cards in your library.'}]","[{'name': 'Blutagent', 'imageUrl': 'http://gatherer.wizards.com/Handlers/Image.ashx?multiverseid=453072&type=card', 'language': 'German', 'multiverseid': 453072}, {'name': 'Ejecutor sangriento', 'imageUrl': 'http://gatherer.wizards.com/Handlers/Image.ashx?multiverseid=453331&type=card', 'language': 'Spanish', 'multiverseid': 453331}, {'name': 'Agent de sang', 'imageUrl': 'http://gatherer.wizards.com/Handlers/Image.ashx?multiverseid=453590&type=card', 'language': 'French', 'multiverseid': 453590}, {'name': 'Agente Sanguinario', 'imageUrl': 'http://gatherer.wizards.com/Handlers/Image.ashx?multiverseid=453849&type=card', 'language': 'Italian', 'multiverseid': 453849}, {'name': '血の刺客', 'imageUrl': 'http://gatherer.wizards.com/Handlers/Image.ashx?multiverseid=454108&type=card', 'language': 'Japanese', 'multiverseid': 454108}, {'name': '피의 첩보원', 'imageUrl': 'http://gatherer.wizards.com/Handlers/Image.ashx?multiverseid=454367&type=card', 'language': 'Korean', 'multiverseid': 454367}, {'name': 'Agente Sanguinário', 'imageUrl': 'http://gatherer.wizards.com/Handlers/Image.ashx?multiverseid=454626&type=card', 'language': 'Portuguese (Brazil)', 'multiverseid': 454626}, {'name': 'Кровавый Агент', 'imageUrl': 'http://gatherer.wizards.com/Handlers/Image.ashx?multiverseid=454885&type=card', 'language': 'Russian', 'multiverseid': 454885}, {'name': '鲜血特务', 'imageUrl': 'http://gatherer.wizards.com/Handlers/Image.ashx?multiverseid=455144&type=card', 'language': 'Chinese Simplified', 'multiverseid': 455144}, {'name': '鮮血特務', 'imageUrl': 'http://gatherer.wizards.com/Handlers/Image.ashx?multiverseid=455403&type=card', 'language': 'Chinese Traditional', 'multiverseid': 455403}]",['GRN'],"Lifelink
When Blood Operative enters the battlefield, you may exile target card from a graveyard.
Whenever you surveil, if Blood Operative is in your graveyard, you may pay 3 life. If you do, return Blood Operative to your hand.",Creature — Vampire Assassin,d33ce3573663bd065557c7710481b568400b0b25,Dimir Control,,,,,,,
Cast Down,1,Cast Down,{1}{B},2,['Black'],['B'],Instant,['Instant'],,Uncommon,DOM,Dominaria,Destroy target nonlegendary creature.,Bastien L. Deharme,81,,,normal,442969.0,http://gatherer.wizards.com/Handlers/Image.ashx?multiverseid=442969&type=card,,,"[{'name': 'Niederschlagen', 'imageUrl': 'http://gatherer.wizards.com/Handlers/Image.ashx?multiverseid=443238&type=card', 'language': 'German', 'multiverseid': 443238}, {'name': 'Caer en el olvido', 'imageUrl': 'http://gatherer.wizards.com/Handlers/Image.ashx?multiverseid=443507&type=card', 'language': 'Spanish', 'multiverseid': 443507}, {'name': 'Réduit à néant', 'imageUrl': 'http://gatherer.wizards.com/Handlers/Image.ashx?multiverseid=443776&type=card', 'language': 'French', 'multiverseid': 443776}, {'name': 'Prostrare', 'imageUrl': 'http://gatherer.wizards.com/Handlers/Image.ashx?multiverseid=444045&type=card', 'language': 'Italian', 'multiverseid': 444045}, {'name': '喪心', 'imageUrl': 'http://gatherer.wizards.com/Handlers/Image.ashx?multiverseid=444314&type=card', 'language': 'Japanese', 'multiverseid': 444314}, {'name': '넘어뜨리기', 'imageUrl': 'http://gatherer.wizards.com/Handlers/Image.ashx?multiverseid=444583&type=card', 'language': 'Korean', 'multiverseid': 444583}, {'name': 'Demover', 'imageUrl': 'http://gatherer.wizards.com/Handlers/Image.ashx?multiverseid=444852&type=card', 'language': 'Portuguese (Brazil)', 'multiverseid': 444852}, {'name': 'Повергнуть в Прах', 'imageUrl': 'http://gatherer.wizards.com/Handlers/Image.ashx?multiverseid=445121&type=card', 'language': 'Russian', 'multiverseid': 445121}, {'name': '湮灭', 'imageUrl': 'http://gatherer.wizards.com/Handlers/Image.ashx?multiverseid=445390&type=card', 'language': 'Chinese Simplified', 'multiverseid': 445390}, {'name': '湮滅', 'imageUrl': 'http://gatherer.wizards.com/Handlers/Image.ashx?multiverseid=445659&type=card', 'language': 'Chinese Traditional', 'multiverseid': 445659}]",['DOM'],Destroy target nonlegendary creature.,Instant,2f5e1d31d1a464082a69b9cee613230318a6b5e6,Dimir Control,,,"[{'format': 'Brawl', 'legality': 'Legal'}, {'format': 'Commander', 'legality': 'Legal'}, {'format': 'Legacy', 'legality': 'Legal'}, {'format': 'Modern', 'legality': 'Legal'}, {'format': 'Vintage', 'legality': 'Legal'}]","""Your life is finished, your name lost, and your work forgotten. It is as though Mazeura never existed.""
—Chainer's Torment",,,
Chemister's Insight,1,Chemister's Insight,{3}{U},4,['Blue'],['U'],Instant,['Instant'],,Uncommon,GRN,Guilds of Ravnica,"Draw two cards.
Jump-start (You may cast this card from your graveyard by discarding a card in addition to paying its other costs. Then exile this card.)",Josh Hass,32,,,normal,452782.0,http://gatherer.wizards.com/Handlers/Image.ashx?multiverseid=452782&type=card,Izzet,"[{'date': '2018-10-05', 'text': ""You must still follow any timing restrictions and permissions, including those based on the card's type. For instance, you can cast a sorcery using jump-start only when you could normally cast a sorcery.""}, {'date': '2018-10-05', 'text': ""A spell cast using jump-start will always be exiled afterward, whether it resolves, it's countered, or it leaves the stack in some other way.""}, {'date': '2018-10-05', 'text': ""If an effect allows you to pay an alternative cost rather than a spell's mana cost, you may pay that alternative cost when you jump-start a spell. You'll still discard a card as an additional cost to cast it.""}, {'date': '2018-10-05', 'text': ""If a card with jump-start is put into your graveyard during your turn, you'll be able to cast it right away if it's legal to do so, before an opponent can take any actions.""}]","[{'name': 'Einblick des Chemisters', 'imageUrl': 'http://gatherer.wizards.com/Handlers/Image.ashx?multiverseid=453041&type=card', 'language': 'German', 'multiverseid': 453041}, {'name': 'Perspicacia de la quimista', 'imageUrl': 'http://gatherer.wizards.com/Handlers/Image.ashx?multiverseid=453300&type=card', 'language': 'Spanish', 'multiverseid': 453300}, {'name': 'Perspicacité du chimiste', 'imageUrl': 'http://gatherer.wizards.com/Handlers/Image.ashx?multiverseid=453559&type=card', 'language': 'French', 'multiverseid': 453559}, {'name': 'Intuizione della Chimimaga', 'imageUrl': 'http://gatherer.wizards.com/Handlers/Image.ashx?multiverseid=453818&type=card', 'language': 'Italian', 'multiverseid': 453818}, {'name': '薬術師の眼識', 'imageUrl': 'http://gatherer.wizards.com/Handlers/Image.ashx?multiverseid=454077&type=card', 'language': 'Japanese', 'multiverseid': 454077}, {'name': '화학술사의 통찰력', 'imageUrl': 'http://gatherer.wizards.com/Handlers/Image.ashx?multiverseid=454336&type=card', 'language': 'Korean', 'multiverseid': 454336}, {'name': 'Visão da Quimiomante', 'imageUrl': 'http://gatherer.wizards.com/Handlers/Image.ashx?multiverseid=454595&type=card', 'language': 'Portuguese (Brazil)', 'multiverseid': 454595}, {'name': 'Озарение Химика', 'imageUrl': 'http://gatherer.wizards.com/Handlers/Image.ashx?multiverseid=454854&type=card', 'language': 'Russian', 'multiverseid': 454854}, {'name': '化学师的洞察', 'imageUrl': 'http://gatherer.wizards.com/Handlers/Image.ashx?multiverseid=455113&type=card', 'language': 'Chinese Simplified', 'multiverseid': 455113}, {'name': '化學師的洞察', 'imageUrl': 'http://gatherer.wizards.com/Handlers/Image.ashx?multiverseid=455372&type=card', 'language': 'Chinese Traditional', 'multiverseid': 455372}]",['GRN'],"Draw two cards.
Jump-start <i>(You may cast this card from your graveyard by discarding a card in addition to paying its other costs. Then exile this card.)</i>",Instant,303f593d68c41ec5760a2120e319b6dadaac29f8,Dimir Control,,,,"""My specialty is theoretical universal limits and ways to circumvent them.""",,,
Discovery // Dispersal,3,Grim Discovery,{1}{B},2,['Black'],['B'],Sorcery,['Sorcery'],,Common,DDR,Duel Decks: Nissa vs. Ob Nixilis,"Choose one or both —
• Return target creature card from your graveyard to your hand.
• Return target land card from your graveyard to your hand.",Christopher Moeller,51,,,normal,417474.0,http://gatherer.wizards.com/Handlers/Image.ashx?multiverseid=417474&type=card,,,"[{'name': '不気味な発見', 'imageUrl': 'http://gatherer.wizards.com/Handlers/Image.ashx?multiverseid=417549&type=card', 'language': 'Japanese', 'multiverseid': 417549}]","['ZEN', 'DDR']","Choose one or both —
• Return target creature card from your graveyard to your hand.
• Return target land card from your graveyard to your hand.",Sorcery,ac6c779db4c809cc18d1461b40f7cd0a66c6d8bf,Dimir Control,,,"[{'format': 'Commander', 'legality': 'Legal'}, {'format': 'Legacy', 'legality': 'Legal'}, {'format': 'Modern', 'legality': 'Legal'}, {'format': 'Vintage', 'legality': 'Legal'}]",Few among the living understand just how much of their world is shaped by the ruins of the dead.,,,
Disinformation Campaign,1,Disinformation Campaign,{1}{U}{B},3,"['Blue', 'Black']","['U', 'B']",Enchantment,['Enchantment'],,Uncommon,GRN,Guilds of Ravnica,"When Disinformation Campaign enters the battlefield, you draw a card and each opponent discards a card.
Whenever you surveil, return Disinformation Campaign to its owner's hand.",Anthony Palumbo,167,,,normal,452917.0,http://gatherer.wizards.com/Handlers/Image.ashx?multiverseid=452917&type=card,Dimir,"[{'date': '2018-10-05', 'text': ""Disinformation Campaign's last ability triggers only if it's on the battlefield. It won't return from your graveyard.""}, {'date': '2018-10-05', 'text': 'An ability that triggers ""whenever you surveil"" triggers after you\'re done surveilling, even if you have fewer cards in your library than the number of cards you\'re instructed to surveil. It even triggers if you have no cards in your library.'}]","[{'name': 'Desinformationskampagne', 'imageUrl': 'http://gatherer.wizards.com/Handlers/Image.ashx?multiverseid=453176&type=card', 'language': 'German', 'multiverseid': 453176}, {'name': 'Campaña de desinformación', 'imageUrl': 'http://gatherer.wizards.com/Handlers/Image.ashx?multiverseid=453435&type=card', 'language': 'Spanish', 'multiverseid': 453435}, {'name': 'Campagne de désinformation', 'imageUrl': 'http://gatherer.wizards.com/Handlers/Image.ashx?multiverseid=453694&type=card', 'language': 'French', 'multiverseid': 453694}, {'name': 'Campagna di Disinformazione', 'imageUrl': 'http://gatherer.wizards.com/Handlers/Image.ashx?multiverseid=453953&type=card', 'language': 'Italian', 'multiverseid': 453953}, {'name': '虚報活動', 'imageUrl': 'http://gatherer.wizards.com/Handlers/Image.ashx?multiverseid=454212&type=card', 'language': 'Japanese', 'multiverseid': 454212}, {'name': '허위 정보 공작', 'imageUrl': 'http://gatherer.wizards.com/Handlers/Image.ashx?multiverseid=454471&type=card', 'language': 'Korean', 'multiverseid': 454471}, {'name': 'Campanha de Desinformação', 'imageUrl': 'http://gatherer.wizards.com/Handlers/Image.ashx?multiverseid=454730&type=card', 'language': 'Portuguese (Brazil)', 'multiverseid': 454730}, {'name': 'Кампания по Дезинформации', 'imageUrl': 'http://gatherer.wizards.com/Handlers/Image.ashx?multiverseid=454989&type=card', 'language': 'Russian', 'multiverseid': 454989}, {'name': '散布谣言', 'imageUrl': 'http://gatherer.wizards.com/Handlers/Image.ashx?multiverseid=455248&type=card', 'language': 'Chinese Simplified', 'multiverseid': 455248}, {'name': '散佈謠言', 'imageUrl': 'http://gatherer.wizards.com/Handlers/Image.ashx?multiverseid=455507&type=card', 'language': 'Chinese Traditional', 'multiverseid': 455507}]",['GRN'],"When Disinformation Campaign enters the battlefield, you draw a card and each opponent discards a card.
Whenever you surveil, return Disinformation Campaign to its owner's hand.",Enchantment,8048d8960eac33e911865ffa9c0d5904ec047bd3,Dimir Control,,,,"""People would sooner savor sweet lies than chew plain truths.""
—Lazav",,,
Dream Eater,2,Dream Eater,{4}{U}{U},6,['Blue'],['U'],Creature — Nightmare Sphinx,['Creature'],"['Nightmare', 'Sphinx']",Mythic Rare,GRN,Guilds of Ravnica,"Flash
Flying
When Dream Eater enters the battlefield, surveil 4. When you do, you may return target nonland permanent an opponent controls to its owner's hand. (To surveil 4, look at the top four cards of your library, then put any number of them into your graveyard and the rest on top of your library in any order.)",Daarken,38,4,3,normal,452788.0,http://gatherer.wizards.com/Handlers/Image.ashx?multiverseid=452788&type=card,Dimir,"[{'date': '2018-10-05', 'text': 'Dream Eater\'s triggered ability goes on the stack without a target. While that ability is resolving, after you\'ve surveilled, the reflexive triggered ability triggers and you pick a target nonland permanent to be returned to its owner\'s hand. This is different from effects that say ""If you do . . ."" in that you choose the target after having surveilled.'}, {'date': '2018-10-05', 'text': ""Dream Eater's reflexive triggered ability triggers even if you have fewer than four cards in your library to surveil.""}, {'date': '2018-10-05', 'text': 'When you surveil, you may put all the cards you look at back on top of your library, you may put all of those cards into your graveyard, or you may put some of those cards on top and the rest of them into your graveyard.'}, {'date': '2018-10-05', 'text': ""You perform the actions stated on a card in sequence. For some spells and abilities, you'll surveil last. For others, you'll surveil and then perform other actions.""}]","[{'name': 'Traumfresser', 'imageUrl': 'http://gatherer.wizards.com/Handlers/Image.ashx?multiverseid=453047&type=card', 'language': 'German', 'multiverseid': 453047}, {'name': 'Devorasueños', 'imageUrl': 'http://gatherer.wizards.com/Handlers/Image.ashx?multiverseid=453306&type=card', 'language': 'Spanish', 'multiverseid': 453306}, {'name': 'Dévoreur de rêves', 'imageUrl': 'http://gatherer.wizards.com/Handlers/Image.ashx?multiverseid=453565&type=card', 'language': 'French', 'multiverseid': 453565}, {'name': 'Divorasogni', 'imageUrl': 'http://gatherer.wizards.com/Handlers/Image.ashx?multiverseid=453824&type=card', 'language': 'Italian', 'multiverseid': 453824}, {'name': '夢喰い', 'imageUrl': 'http://gatherer.wizards.com/Handlers/Image.ashx?multiverseid=454083&type=card', 'language': 'Japanese', 'multiverseid': 454083}, {'name': '꿈 포식자', 'imageUrl': 'http://gatherer.wizards.com/Handlers/Image.ashx?multiverseid=454342&type=card', 'language': 'Korean', 'multiverseid': 454342}, {'name': 'Devorador de Sonhos', 'imageUrl': 'http://gatherer.wizards.com/Handlers/Image.ashx?multiverseid=454601&type=card', 'language': 'Portuguese (Brazil)', 'multiverseid': 454601}, {'name': 'Пожиратель Снов', 'imageUrl': 'http://gatherer.wizards.com/Handlers/Image.ashx?multiverseid=454860&type=card', 'language': 'Russian', 'multiverseid': 454860}, {'name': '食梦史芬斯', 'imageUrl': 'http://gatherer.wizards.com/Handlers/Image.ashx?multiverseid=455119&type=card', 'language': 'Chinese Simplified', 'multiverseid': 455119}, {'name': '食夢史芬斯', 'imageUrl': 'http://gatherer.wizards.com/Handlers/Image.ashx?multiverseid=455378&type=card', 'language': 'Chinese Traditional', 'multiverseid': 455378}]",['GRN'],"Flash
Flying
When Dream Eater enters the battlefield, surveil 4. When you do, you may return target nonland permanent an opponent controls to its owner's hand. <i>(To surveil 4, look at the top four cards of your library, then put any number of them into your graveyard and the rest on top of your library in any order.)</i>",Creature — Nightmare Sphinx,6d65cf09c010f92c755b1eee811115fb93d01bfe,Dimir Control,,,,,,,
Drowned Catacomb,4,Drowned Catacomb,,0,,"['U', 'B']",Land,['Land'],,Rare,E01,Archenemy: Nicol Bolas,"Drowned Catacomb enters the battlefield tapped unless you control an Island or a Swamp.
{T}: Add {U} or {B}.",Dave Kendall,94,,,normal,430633.0,http://gatherer.wizards.com/Handlers/Image.ashx?multiverseid=430633&type=card,,"[{'date': '2009-10-01', 'text': ""This checks for lands you control with the land type Island or Swamp, not for lands named Island or Swamp. The lands it checks for don't have to be basic lands. For example, if you control Blood Crypt (a nonbasic land with the land types Swamp and Mountain), Drowned Catacomb will enter the battlefield untapped.""}, {'date': '2009-10-01', 'text': ""As this is entering the battlefield, it checks for lands that are already on the battlefield. It won't see lands that are entering the battlefield at the same time (due to Warp World, for example).""}]",,"['M10', 'M11', 'M12', 'M13', 'E01', 'XLN']","Drowned Catacomb enters the battlefield tapped unless you control an Island or a Swamp.
{T}: Add {U} or {B} to your mana pool.",Land,a91162fae6634dfd54e2a51db79e6c0f448e1c1a,Dimir Control,,,"[{'format': 'Brawl', 'legality': 'Legal'}, {'format': 'Commander', 'legality': 'Legal'}, {'format': 'Legacy', 'legality': 'Legal'}, {'format': 'Modern', 'legality': 'Legal'}, {'format': 'Standard', 'legality': 'Legal'}, {'format': 'Vintage', 'legality': 'Legal'}]",,,,
Duress,3,Duress,{B},1,['Black'],['B'],Sorcery,['Sorcery'],,Special,pMEI,Media Inserts,"Target opponent reveals his or her hand. You choose a noncreature, nonland card from it. That player discards that card.",Michael Komarck,84,,,normal,,,,,"[{'name': '逼从', 'language': 'Chinese Simplified'}, {'name': '逼從', 'language': 'Chinese Traditional'}, {'name': 'Contrainte', 'language': 'French'}, {'name': 'Zwang', 'language': 'German'}, {'name': 'Costrizione', 'language': 'Italian'}, {'name': '強迫', 'language': 'Japanese'}, {'name': '구속', 'language': 'Korean'}, {'name': 'Coagir', 'language': 'Portuguese (Brazil)'}, {'name': 'Насилие', 'language': 'Russian'}, {'name': 'Coacción', 'language': 'Spanish'}]","['pMEI', 'pARL', 'USG', 'pFNM', '7ED', 'DDC', 'M10', 'M11', 'PD3', 'M13', 'M14', 'MD1', 'DD3_DVD', 'DTK', 'EMA', 'XLN', 'IMA']",,,ea6c1128726226857c91278cf4eda6c17043b7df,Dimir Control,,,"[{'format': 'Commander', 'legality': 'Legal'}, {'format': 'Ixalan Block', 'legality': 'Legal'}, {'format': 'Khans of Tarkir Block', 'legality': 'Legal'}, {'format': 'Legacy', 'legality': 'Legal'}, {'format': 'Modern', 'legality': 'Legal'}, {'format': 'Standard', 'legality': 'Legal'}, {'format': 'Urza Block', 'legality': 'Legal'}, {'format': 'Vintage', 'legality': 'Legal'}]","""Your night names inspire me, Dack!""",,2014-03-19,IDW Comic Book Theros Issue #5
Fungal Infection,1,Fungal Infection,{B},1,['Black'],['B'],Instant,['Instant'],,Common,DOM,Dominaria,Target creature gets -1/-1 until end of turn. Create a 1/1 green Saproling creature token.,Filip Burburan,94,,,normal,442982.0,http://gatherer.wizards.com/Handlers/Image.ashx?multiverseid=442982&type=card,,"[{'date': '2018-04-27', 'text': ""If the target creature is an illegal target by the time Fungal Infection tries to resolve, the spell doesn't resolve. You won't create a Saproling token.""}, {'date': '2018-04-27', 'text': ""The target creature will be on the battlefield when you create the Saproling token, even if it's about to die for having 0 toughness or lethal damage. Its abilities may affect the token's creation or trigger when the token enters the battlefield. Abilities that trigger this way will resolve after the target creature has died.""}]","[{'name': 'Pilzinfektion', 'imageUrl': 'http://gatherer.wizards.com/Handlers/Image.ashx?multiverseid=443251&type=card', 'language': 'German', 'multiverseid': 443251}, {'name': 'Infección fúngica', 'imageUrl': 'http://gatherer.wizards.com/Handlers/Image.ashx?multiverseid=443520&type=card', 'language': 'Spanish', 'multiverseid': 443520}, {'name': 'Infection fongoïde', 'imageUrl': 'http://gatherer.wizards.com/Handlers/Image.ashx?multiverseid=443789&type=card', 'language': 'French', 'multiverseid': 443789}, {'name': 'Infezione Fungina', 'imageUrl': 'http://gatherer.wizards.com/Handlers/Image.ashx?multiverseid=444058&type=card', 'language': 'Italian', 'multiverseid': 444058}, {'name': '菌類感染', 'imageUrl': 'http://gatherer.wizards.com/Handlers/Image.ashx?multiverseid=444327&type=card', 'language': 'Japanese', 'multiverseid': 444327}, {'name': '진균 감염', 'imageUrl': 'http://gatherer.wizards.com/Handlers/Image.ashx?multiverseid=444596&type=card', 'language': 'Korean', 'multiverseid': 444596}, {'name': 'Infecção Fúngica', 'imageUrl': 'http://gatherer.wizards.com/Handlers/Image.ashx?multiverseid=444865&type=card', 'language': 'Portuguese (Brazil)', 'multiverseid': 444865}, {'name': 'Грибковая Инфекция', 'imageUrl': 'http://gatherer.wizards.com/Handlers/Image.ashx?multiverseid=445134&type=card', 'language': 'Russian', 'multiverseid': 445134}, {'name': '真菌感染', 'imageUrl': 'http://gatherer.wizards.com/Handlers/Image.ashx?multiverseid=445403&type=card', 'language': 'Chinese Simplified', 'multiverseid': 445403}, {'name': '真菌感染', 'imageUrl': 'http://gatherer.wizards.com/Handlers/Image.ashx?multiverseid=445672&type=card', 'language': 'Chinese Traditional', 'multiverseid': 445672}]",['DOM'],Target creature gets -1/-1 until end of turn. Create a 1/1 green Saproling creature token.,Instant,eccba0ac83d2c5eda434a0f101acd934803adc10,Dimir Control,,,"[{'format': 'Brawl', 'legality': 'Legal'}, {'format': 'Commander', 'legality': 'Legal'}, {'format': 'Legacy', 'legality': 'Legal'}, {'format': 'Modern', 'legality': 'Legal'}, {'format': 'Vintage', 'legality': 'Legal'}]","To thallids, the whole world is just a pile of mulch to grow saprolings in.",,,
Golden Demise,3,Golden Demise,{1}{B}{B},3,['Black'],['B'],Sorcery,['Sorcery'],,Uncommon,RIX,Rivals of Ixalan,"Ascend (If you control ten or more permanents, you get the city's blessing for the rest of the game.)
All creatures get -2/-2 until end of turn. If you have the city's blessing, instead only creatures your opponents control get -2/-2 until end of turn.",Deruchenko Alexander,73,,,normal,439730.0,http://gatherer.wizards.com/Handlers/Image.ashx?multiverseid=439730&type=card,,"[{'date': '2018-01-19', 'text': ""Golden Demise affects only creatures that are on the battlefield at the time it resolves. Creatures that enter the battlefield later in the turn won't get -2/-2. Similarly, if you have the city's blessing, creatures that come under your opponents' control later in the turn won't get -2/-2.""}, {'date': '2018-01-19', 'text': ""Once you have the city's blessing, you have it for the rest of the game, even if you lose control of some or all of your permanents. The city's blessing isn't a permanent itself and can't be removed by any effect.""}, {'date': '2018-01-19', 'text': ""A permanent is any object on the battlefield, including tokens and lands. Spells and emblems aren't permanents.""}, {'date': '2018-01-19', 'text': ""If you cast a spell with ascend, you don't get the city's blessing until it resolves. Players may respond to that spell by trying to change whether you get the city's blessing.""}, {'date': '2018-01-19', 'text': ""If you control ten permanents but don't control a permanent or resolving spell with ascend, you don't get the city's blessing. For example, if you control ten permanents, lose control of one, then cast Golden Demise, you won't have the city's blessing and the spell will affect creatures you control.""}, {'date': '2018-01-19', 'text': 'If your tenth permanent enters the battlefield and then a permanent leaves the battlefield immediately afterwards (most likely due to the ""Legend Rule"" or due to being a creature with 0 toughness), you get the city\'s blessing before it leaves the battlefield.'}]","[{'name': 'Goldener Untergang', 'imageUrl': 'http://gatherer.wizards.com/Handlers/Image.ashx?multiverseid=439933&type=card', 'language': 'German', 'multiverseid': 439933}, {'name': 'Defunción dorada', 'imageUrl': 'http://gatherer.wizards.com/Handlers/Image.ashx?multiverseid=440136&type=card', 'language': 'Spanish', 'multiverseid': 440136}, {'name': 'Décès doré', 'imageUrl': 'http://gatherer.wizards.com/Handlers/Image.ashx?multiverseid=440339&type=card', 'language': 'French', 'multiverseid': 440339}, {'name': 'Dipartita Dorata', 'imageUrl': 'http://gatherer.wizards.com/Handlers/Image.ashx?multiverseid=440542&type=card', 'language': 'Italian', 'multiverseid': 440542}, {'name': '黄金の死', 'imageUrl': 'http://gatherer.wizards.com/Handlers/Image.ashx?multiverseid=440745&type=card', 'language': 'Japanese', 'multiverseid': 440745}, {'name': '황금빛 종말', 'imageUrl': 'http://gatherer.wizards.com/Handlers/Image.ashx?multiverseid=440948&type=card', 'language': 'Korean', 'multiverseid': 440948}, {'name': 'Perecimento Dourado', 'imageUrl': 'http://gatherer.wizards.com/Handlers/Image.ashx?multiverseid=441151&type=card', 'language': 'Portuguese (Brazil)', 'multiverseid': 441151}, {'name': 'Золотая Гибель', 'imageUrl': 'http://gatherer.wizards.com/Handlers/Image.ashx?multiverseid=441354&type=card', 'language': 'Russian', 'multiverseid': 441354}, {'name': '金光殒命', 'imageUrl': 'http://gatherer.wizards.com/Handlers/Image.ashx?multiverseid=441557&type=card', 'language': 'Chinese Simplified', 'multiverseid': 441557}, {'name': '金光殞命', 'imageUrl': 'http://gatherer.wizards.com/Handlers/Image.ashx?multiverseid=441760&type=card', 'language': 'Chinese Traditional', 'multiverseid': 441760}]",['RIX'],"Ascend (If you control ten or more permanents, you get the city's blessing for the rest of the game.)
All creatures get -2/-2 until end of turn. If you have the city's blessing, instead only creatures your opponents control get -2/-2 until end of turn.",Sorcery,408c0c9805e75d6d7f362faf453c6a7a77d17a94,Dimir Control,,,"[{'format': 'Brawl', 'legality': 'Legal'}, {'format': 'Commander', 'legality': 'Legal'}, {'format': 'Legacy', 'legality': 'Legal'}, {'format': 'Modern', 'legality': 'Legal'}, {'format': 'Vintage', 'legality': 'Legal'}]",,,,
Island,8,Island,,0,,['U'],Basic Land — Island,['Land'],['Island'],Basic Land,UST,Unstable,,John Avon,213,,,normal,439602.0,http://gatherer.wizards.com/Handlers/Image.ashx?multiverseid=439602&type=card,Blue,,,"['LEA', 'LEB', '2ED', 'CED', 'CEI', '3ED', '4ED', 'ICE', 'RQS', 'pARL', 'MIR', 'ITP', '5ED', 'POR', 'TMP', 'pJGP', 'PO2', 'UGL', 'pALP', 'USG', '6ED', 'PTK', 'pGRU', 'S99', 'MMQ', 'BRB', 'pELP', 'S00', 'BTD', 'INV', '7ED', 'ODY', 'ONS', '8ED', 'MRD', 'CHK', 'UNH', '9ED', 'RAV', 'CST', 'TSP', '10E', 'MED', 'LRW', 'SHM', 'ALA', 'DD2', 'M10', 'HOP', 'ME3', 'ZEN', 'H09', 'DDE', 'ROE', 'DPA', 'ARC', 'M11', 'DDF', 'SOM', 'MBS', 'NPH', 'CMD', 'M12', 'DDH', 'ISD', 'DDI', 'AVR', 'PC2', 'M13', 'DDJ', 'RTR', 'M14', 'THS', 'C13', 'DDM', 'M15', 'DDN', 'KTK', 'C14', 'DD3_JVC', 'FRF', 'DDO', 'DTK', 'TPR', 'ORI', 'BFZ', 'C15', 'DDQ', 'SOI', 'KLD', 'C16', 'PCA', 'DDS', 'AKH', 'CMA', 'E01', 'HOU', 'C17', 'XLN', 'DDT', 'UST', 'RIX', 'DDU', 'DOM', 'BBD', 'CM2', 'GS1', 'M19', 'C18']",,Basic Land — Island,c745293c1f00ec9a2f78155322b74dc85ec4f3cb,Dimir Control,['Basic'],,"[{'format': 'Brawl', 'legality': 'Legal'}, {'format': 'Commander', 'legality': 'Legal'}, {'format': 'Legacy', 'legality': 'Legal'}, {'format': 'Modern', 'legality': 'Legal'}, {'format': 'Standard', 'legality': 'Legal'}, {'format': 'Vintage', 'legality': 'Legal'}]",,,,
"Karn, Scion of Urza",2,"Karn, Scion of Urza",{4},4,,,Legendary Planeswalker — Karn,['Planeswalker'],['Karn'],Mythic Rare,DOM,Dominaria,"+1: Reveal the top two cards of your library. An opponent chooses one of them. Put that card into your hand and exile the other with a silver counter on it.
−1: Put a card you own with a silver counter on it from exile into your hand.
−2: Create a 0/0 colorless Construct artifact creature token with ""This creature gets +1/+1 for each artifact you control.""",Chase Stone,1,,,normal,442889.0,http://gatherer.wizards.com/Handlers/Image.ashx?multiverseid=442889&type=card,,"[{'date': '2018-04-27', 'text': ""A token created by Karn's last ability will count itself, so it'll be at least 1/1.""}, {'date': '2018-04-27', 'text': ""Karn is colorless but not an artifact. The Construct tokens created by Karn's last ability don't count Karn.""}]","[{'name': 'Karn, Urzas Spross', 'imageUrl': 'http://gatherer.wizards.com/Handlers/Image.ashx?multiverseid=443158&type=card', 'language': 'German', 'multiverseid': 443158}, {'name': 'Karn, vástago de Urza', 'imageUrl': 'http://gatherer.wizards.com/Handlers/Image.ashx?multiverseid=443427&type=card', 'language': 'Spanish', 'multiverseid': 443427}, {'name': ""Karn, scion d'Urza"", 'imageUrl': 'http://gatherer.wizards.com/Handlers/Image.ashx?multiverseid=443696&type=card', 'language': 'French', 'multiverseid': 443696}, {'name': 'Karn, Discendente di Urza', 'imageUrl': 'http://gatherer.wizards.com/Handlers/Image.ashx?multiverseid=443965&type=card', 'language': 'Italian', 'multiverseid': 443965}, {'name': 'ウルザの後継、カーン', 'imageUrl': 'http://gatherer.wizards.com/Handlers/Image.ashx?multiverseid=444234&type=card', 'language': 'Japanese', 'multiverseid': 444234}, {'name': '우르자의 후예, 카른', 'imageUrl': 'http://gatherer.wizards.com/Handlers/Image.ashx?multiverseid=444503&type=card', 'language': 'Korean', 'multiverseid': 444503}, {'name': 'Karn, Rebento de Urza', 'imageUrl': 'http://gatherer.wizards.com/Handlers/Image.ashx?multiverseid=444772&type=card', 'language': 'Portuguese (Brazil)', 'multiverseid': 444772}, {'name': 'Карн, Детище Урзы', 'imageUrl': 'http://gatherer.wizards.com/Handlers/Image.ashx?multiverseid=445041&type=card', 'language': 'Russian', 'multiverseid': 445041}, {'name': '克撒传人卡恩', 'imageUrl': 'http://gatherer.wizards.com/Handlers/Image.ashx?multiverseid=445310&type=card', 'language': 'Chinese Simplified', 'multiverseid': 445310}, {'name': '克撒傳人卡恩', 'imageUrl': 'http://gatherer.wizards.com/Handlers/Image.ashx?multiverseid=445579&type=card', 'language': 'Chinese Traditional', 'multiverseid': 445579}]",['DOM'],"+1: Reveal the top two cards of your library. An opponent chooses one of them. Put that card into your hand and exile the other with a silver counter on it.
−1: Put a card you own with a silver counter on it from exile into your hand.
−2: Create a 0/0 colorless Construct artifact creature token with ""This creature gets +1/+1 for each artifact you control.""",Legendary Planeswalker — Karn,7ababfd0c14d280fcef808e67f61b20d50f841d3,Dimir Control,['Legendary'],5.0,"[{'format': 'Brawl', 'legality': 'Legal'}, {'format': 'Commander', 'legality': 'Legal'}, {'format': 'Legacy', 'legality': 'Legal'}, {'format': 'Modern', 'legality': 'Legal'}, {'format': 'Vintage', 'legality': 'Legal'}]",,,,
Moment of Craving,2,Moment of Craving,{1}{B},2,['Black'],['B'],Instant,['Instant'],,Common,RIX,Rivals of Ixalan,Target creature gets -2/-2 until end of turn. You gain 2 life.,Steven Belledin,79,,,normal,439736.0,http://gatherer.wizards.com/Handlers/Image.ashx?multiverseid=439736&type=card,,"[{'date': '2018-01-19', 'text': ""If the target creature is an illegal target by the time Moment of Craving tries to resolve, the spell doesn't resolve. You won't gain 2 life.""}, {'date': '2018-01-19', 'text': ""The target creature will still be on the battlefield when you gain life, even if its toughness has been reduced to 0 or less. Any abilities it has that interact with gaining life do so as appropriate. If any abilities trigger on you gaining life, the creature will be put into its owner's graveyard after that ability triggers but before it resolves.""}]","[{'name': 'Plötzliches Verlangen', 'imageUrl': 'http://gatherer.wizards.com/Handlers/Image.ashx?multiverseid=439939&type=card', 'language': 'German', 'multiverseid': 439939}, {'name': 'Momento de antojo', 'imageUrl': 'http://gatherer.wizards.com/Handlers/Image.ashx?multiverseid=440142&type=card', 'language': 'Spanish', 'multiverseid': 440142}, {'name': ""Instant d'envie"", 'imageUrl': 'http://gatherer.wizards.com/Handlers/Image.ashx?multiverseid=440345&type=card', 'language': 'French', 'multiverseid': 440345}, {'name': 'Momento di Bramosia', 'imageUrl': 'http://gatherer.wizards.com/Handlers/Image.ashx?multiverseid=440548&type=card', 'language': 'Italian', 'multiverseid': 440548}, {'name': '渇望の時', 'imageUrl': 'http://gatherer.wizards.com/Handlers/Image.ashx?multiverseid=440751&type=card', 'language': 'Japanese', 'multiverseid': 440751}, {'name': '열망의 순간', 'imageUrl': 'http://gatherer.wizards.com/Handlers/Image.ashx?multiverseid=440954&type=card', 'language': 'Korean', 'multiverseid': 440954}, {'name': 'Momento de Avidez', 'imageUrl': 'http://gatherer.wizards.com/Handlers/Image.ashx?multiverseid=441157&type=card', 'language': 'Portuguese (Brazil)', 'multiverseid': 441157}, {'name': 'Вспыхнувшая Жажда', 'imageUrl': 'http://gatherer.wizards.com/Handlers/Image.ashx?multiverseid=441360&type=card', 'language': 'Russian', 'multiverseid': 441360}, {'name': '渴血之时', 'imageUrl': 'http://gatherer.wizards.com/Handlers/Image.ashx?multiverseid=441563&type=card', 'language': 'Chinese Simplified', 'multiverseid': 441563}, {'name': '渴血之時', 'imageUrl': 'http://gatherer.wizards.com/Handlers/Image.ashx?multiverseid=441766&type=card', 'language': 'Chinese Traditional', 'multiverseid': 441766}]",['RIX'],Target creature gets -2/-2 until end of turn. You gain 2 life.,Instant,8891db43dee16abd392b7dec9452951504aac2eb,Dimir Control,,,"[{'format': 'Brawl', 'legality': 'Legal'}, {'format': 'Commander', 'legality': 'Legal'}, {'format': 'Legacy', 'legality': 'Legal'}, {'format': 'Modern', 'legality': 'Legal'}, {'format': 'Vintage', 'legality': 'Legal'}]","""The time of condemnation is at hand. Dusk washes over the world, and I consign you to eternal darkness!""",,,
Ritual of Soot,3,Ritual of Soot,{2}{B}{B},4,['Black'],['B'],Sorcery,['Sorcery'],,Rare,GRN,Guilds of Ravnica,Destroy all creatures with converted mana cost 3 or less.,Dimitar Marinski,84,,,normal,452834.0,http://gatherer.wizards.com/Handlers/Image.ashx?multiverseid=452834&type=card,,"[{'date': '2018-10-05', 'text': ""Tokens that aren't a copy of something else don't have a mana cost. Anything without a mana cost normally has a converted mana cost of 0.""}, {'date': '2018-10-05', 'text': 'If a permanent has {X} in its mana cost, X is considered to be 0.'}]","[{'name': 'Ritual des Rußes', 'imageUrl': 'http://gatherer.wizards.com/Handlers/Image.ashx?multiverseid=453093&type=card', 'language': 'German', 'multiverseid': 453093}, {'name': 'Ritual del hollín', 'imageUrl': 'http://gatherer.wizards.com/Handlers/Image.ashx?multiverseid=453352&type=card', 'language': 'Spanish', 'multiverseid': 453352}, {'name': 'Rituel de suie', 'imageUrl': 'http://gatherer.wizards.com/Handlers/Image.ashx?multiverseid=453611&type=card', 'language': 'French', 'multiverseid': 453611}, {'name': 'Rituale della Fuliggine', 'imageUrl': 'http://gatherer.wizards.com/Handlers/Image.ashx?multiverseid=453870&type=card', 'language': 'Italian', 'multiverseid': 453870}, {'name': '煤の儀式', 'imageUrl': 'http://gatherer.wizards.com/Handlers/Image.ashx?multiverseid=454129&type=card', 'language': 'Japanese', 'multiverseid': 454129}, {'name': '검댕의 의식', 'imageUrl': 'http://gatherer.wizards.com/Handlers/Image.ashx?multiverseid=454388&type=card', 'language': 'Korean', 'multiverseid': 454388}, {'name': 'Ritual da Fuligem', 'imageUrl': 'http://gatherer.wizards.com/Handlers/Image.ashx?multiverseid=454647&type=card', 'language': 'Portuguese (Brazil)', 'multiverseid': 454647}, {'name': 'Ритуал Сажи', 'imageUrl': 'http://gatherer.wizards.com/Handlers/Image.ashx?multiverseid=454906&type=card', 'language': 'Russian', 'multiverseid': 454906}, {'name': '煤烟仪式', 'imageUrl': 'http://gatherer.wizards.com/Handlers/Image.ashx?multiverseid=455165&type=card', 'language': 'Chinese Simplified', 'multiverseid': 455165}, {'name': '煤煙儀式', 'imageUrl': 'http://gatherer.wizards.com/Handlers/Image.ashx?multiverseid=455424&type=card', 'language': 'Chinese Traditional', 'multiverseid': 455424}]",['GRN'],Destroy all creatures with converted mana cost 3 or less.,Sorcery,90d57ba9e609f44ba88f8534b8e8dd1ace256ade,Dimir Control,,,,"Only the patrol's armor was found, so tainted with the acrid smell of sudden death that it could never be worn again.",,,
Search for Azcanta,1,Search for Azcanta,{1}{U},2,['Blue'],['U'],Legendary Enchantment,['Enchantment'],,Rare,XLN,Ixalan,"At the beginning of your upkeep, look at the top card of your library. You may put it into your graveyard. Then if you have seven or more cards in your graveyard, you may transform Search for Azcanta.",Magali Villeneuve,74a,,,double-faced,435226.0,http://gatherer.wizards.com/Handlers/Image.ashx?multiverseid=435226&type=card,,"[{'date': '2017-09-29', 'text': ""If a seventh card is put into your graveyard by something other than resolving Search for Azcanta's triggered ability, you won't transform it yet. You'll have to wait until your next upkeep.""}, {'date': '2017-09-29', 'text': 'If you have seven or more cards in your graveyard, you may transform Search for Azcanta while resolving its triggered ability even if you choose not to put the top card of your library into your graveyard.'}, {'date': '2017-09-29', 'text': ""If you don't put the top card of your library into your graveyard while resolving Search for Azcanta's triggered ability, you'll leave it on top of your library (and probably draw it during your draw step).""}, {'date': '2018-01-19', 'text': 'For more information on double-faced cards, see the Ixalan mechanics article (http://magic.wizards.com/en/articles/archive/feature/ixalan-mechanics).'}]","[{'name': 'Suche nach Azcanta', 'imageUrl': 'http://gatherer.wizards.com/Handlers/Image.ashx?multiverseid=435525&type=card', 'language': 'German', 'multiverseid': 435525}, {'name': ""À la recherche d'Azcanta"", 'imageUrl': 'http://gatherer.wizards.com/Handlers/Image.ashx?multiverseid=435824&type=card', 'language': 'French', 'multiverseid': 435824}, {'name': 'In Cerca di Azcanta', 'imageUrl': 'http://gatherer.wizards.com/Handlers/Image.ashx?multiverseid=436123&type=card', 'language': 'Italian', 'multiverseid': 436123}, {'name': 'アズカンタの探索', 'imageUrl': 'http://gatherer.wizards.com/Handlers/Image.ashx?multiverseid=436422&type=card', 'language': 'Japanese', 'multiverseid': 436422}, {'name': '아즈칸타 탐색', 'imageUrl': 'http://gatherer.wizards.com/Handlers/Image.ashx?multiverseid=436721&type=card', 'language': 'Korean', 'multiverseid': 436721}, {'name': 'Busca por Azcanta', 'imageUrl': 'http://gatherer.wizards.com/Handlers/Image.ashx?multiverseid=437020&type=card', 'language': 'Portuguese (Brazil)', 'multiverseid': 437020}, {'name': 'Поиски Асканты', 'imageUrl': 'http://gatherer.wizards.com/Handlers/Image.ashx?multiverseid=437319&type=card', 'language': 'Russian', 'multiverseid': 437319}, {'name': 'En busca de Azcanta', 'imageUrl': 'http://gatherer.wizards.com/Handlers/Image.ashx?multiverseid=437618&type=card', 'language': 'Spanish', 'multiverseid': 437618}, {'name': '探寻阿兹坎特', 'imageUrl': 'http://gatherer.wizards.com/Handlers/Image.ashx?multiverseid=437917&type=card', 'language': 'Chinese Simplified', 'multiverseid': 437917}, {'name': '探尋阿茲坎特', 'imageUrl': 'http://gatherer.wizards.com/Handlers/Image.ashx?multiverseid=438216&type=card', 'language': 'Chinese Traditional', 'multiverseid': 438216}]",['XLN'],"At the beginning of your upkeep, look at the top card of your library. You may put it into your graveyard. Then if you have seven or more cards in your graveyard, you may transform Search for Azcanta.",Legendary Enchantment,31e234354fe4639ea7d1f1373a08514dde7930d4,Dimir Control,['Legendary'],,"[{'format': 'Brawl', 'legality': 'Legal'}, {'format': 'Commander', 'legality': 'Legal'}, {'format': 'Legacy', 'legality': 'Legal'}, {'format': 'Modern', 'legality': 'Legal'}, {'format': 'Standard', 'legality': 'Legal'}, {'format': 'Vintage', 'legality': 'Legal'}]",The Sunken Ruin houses all the learning of a long-forgotten age.,"['Search for Azcanta', 'Azcanta, the Sunken Ruin']",,
Sinister Sabotage,3,Sinister Sabotage,{1}{U}{U},3,['Blue'],['U'],Instant,['Instant'],,Uncommon,GRN,Guilds of Ravnica,"Counter target spell.
Surveil 1. (Look at the top card of your library. You may put that card into your graveyard.)",Mathias Kollros,54,,,normal,452804.0,http://gatherer.wizards.com/Handlers/Image.ashx?multiverseid=452804&type=card,Dimir,"[{'date': '2018-10-05', 'text': ""A spell that can't be countered is a legal target for Sinister Sabotage. The spell won't be countered when Sinister Sabotage resolves, but you'll still surveil 1.""}, {'date': '2018-10-05', 'text': 'When you surveil, you may put all the cards you look at back on top of your library, you may put all of those cards into your graveyard, or you may put some of those cards on top and the rest of them into your graveyard.'}, {'date': '2018-10-05', 'text': ""You perform the actions stated on a card in sequence. For some spells and abilities, you'll surveil last. For others, you'll surveil and then perform other actions.""}, {'date': '2018-10-05', 'text': ""Some spells that instruct you to surveil require targets. You can't cast a spell without choosing legal targets. If all of those targets become illegal, the spell doesn't resolve and you won't surveil.""}]","[{'name': 'Fiese Sabotage', 'imageUrl': 'http://gatherer.wizards.com/Handlers/Image.ashx?multiverseid=453063&type=card', 'language': 'German', 'multiverseid': 453063}, {'name': 'Sabotaje siniestro', 'imageUrl': 'http://gatherer.wizards.com/Handlers/Image.ashx?multiverseid=453322&type=card', 'language': 'Spanish', 'multiverseid': 453322}, {'name': 'Sinistre sabotage', 'imageUrl': 'http://gatherer.wizards.com/Handlers/Image.ashx?multiverseid=453581&type=card', 'language': 'French', 'multiverseid': 453581}, {'name': 'Sabotaggio Sinistro', 'imageUrl': 'http://gatherer.wizards.com/Handlers/Image.ashx?multiverseid=453840&type=card', 'language': 'Italian', 'multiverseid': 453840}, {'name': '悪意ある妨害', 'imageUrl': 'http://gatherer.wizards.com/Handlers/Image.ashx?multiverseid=454099&type=card', 'language': 'Japanese', 'multiverseid': 454099}, {'name': '사악한 방해 공작', 'imageUrl': 'http://gatherer.wizards.com/Handlers/Image.ashx?multiverseid=454358&type=card', 'language': 'Korean', 'multiverseid': 454358}, {'name': 'Sabotagem Sinistra', 'imageUrl': 'http://gatherer.wizards.com/Handlers/Image.ashx?multiverseid=454617&type=card', 'language': 'Portuguese (Brazil)', 'multiverseid': 454617}, {'name': 'Зловещая Диверсия', 'imageUrl': 'http://gatherer.wizards.com/Handlers/Image.ashx?multiverseid=454876&type=card', 'language': 'Russian', 'multiverseid': 454876}, {'name': '恶意破坏', 'imageUrl': 'http://gatherer.wizards.com/Handlers/Image.ashx?multiverseid=455135&type=card', 'language': 'Chinese Simplified', 'multiverseid': 455135}, {'name': '惡意破壞', 'imageUrl': 'http://gatherer.wizards.com/Handlers/Image.ashx?multiverseid=455394&type=card', 'language': 'Chinese Traditional', 'multiverseid': 455394}]",['GRN'],"Counter target spell.
Surveil 1. <i>(Look at the top card of your library. You may put that card into your graveyard.)</i>",Instant,149bb54457fb374026804aea61cac7c54c604fc0,Dimir Control,,,,"""We have intel that some guilds have fallen under an invader's influence. Until we're sure, no venture succeeds.""
—Lazav",,,
Sorcerous Spyglass,1,Sorcerous Spyglass,{2},2,,,Artifact,['Artifact'],,Rare,XLN,Ixalan,"As Sorcerous Spyglass enters the battlefield, look at an opponent's hand, then choose any card name.
Activated abilities of sources with the chosen name can't be activated unless they're mana abilities.",Kieran Yanner,248,,,normal,435407.0,http://gatherer.wizards.com/Handlers/Image.ashx?multiverseid=435407&type=card,,"[{'date': '2017-09-29', 'text': ""You can choose any card name, even if that card doesn't normally have an activated ability. You're not limited to the names of cards you saw in the opponent's hand.""}, {'date': '2017-09-29', 'text': ""You can't choose the name of a token unless that token has the same name as a card.""}, {'date': '2017-09-29', 'text': 'Activated abilities contain a colon. They\'re generally written ""[Cost]: [Effect]."" Some keyword abilities (such as equip and crew) are activated abilities and will have colons in their reminder text. Triggered abilities (starting with ""when,"" ""whenever,"" or ""at"") are unaffected by the last ability of Sorcerous Spyglass.'}, {'date': '2017-09-29', 'text': 'An activated mana ability is one that produces mana as it resolves, not one that costs mana to activate.'}, {'date': '2017-09-29', 'text': ""Sorcerous Spyglass affects cards regardless of what zone they're in. This includes cards in hand, cards in the graveyard, and exiled cards.""}]","[{'name': 'Magisches Fernrohr', 'imageUrl': 'http://gatherer.wizards.com/Handlers/Image.ashx?multiverseid=435706&type=card', 'language': 'German', 'multiverseid': 435706}, {'name': 'Longue-vue ensorceleuse', 'imageUrl': 'http://gatherer.wizards.com/Handlers/Image.ashx?multiverseid=436005&type=card', 'language': 'French', 'multiverseid': 436005}, {'name': 'Cannocchiale Incantato', 'imageUrl': 'http://gatherer.wizards.com/Handlers/Image.ashx?multiverseid=436304&type=card', 'language': 'Italian', 'multiverseid': 436304}, {'name': '魔術遠眼鏡', 'imageUrl': 'http://gatherer.wizards.com/Handlers/Image.ashx?multiverseid=436603&type=card', 'language': 'Japanese', 'multiverseid': 436603}, {'name': '마법의 망원경', 'imageUrl': 'http://gatherer.wizards.com/Handlers/Image.ashx?multiverseid=436902&type=card', 'language': 'Korean', 'multiverseid': 436902}, {'name': 'Luneta Enfeitiçada', 'imageUrl': 'http://gatherer.wizards.com/Handlers/Image.ashx?multiverseid=437201&type=card', 'language': 'Portuguese (Brazil)', 'multiverseid': 437201}, {'name': 'Волшебная Подзорная Труба', 'imageUrl': 'http://gatherer.wizards.com/Handlers/Image.ashx?multiverseid=437500&type=card', 'language': 'Russian', 'multiverseid': 437500}, {'name': 'Catalejo hechizado', 'imageUrl': 'http://gatherer.wizards.com/Handlers/Image.ashx?multiverseid=437799&type=card', 'language': 'Spanish', 'multiverseid': 437799}, {'name': '巫视望远镜', 'imageUrl': 'http://gatherer.wizards.com/Handlers/Image.ashx?multiverseid=438098&type=card', 'language': 'Chinese Simplified', 'multiverseid': 438098}, {'name': '巫視望遠鏡', 'imageUrl': 'http://gatherer.wizards.com/Handlers/Image.ashx?multiverseid=438397&type=card', 'language': 'Chinese Traditional', 'multiverseid': 438397}]",['XLN'],"As Sorcerous Spyglass enters the battlefield, look at an opponent's hand, then choose any card name.
Activated abilities of sources with the chosen name can't be activated unless they're mana abilities.",Artifact,587f6cf3860cf06026f164709e44ff324134d4cd,Dimir Control,,,"[{'format': 'Brawl', 'legality': 'Banned'}, {'format': 'Commander', 'legality': 'Legal'}, {'format': 'Legacy', 'legality': 'Legal'}, {'format': 'Modern', 'legality': 'Legal'}, {'format': 'Standard', 'legality': 'Legal'}, {'format': 'Vintage', 'legality': 'Legal'}]",,,,
Swamp,8,Swamp,,0,,['B'],Basic Land — Swamp,['Land'],['Swamp'],Basic Land,UST,Unstable,,John Avon,214,,,normal,439603.0,http://gatherer.wizards.com/Handlers/Image.ashx?multiverseid=439603&type=card,Black,,,"['LEA', 'LEB', '2ED', 'CED', 'CEI', '3ED', '4ED', 'ICE', 'RQS', 'pARL', 'MIR', 'ITP', '5ED', 'POR', 'TMP', 'pJGP', 'PO2', 'UGL', 'pALP', 'USG', 'ATH', '6ED', 'PTK', 'pGRU', 'S99', 'MMQ', 'BRB', 'pELP', 'S00', 'BTD', 'INV', '7ED', 'ODY', 'DKM', 'ONS', '8ED', 'MRD', 'CHK', 'UNH', '9ED', 'RAV', 'CST', 'TSP', '10E', 'MED', 'LRW', 'SHM', 'ALA', 'DDC', 'M10', 'HOP', 'ME3', 'ZEN', 'DDD', 'H09', 'DDE', 'ROE', 'DPA', 'ARC', 'M11', 'SOM', 'MBS', 'NPH', 'CMD', 'M12', 'DDH', 'ISD', 'PD3', 'AVR', 'PC2', 'M13', 'DDJ', 'RTR', 'DDK', 'M14', 'THS', 'C13', 'DDM', 'MD1', 'M15', 'DDN', 'KTK', 'C14', 'DD3_DVD', 'DD3_GVL', 'FRF', 'DTK', 'TPR', 'ORI', 'DDP', 'BFZ', 'C15', 'DDQ', 'SOI', 'DDR', 'KLD', 'C16', 'PCA', 'AKH', 'CMA', 'E01', 'HOU', 'C17', 'XLN', 'UST', 'RIX', 'DOM', 'BBD', 'CM2', 'M19', 'C18']",,Basic Land — Swamp,7210d09e2bd2613adb39795e0f216cc20c6dba0c,Dimir Control,['Basic'],,"[{'format': 'Brawl', 'legality': 'Legal'}, {'format': 'Commander', 'legality': 'Legal'}, {'format': 'Legacy', 'legality': 'Legal'}, {'format': 'Modern', 'legality': 'Legal'}, {'format': 'Standard', 'legality': 'Legal'}, {'format': 'Vintage', 'legality': 'Legal'}]",,,,
Syncopate,2,Syncopate,{X}{U},1,['Blue'],['U'],Instant,['Instant'],,Uncommon,RTR,Return to Ravnica,"Counter target spell unless its controller pays {X}. If that spell is countered this way, exile it instead of putting it into its owner's graveyard.",Clint Cearley,54,,,normal,270369.0,http://gatherer.wizards.com/Handlers/Image.ashx?multiverseid=270369&type=card,,,"[{'name': 'Синкопа', 'imageUrl': 'http://gatherer.wizards.com/Handlers/Image.ashx?multiverseid=355242&type=card', 'language': 'Russian', 'multiverseid': 355242}, {'name': '切分', 'imageUrl': 'http://gatherer.wizards.com/Handlers/Image.ashx?multiverseid=355516&type=card', 'language': 'Chinese Traditional', 'multiverseid': 355516}, {'name': 'Unterbinden', 'imageUrl': 'http://gatherer.wizards.com/Handlers/Image.ashx?multiverseid=355790&type=card', 'language': 'German', 'multiverseid': 355790}, {'name': 'Syncope', 'imageUrl': 'http://gatherer.wizards.com/Handlers/Image.ashx?multiverseid=356064&type=card', 'language': 'French', 'multiverseid': 356064}, {'name': 'Sincopare', 'imageUrl': 'http://gatherer.wizards.com/Handlers/Image.ashx?multiverseid=356338&type=card', 'language': 'Italian', 'multiverseid': 356338}, {'name': '中略', 'imageUrl': 'http://gatherer.wizards.com/Handlers/Image.ashx?multiverseid=356612&type=card', 'language': 'Japanese', 'multiverseid': 356612}, {'name': 'Sincopar', 'imageUrl': 'http://gatherer.wizards.com/Handlers/Image.ashx?multiverseid=356886&type=card', 'language': 'Portuguese (Brazil)', 'multiverseid': 356886}, {'name': '切分', 'imageUrl': 'http://gatherer.wizards.com/Handlers/Image.ashx?multiverseid=357160&type=card', 'language': 'Chinese Simplified', 'multiverseid': 357160}, {'name': '중략', 'imageUrl': 'http://gatherer.wizards.com/Handlers/Image.ashx?multiverseid=357434&type=card', 'language': 'Korean', 'multiverseid': 357434}, {'name': 'Sincopar', 'imageUrl': 'http://gatherer.wizards.com/Handlers/Image.ashx?multiverseid=365512&type=card', 'language': 'Spanish', 'multiverseid': 365512}]","['ODY', 'RTR', 'DOM']","Counter target spell unless its controller pays {X}. If that spell is countered this way, exile it instead of putting it into its owner's graveyard.",Instant,abe58908a6c8f4654e9f1bce1c468062f54e0d2e,Dimir Control,,,"[{'format': 'Brawl', 'legality': 'Legal'}, {'format': 'Commander', 'legality': 'Legal'}, {'format': 'Legacy', 'legality': 'Legal'}, {'format': 'Modern', 'legality': 'Legal'}, {'format': 'Vintage', 'legality': 'Legal'}]","""Patience, mage. Killing you now would be too easy.""",,,
"Tezzeret, Artifice Master",1,"Tezzeret, Artifice Master",{3}{U}{U},5,['Blue'],['U'],Legendary Planeswalker — Tezzeret,['Planeswalker'],['Tezzeret'],Mythic Rare,M19,Core Set 2019,"+1: Create a 1/1 colorless Thopter artifact creature token with flying.
0: Draw a card. If you control three or more artifacts, draw two cards instead.
−9: You get an emblem with ""At the beginning of your end step, search your library for a permanent card, put it onto the battlefield, then shuffle your library.""",Josh Hass,79,,,normal,447215.0,http://gatherer.wizards.com/Handlers/Image.ashx?multiverseid=447215&type=card,,"[{'date': '2018-07-13', 'text': ""If you put a permanent onto the battlefield with Tezzeret's emblem's ability, any triggered abilities of that permanent that trigger during your end step won't trigger during that same end step.""}]","[{'name': 'Tezzeret, meisterhafter Handwerker', 'imageUrl': 'http://gatherer.wizards.com/Handlers/Image.ashx?multiverseid=447496&type=card', 'language': 'German', 'multiverseid': 447496}, {'name': 'Tezzeret, maestro artífice', 'imageUrl': 'http://gatherer.wizards.com/Handlers/Image.ashx?multiverseid=447777&type=card', 'language': 'Spanish', 'multiverseid': 447777}, {'name': 'Tezzeret, maître artificier', 'imageUrl': 'http://gatherer.wizards.com/Handlers/Image.ashx?multiverseid=448058&type=card', 'language': 'French', 'multiverseid': 448058}, {'name': 'Tezzeret, Maestro Artefice', 'imageUrl': 'http://gatherer.wizards.com/Handlers/Image.ashx?multiverseid=448339&type=card', 'language': 'Italian', 'multiverseid': 448339}, {'name': '工匠の達人、テゼレット', 'imageUrl': 'http://gatherer.wizards.com/Handlers/Image.ashx?multiverseid=448620&type=card', 'language': 'Japanese', 'multiverseid': 448620}, {'name': '마법공학의 대가, 테제렛', 'imageUrl': 'http://gatherer.wizards.com/Handlers/Image.ashx?multiverseid=448901&type=card', 'language': 'Korean', 'multiverseid': 448901}, {'name': 'Tezzeret, Mestre Artífice', 'imageUrl': 'http://gatherer.wizards.com/Handlers/Image.ashx?multiverseid=449182&type=card', 'language': 'Portuguese (Brazil)', 'multiverseid': 449182}, {'name': 'Теззерет, Мастер Механизмов', 'imageUrl': 'http://gatherer.wizards.com/Handlers/Image.ashx?multiverseid=449463&type=card', 'language': 'Russian', 'multiverseid': 449463}, {'name': '神器大师泰兹瑞', 'imageUrl': 'http://gatherer.wizards.com/Handlers/Image.ashx?multiverseid=449744&type=card', 'language': 'Chinese Simplified', 'multiverseid': 449744}, {'name': '神器大師泰茲瑞', 'imageUrl': 'http://gatherer.wizards.com/Handlers/Image.ashx?multiverseid=450025&type=card', 'language': 'Chinese Traditional', 'multiverseid': 450025}]",['M19'],"+1: Create a 1/1 colorless Thopter artifact creature token with flying.
0: Draw a card. If you control three or more artifacts, draw two cards instead.
−9: You get an emblem with ""At the beginning of your end step, search your library for a permanent card, put it onto the battlefield, then shuffle your library.""",Legendary Planeswalker — Tezzeret,e421195cd35c933b5eb344c989eff7a88cf0f7f0,Dimir Control,['Legendary'],5.0,"[{'format': 'Brawl', 'legality': 'Legal'}, {'format': 'Commander', 'legality': 'Legal'}, {'format': 'Legacy', 'legality': 'Legal'}, {'format': 'Modern', 'legality': 'Legal'}, {'format': 'Vintage', 'legality': 'Legal'}]",,,,
The Eldest Reborn,3,The Eldest Reborn,{4}{B},5,['Black'],['B'],Enchantment — Saga,['Enchantment'],['Saga'],Uncommon,DOM,Dominaria,"(As this Saga enters and after your draw step, add a lore counter. Sacrifice after III.)
I — Each opponent sacrifices a creature or planeswalker.
II — Each opponent discards a card.
III — Put target creature or planeswalker card from a graveyard onto the battlefield under your control.",Jenn Ravenna,90,,,normal,442978.0,http://gatherer.wizards.com/Handlers/Image.ashx?multiverseid=442978&type=card,,"[{'date': '2018-04-27', 'text': ""When the first chapter ability of The Eldest Reborn resolves, the next opponent in turn order (or, if it's an opponent's turn, that opponent) chooses a creature or planeswalker they control, then each other opponent in turn order (if any) does the same. All chosen permanents are then sacrificed at the same time. Players will know the choices made by earlier players when making their choices.""}, {'date': '2018-04-27', 'text': ""When the second chapter ability of The Eldest Reborn resolves, the next opponent in turn order (or, if it's an opponent's turn, that opponent) chooses a card in hand without revealing it, then each other opponent in turn order (if any) does the same. All chosen cards are then discarded at the same time.""}, {'date': '2018-04-27', 'text': ""In a multiplayer game, if a player leaves the game, all cards that player owns leave as well. If you leave the game, the permanent you control from The Eldest Reborn's final chapter ability is exiled.""}, {'date': '2018-04-27', 'text': ""As a Saga enters the battlefield, its controller puts a lore counter on it. As your precombat main phase begins (immediately after your draw step), you put another lore counter on each Saga you control. Putting a lore counter on a Saga in either of these ways doesn't use the stack.""}, {'date': '2018-04-27', 'text': ""Each symbol on the left of a Saga's text box represents a chapter ability. A chapter ability is a triggered ability that triggers when a lore counter that is put on the Saga causes the number of lore counters on the Saga to become equal to or greater than the ability's chapter number. Chapter abilities are put onto the stack and may be responded to.""}, {'date': '2018-04-27', 'text': ""A chapter ability doesn't trigger if a lore counter is put on a Saga that already had a number of lore counters greater than or equal to that chapter's number. For example, the third lore counter put on a Saga causes the III chapter ability to trigger, but I and II won't trigger again.""}, {'date': '2018-04-27', 'text': ""Once a chapter ability has triggered, the ability on the stack won't be affected if the Saga gains or loses counters, or if it leaves the battlefield.""}, {'date': '2018-04-27', 'text': 'If multiple chapter abilities trigger at the same time, their controller puts them on the stack in any order. If any of them require targets, those targets are chosen as you put the abilities on the stack, before any of those abilities resolve.'}, {'date': '2018-04-27', 'text': ""If counters are removed from a Saga, the appropriate chapter abilities will trigger again when the Saga receives lore counters. Removing lore counters won't cause a previous chapter ability to trigger.""}, {'date': '2018-04-27', 'text': ""Once the number of lore counters on a Saga is greater than or equal to the greatest number among its chapter abilities—in the Dominaria set, this is always three—the Saga's controller sacrifices it as soon as its chapter ability has left the stack, most likely by resolving or being countered. This state-based action doesn't use the stack.""}]","[{'name': 'Die Wiedergeburt des Ältesten', 'imageUrl': 'http://gatherer.wizards.com/Handlers/Image.ashx?multiverseid=443247&type=card', 'language': 'German', 'multiverseid': 443247}, {'name': 'El gran anciano renacido', 'imageUrl': 'http://gatherer.wizards.com/Handlers/Image.ashx?multiverseid=443516&type=card', 'language': 'Spanish', 'multiverseid': 443516}, {'name': ""La Renaissance de l'aîné"", 'imageUrl': 'http://gatherer.wizards.com/Handlers/Image.ashx?multiverseid=443785&type=card', 'language': 'French', 'multiverseid': 443785}, {'name': ""Rinascita dell'Antico"", 'imageUrl': 'http://gatherer.wizards.com/Handlers/Image.ashx?multiverseid=444054&type=card', 'language': 'Italian', 'multiverseid': 444054}, {'name': '最古再誕', 'imageUrl': 'http://gatherer.wizards.com/Handlers/Image.ashx?multiverseid=444323&type=card', 'language': 'Japanese', 'multiverseid': 444323}, {'name': '가장 오래된 재탄생', 'imageUrl': 'http://gatherer.wizards.com/Handlers/Image.ashx?multiverseid=444592&type=card', 'language': 'Korean', 'multiverseid': 444592}, {'name': 'O Ancião Renascido', 'imageUrl': 'http://gatherer.wizards.com/Handlers/Image.ashx?multiverseid=444861&type=card', 'language': 'Portuguese (Brazil)', 'multiverseid': 444861}, {'name': 'Перерождение Древнейшего', 'imageUrl': 'http://gatherer.wizards.com/Handlers/Image.ashx?multiverseid=445130&type=card', 'language': 'Russian', 'multiverseid': 445130}, {'name': '恶源重生', 'imageUrl': 'http://gatherer.wizards.com/Handlers/Image.ashx?multiverseid=445399&type=card', 'language': 'Chinese Simplified', 'multiverseid': 445399}, {'name': '惡源重生', 'imageUrl': 'http://gatherer.wizards.com/Handlers/Image.ashx?multiverseid=445668&type=card', 'language': 'Chinese Traditional', 'multiverseid': 445668}]",['DOM'],"(As this Saga enters and after your draw step, add a lore counter. Sacrifice after III.)
I — Each opponent sacrifices a creature or planeswalker.
II — Each opponent discards a card.
III — Put target creature or planeswalker card from a graveyard onto the battlefield under your control.",Enchantment — Saga,2977365e48f08dabaac262884a700f3b1dc37329,Dimir Control,,,"[{'format': 'Brawl', 'legality': 'Legal'}, {'format': 'Commander', 'legality': 'Legal'}, {'format': 'Legacy', 'legality': 'Legal'}, {'format': 'Modern', 'legality': 'Legal'}, {'format': 'Vintage', 'legality': 'Legal'}]",,,,
Thief of Sanity,3,Thief of Sanity,{1}{U}{B},3,"['Blue', 'Black']","['U', 'B']",Creature — Specter,['Creature'],['Specter'],Rare,GRN,Guilds of Ravnica,"Flying
Whenever Thief of Sanity deals combat damage to a player, look at the top three cards of that player's library, exile one of them face down, then put the rest into their graveyard. You may look at and cast that card for as long as it remains exiled, and you may spend mana as though it were mana of any type to cast that spell.",Igor Kieryluk,205,2,2,normal,452955.0,http://gatherer.wizards.com/Handlers/Image.ashx?multiverseid=452955&type=card,Dimir,"[{'date': '2018-10-05', 'text': ""Thief of Sanity's effect doesn't change when you can cast the exiled card. For example, if you exile a sorcery card, you can cast it only during your main phase when the stack is empty.""}, {'date': '2018-10-05', 'text': 'An effect that instructs you to ""cast"" a card doesn\'t allow you to play lands.'}, {'date': '2018-10-05', 'text': ""You can still cast the exiled card if Thief of Sanity leaves the battlefield or leaves your control. If another player gains control of Thief of Sanity, that player can't cast the exiled card.""}, {'date': '2018-10-05', 'text': ""Casting an exiled card causes it to leave exile. You can't cast it multiple times.""}, {'date': '2018-10-05', 'text': ""In a multiplayer game, if a player leaves the game, all cards that player owns leave as well. If you leave the game, any spells or permanents you control from Thief of Sanity's effect are exiled, and any of the face-down exiled cards remain face down indefinitely. No player may look at them.""}]","[{'name': 'Verstandesräuber', 'imageUrl': 'http://gatherer.wizards.com/Handlers/Image.ashx?multiverseid=453214&type=card', 'language': 'German', 'multiverseid': 453214}, {'name': 'Ladrón de cordura', 'imageUrl': 'http://gatherer.wizards.com/Handlers/Image.ashx?multiverseid=453473&type=card', 'language': 'Spanish', 'multiverseid': 453473}, {'name': 'Voleur de sanité', 'imageUrl': 'http://gatherer.wizards.com/Handlers/Image.ashx?multiverseid=453732&type=card', 'language': 'French', 'multiverseid': 453732}, {'name': 'Ladro di Senno', 'imageUrl': 'http://gatherer.wizards.com/Handlers/Image.ashx?multiverseid=453991&type=card', 'language': 'Italian', 'multiverseid': 453991}, {'name': '正気泥棒', 'imageUrl': 'http://gatherer.wizards.com/Handlers/Image.ashx?multiverseid=454250&type=card', 'language': 'Japanese', 'multiverseid': 454250}, {'name': '이성 도둑', 'imageUrl': 'http://gatherer.wizards.com/Handlers/Image.ashx?multiverseid=454509&type=card', 'language': 'Korean', 'multiverseid': 454509}, {'name': 'Ladra da Sanidade', 'imageUrl': 'http://gatherer.wizards.com/Handlers/Image.ashx?multiverseid=454768&type=card', 'language': 'Portuguese (Brazil)', 'multiverseid': 454768}, {'name': 'Вор Рассудка', 'imageUrl': 'http://gatherer.wizards.com/Handlers/Image.ashx?multiverseid=455027&type=card', 'language': 'Russian', 'multiverseid': 455027}, {'name': '心智窃贼', 'imageUrl': 'http://gatherer.wizards.com/Handlers/Image.ashx?multiverseid=455286&type=card', 'language': 'Chinese Simplified', 'multiverseid': 455286}, {'name': '心智竊賊', 'imageUrl': 'http://gatherer.wizards.com/Handlers/Image.ashx?multiverseid=455545&type=card', 'language': 'Chinese Traditional', 'multiverseid': 455545}]",['GRN'],"Flying
Whenever Thief of Sanity deals combat damage to a player, look at the top three cards of that player's library, exile one of them face down, then put the rest into their graveyard. For as long as that card remains exiled, you may look at it, you may cast it, and you may spend mana as though it were mana of any type to cast that spell.",Creature — Specter,39bbc76ef3861c983b99fc7b1a2f58d14b854064,Dimir Control,,,,,,,
Thought Erasure,4,Thought Erasure,{U}{B},2,"['Blue', 'Black']","['U', 'B']",Sorcery,['Sorcery'],,Uncommon,GRN,Guilds of Ravnica,"Target opponent reveals their hand. You choose a nonland card from it. That player discards that card.
Surveil 1. (Look at the top card of your library. You may put it into your graveyard.)",Anna Steinbauer,206,,,normal,452956.0,http://gatherer.wizards.com/Handlers/Image.ashx?multiverseid=452956&type=card,Dimir,"[{'date': '2018-10-05', 'text': ""You surveil 1 even if the opponent doesn't discard a card, perhaps because they had no cards in hand at all.""}, {'date': '2018-10-05', 'text': 'When you surveil, you may put all the cards you look at back on top of your library, you may put all of those cards into your graveyard, or you may put some of those cards on top and the rest of them into your graveyard.'}, {'date': '2018-10-05', 'text': ""You perform the actions stated on a card in sequence. For some spells and abilities, you'll surveil last. For others, you'll surveil and then perform other actions.""}, {'date': '2018-10-05', 'text': ""Some spells that instruct you to surveil require targets. You can't cast a spell without choosing legal targets. If all of those targets become illegal, the spell doesn't resolve and you won't surveil.""}]","[{'name': 'Gedankenlöschung', 'imageUrl': 'http://gatherer.wizards.com/Handlers/Image.ashx?multiverseid=453215&type=card', 'language': 'German', 'multiverseid': 453215}, {'name': 'Borrar los pensamientos', 'imageUrl': 'http://gatherer.wizards.com/Handlers/Image.ashx?multiverseid=453474&type=card', 'language': 'Spanish', 'multiverseid': 453474}, {'name': 'Effacement des pensées', 'imageUrl': 'http://gatherer.wizards.com/Handlers/Image.ashx?multiverseid=453733&type=card', 'language': 'French', 'multiverseid': 453733}, {'name': 'Cancellazione del Pensiero', 'imageUrl': 'http://gatherer.wizards.com/Handlers/Image.ashx?multiverseid=453992&type=card', 'language': 'Italian', 'multiverseid': 453992}, {'name': '思考消去', 'imageUrl': 'http://gatherer.wizards.com/Handlers/Image.ashx?multiverseid=454251&type=card', 'language': 'Japanese', 'multiverseid': 454251}, {'name': '기억 소거', 'imageUrl': 'http://gatherer.wizards.com/Handlers/Image.ashx?multiverseid=454510&type=card', 'language': 'Korean', 'multiverseid': 454510}, {'name': 'Dissolução do Pensamento', 'imageUrl': 'http://gatherer.wizards.com/Handlers/Image.ashx?multiverseid=454769&type=card', 'language': 'Portuguese (Brazil)', 'multiverseid': 454769}, {'name': 'Стирание Мыслей', 'imageUrl': 'http://gatherer.wizards.com/Handlers/Image.ashx?multiverseid=455028&type=card', 'language': 'Russian', 'multiverseid': 455028}, {'name': '抹消思绪', 'imageUrl': 'http://gatherer.wizards.com/Handlers/Image.ashx?multiverseid=455287&type=card', 'language': 'Chinese Simplified', 'multiverseid': 455287}, {'name': '抹消思緒', 'imageUrl': 'http://gatherer.wizards.com/Handlers/Image.ashx?multiverseid=455546&type=card', 'language': 'Chinese Traditional', 'multiverseid': 455546}]",['GRN'],"Target opponent reveals their hand. You choose a nonland card from it. That player discards that card.
Surveil 1. <i>(Look at the top card of your library. You may put it into your graveyard.)</i>",Sorcery,1f92e3209bc06acbf792666363221cce5d389031,Dimir Control,,,,"""It's truly the highest honor, isn't it? To be remembered? Pity for you.""",,,
Vraska's Contempt,3,Vraska's Contempt,{2}{B}{B},4,['Black'],['B'],Instant,['Instant'],,Rare,XLN,Ixalan,Exile target creature or planeswalker. You gain 2 life.,Clint Cearley,129,,,normal,435283.0,http://gatherer.wizards.com/Handlers/Image.ashx?multiverseid=435283&type=card,,"[{'date': '2017-09-29', 'text': ""If the target creature or planeswalker is an illegal target by the time Vraska's Contempt resolves, the entire spell doesn't resolve. You won't gain life.""}, {'date': '2018-01-19', 'text': 'There are many important moments in the story, but the most crucial—called ""story spotlights""—are shown on cards. These cards have the Planeswalker symbol in their text box; this symbol has no effect on gameplay. You can read more about these events in the official Magic fiction at http://www.mtgstory.com.'}]","[{'name': 'Vraskas Verachtung', 'imageUrl': 'http://gatherer.wizards.com/Handlers/Image.ashx?multiverseid=435582&type=card', 'language': 'German', 'multiverseid': 435582}, {'name': 'Mépris de Vraska', 'imageUrl': 'http://gatherer.wizards.com/Handlers/Image.ashx?multiverseid=435881&type=card', 'language': 'French', 'multiverseid': 435881}, {'name': 'Disprezzo di Vraska', 'imageUrl': 'http://gatherer.wizards.com/Handlers/Image.ashx?multiverseid=436180&type=card', 'language': 'Italian', 'multiverseid': 436180}, {'name': 'ヴラスカの侮辱', 'imageUrl': 'http://gatherer.wizards.com/Handlers/Image.ashx?multiverseid=436479&type=card', 'language': 'Japanese', 'multiverseid': 436479}, {'name': '브라스카의 경멸', 'imageUrl': 'http://gatherer.wizards.com/Handlers/Image.ashx?multiverseid=436778&type=card', 'language': 'Korean', 'multiverseid': 436778}, {'name': 'Desprezo de Vraska', 'imageUrl': 'http://gatherer.wizards.com/Handlers/Image.ashx?multiverseid=437077&type=card', 'language': 'Portuguese (Brazil)', 'multiverseid': 437077}, {'name': 'Презрение Враски', 'imageUrl': 'http://gatherer.wizards.com/Handlers/Image.ashx?multiverseid=437376&type=card', 'language': 'Russian', 'multiverseid': 437376}, {'name': 'Desprecio de Vraska', 'imageUrl': 'http://gatherer.wizards.com/Handlers/Image.ashx?multiverseid=437675&type=card', 'language': 'Spanish', 'multiverseid': 437675}, {'name': '瓦丝卡的藐视', 'imageUrl': 'http://gatherer.wizards.com/Handlers/Image.ashx?multiverseid=437974&type=card', 'language': 'Chinese Simplified', 'multiverseid': 437974}, {'name': '瓦絲卡的藐視', 'imageUrl': 'http://gatherer.wizards.com/Handlers/Image.ashx?multiverseid=438273&type=card', 'language': 'Chinese Traditional', 'multiverseid': 438273}]",['XLN'],Exile target creature or planeswalker. You gain 2 life.,Instant,ab73011eeebeb1e62ae5e4e124eeb2fdde396dac,Dimir Control,,,"[{'format': 'Brawl', 'legality': 'Legal'}, {'format': 'Commander', 'legality': 'Legal'}, {'format': 'Legacy', 'legality': 'Legal'}, {'format': 'Modern', 'legality': 'Legal'}, {'format': 'Standard', 'legality': 'Legal'}, {'format': 'Vintage', 'legality': 'Legal'}]",It wasn't long before the taverns of High and Dry were full of whispers about the new captain who could turn a person to stone with a glance.,,,
Watery Grave,4,Watery Grave,,0,,"['U', 'B']",Land — Island Swamp,['Land'],"['Island', 'Swamp']",Mythic Rare,EXP,Zendikar Expeditions,"({T}: Add {U} or {B}.)
As Watery Grave enters the battlefield, you may pay 2 life. If you don't, Watery Grave enters the battlefield tapped.",Min Yum,7,,,normal,405114.0,http://gatherer.wizards.com/Handlers/Image.ashx?multiverseid=405114&type=card,,"[{'date': '2005-10-01', 'text': ""Has basic land types, but isn't a basic land. Things that affect basic lands don't affect it. For example, you can't find it with Civic Wayfinder.""}, {'date': '2005-10-01', 'text': ""If another effect (such as Loxodon Gatekeeper's ability) tells you to put lands onto the battlefield tapped, it enters the battlefield tapped whether you pay 2 life or not.""}, {'date': '2005-10-01', 'text': 'If multiple permanents with ""as enters the battlefield"" effects are entering the battlefield at the same time, process those effects one at a time, then put the permanents onto the battlefield all at once. For example, if you\'re at 3 life and an effect puts two of these onto the battlefield, you can pay 2 life for only one of them, not both.'}]",,"['RAV', 'GTC', 'EXP']","As Watery Grave enters the battlefield, you may pay 2 life. If you don't, Watery Grave enters the battlefield tapped.",Land — Island Swamp,fa63b8fabe778f0d2789665c98772bdfcbecd859,Dimir Control,,,"[{'format': 'Commander', 'legality': 'Legal'}, {'format': 'Legacy', 'legality': 'Legal'}, {'format': 'Modern', 'legality': 'Legal'}, {'format': 'Vintage', 'legality': 'Legal'}]",,,,
