,quantity,name,manaCost,cmc,colors,colorIdentity,type,types,subtypes,rarity,set,setName,text,flavor,artist,number,power,toughness,layout,releaseDate,foreignNames,printings,legalities,source,id,Deck,multiverseid,imageUrl,rulings,originalText,originalType,watermark,supertypes,loyalty
Assassin's Trophy,1,Assassin's Trophy,{B}{G},2,"['Black', 'Green']","['B', 'G']",Instant,['Instant'],,Rare,GRN,Guilds of Ravnica,"Destroy target permanent an opponent controls. Its controller may search their library for a basic land card, put it onto the battlefield, then shuffle their library.",A power vacuum for the Azorius. A keepsake for Vraska.,Seb McKinnon,152,,,normal,,"[{'name': 'Trophäe der Meuchlerin', 'imageUrl': 'http://gatherer.wizards.com/Handlers/Image.ashx?multiverseid=453161&type=card', 'language': 'German', 'multiverseid': 453161}, {'name': 'Trofeo de la asesina', 'imageUrl': 'http://gatherer.wizards.com/Handlers/Image.ashx?multiverseid=453420&type=card', 'language': 'Spanish', 'multiverseid': 453420}, {'name': ""Trophée de l'assassin"", 'imageUrl': 'http://gatherer.wizards.com/Handlers/Image.ashx?multiverseid=453679&type=card', 'language': 'French', 'multiverseid': 453679}, {'name': ""Trofeo dell'Assassina"", 'imageUrl': 'http://gatherer.wizards.com/Handlers/Image.ashx?multiverseid=453938&type=card', 'language': 'Italian', 'multiverseid': 453938}, {'name': '暗殺者の戦利品', 'imageUrl': 'http://gatherer.wizards.com/Handlers/Image.ashx?multiverseid=454197&type=card', 'language': 'Japanese', 'multiverseid': 454197}, {'name': '암살자의 트로피', 'imageUrl': 'http://gatherer.wizards.com/Handlers/Image.ashx?multiverseid=454456&type=card', 'language': 'Korean', 'multiverseid': 454456}, {'name': 'Troféu do Assassino', 'imageUrl': 'http://gatherer.wizards.com/Handlers/Image.ashx?multiverseid=454715&type=card', 'language': 'Portuguese (Brazil)', 'multiverseid': 454715}, {'name': 'Трофей Убийцы', 'imageUrl': 'http://gatherer.wizards.com/Handlers/Image.ashx?multiverseid=454974&type=card', 'language': 'Russian', 'multiverseid': 454974}, {'name': '杀手留念', 'imageUrl': 'http://gatherer.wizards.com/Handlers/Image.ashx?multiverseid=455233&type=card', 'language': 'Chinese Simplified', 'multiverseid': 455233}, {'name': '殺手留念', 'imageUrl': 'http://gatherer.wizards.com/Handlers/Image.ashx?multiverseid=455492&type=card', 'language': 'Chinese Traditional', 'multiverseid': 455492}]",['GRN'],,,f5c7b609bdc634476b94a2479eaa697804a7671a,Golgari Midrange,452902.0,http://gatherer.wizards.com/Handlers/Image.ashx?multiverseid=452902&type=card,"[{'date': '2018-10-05', 'text': ""If the target permanent is an illegal target by the time Assassin's Trophy tries to resolve, the spell doesn't resolve. No player searches their library.""}, {'date': '2018-10-05', 'text': ""If the target permanent is a legal target but isn't destroyed, most likely because it has indestructible, its controller may search their library.""}, {'date': '2018-10-05', 'text': ""If the permanent's controller doesn't search their library, they don't shuffle their library.""}]","Destroy target permanent an opponent controls. Its controller may search their library for a basic land card, put it onto the battlefield, then shuffle their library.",Instant,,,
Carnage Tyrant,1,Carnage Tyrant,{4}{G}{G},6,['Green'],['G'],Creature — Dinosaur,['Creature'],['Dinosaur'],Mythic Rare,XLN,Ixalan,"This spell can't be countered.
Trample, hexproof","Sun Empire commanders are well versed in advanced martial strategy. Still, the correct maneuver is usually to deploy the giant, implacable death lizard.",Yeong-Hao Han,179,7,6,normal,,"[{'name': 'Metzelnder Tyrann', 'imageUrl': 'http://gatherer.wizards.com/Handlers/Image.ashx?multiverseid=435633&type=card', 'language': 'German', 'multiverseid': 435633}, {'name': 'Tyran du carnage', 'imageUrl': 'http://gatherer.wizards.com/Handlers/Image.ashx?multiverseid=435932&type=card', 'language': 'French', 'multiverseid': 435932}, {'name': 'Tiranno della Carneficina', 'imageUrl': 'http://gatherer.wizards.com/Handlers/Image.ashx?multiverseid=436231&type=card', 'language': 'Italian', 'multiverseid': 436231}, {'name': '殺戮の暴君', 'imageUrl': 'http://gatherer.wizards.com/Handlers/Image.ashx?multiverseid=436530&type=card', 'language': 'Japanese', 'multiverseid': 436530}, {'name': '살육의 폭군', 'imageUrl': 'http://gatherer.wizards.com/Handlers/Image.ashx?multiverseid=436829&type=card', 'language': 'Korean', 'multiverseid': 436829}, {'name': 'Tirano da Carnificina', 'imageUrl': 'http://gatherer.wizards.com/Handlers/Image.ashx?multiverseid=437128&type=card', 'language': 'Portuguese (Brazil)', 'multiverseid': 437128}, {'name': 'Смертоносный Тиран', 'imageUrl': 'http://gatherer.wizards.com/Handlers/Image.ashx?multiverseid=437427&type=card', 'language': 'Russian', 'multiverseid': 437427}, {'name': 'Tirano masacrador', 'imageUrl': 'http://gatherer.wizards.com/Handlers/Image.ashx?multiverseid=437726&type=card', 'language': 'Spanish', 'multiverseid': 437726}, {'name': '杀戮暴霸龙', 'imageUrl': 'http://gatherer.wizards.com/Handlers/Image.ashx?multiverseid=438025&type=card', 'language': 'Chinese Simplified', 'multiverseid': 438025}, {'name': '殺戮暴霸龍', 'imageUrl': 'http://gatherer.wizards.com/Handlers/Image.ashx?multiverseid=438324&type=card', 'language': 'Chinese Traditional', 'multiverseid': 438324}]",['XLN'],"[{'format': 'Brawl', 'legality': 'Legal'}, {'format': 'Commander', 'legality': 'Legal'}, {'format': 'Legacy', 'legality': 'Legal'}, {'format': 'Modern', 'legality': 'Legal'}, {'format': 'Standard', 'legality': 'Legal'}, {'format': 'Vintage', 'legality': 'Legal'}]",,eeb701f35c0fd8f3dc5a9aafc41ffe72a7d2b7d3,Golgari Midrange,435334.0,http://gatherer.wizards.com/Handlers/Image.ashx?multiverseid=435334&type=card,,"Carnage Tyrant can't be countered.
Trample, hexproof",Creature — Dinosaur,,,
Cast Down,2,Cast Down,{1}{B},2,['Black'],['B'],Instant,['Instant'],,Uncommon,DOM,Dominaria,Destroy target nonlegendary creature.,"""Your life is finished, your name lost, and your work forgotten. It is as though Mazeura never existed.""
—Chainer's Torment",Bastien L. Deharme,81,,,normal,,"[{'name': 'Niederschlagen', 'imageUrl': 'http://gatherer.wizards.com/Handlers/Image.ashx?multiverseid=443238&type=card', 'language': 'German', 'multiverseid': 443238}, {'name': 'Caer en el olvido', 'imageUrl': 'http://gatherer.wizards.com/Handlers/Image.ashx?multiverseid=443507&type=card', 'language': 'Spanish', 'multiverseid': 443507}, {'name': 'Réduit à néant', 'imageUrl': 'http://gatherer.wizards.com/Handlers/Image.ashx?multiverseid=443776&type=card', 'language': 'French', 'multiverseid': 443776}, {'name': 'Prostrare', 'imageUrl': 'http://gatherer.wizards.com/Handlers/Image.ashx?multiverseid=444045&type=card', 'language': 'Italian', 'multiverseid': 444045}, {'name': '喪心', 'imageUrl': 'http://gatherer.wizards.com/Handlers/Image.ashx?multiverseid=444314&type=card', 'language': 'Japanese', 'multiverseid': 444314}, {'name': '넘어뜨리기', 'imageUrl': 'http://gatherer.wizards.com/Handlers/Image.ashx?multiverseid=444583&type=card', 'language': 'Korean', 'multiverseid': 444583}, {'name': 'Demover', 'imageUrl': 'http://gatherer.wizards.com/Handlers/Image.ashx?multiverseid=444852&type=card', 'language': 'Portuguese (Brazil)', 'multiverseid': 444852}, {'name': 'Повергнуть в Прах', 'imageUrl': 'http://gatherer.wizards.com/Handlers/Image.ashx?multiverseid=445121&type=card', 'language': 'Russian', 'multiverseid': 445121}, {'name': '湮灭', 'imageUrl': 'http://gatherer.wizards.com/Handlers/Image.ashx?multiverseid=445390&type=card', 'language': 'Chinese Simplified', 'multiverseid': 445390}, {'name': '湮滅', 'imageUrl': 'http://gatherer.wizards.com/Handlers/Image.ashx?multiverseid=445659&type=card', 'language': 'Chinese Traditional', 'multiverseid': 445659}]",['DOM'],"[{'format': 'Brawl', 'legality': 'Legal'}, {'format': 'Commander', 'legality': 'Legal'}, {'format': 'Legacy', 'legality': 'Legal'}, {'format': 'Modern', 'legality': 'Legal'}, {'format': 'Vintage', 'legality': 'Legal'}]",,2f5e1d31d1a464082a69b9cee613230318a6b5e6,Golgari Midrange,442969.0,http://gatherer.wizards.com/Handlers/Image.ashx?multiverseid=442969&type=card,,Destroy target nonlegendary creature.,Instant,,,
Deathgorge Scavenger,1,Deathgorge Scavenger,{2}{G},3,['Green'],['G'],Creature — Dinosaur,['Creature'],['Dinosaur'],Rare,XLN,Ixalan,"Whenever Deathgorge Scavenger enters the battlefield or attacks, you may exile target card from a graveyard. If a creature card is exiled this way, you gain 2 life. If a noncreature card is exiled this way, Deathgorge Scavenger gets +1/+1 until end of turn.",,Tyler Jacobson,184,3,2,normal,,"[{'name': 'Todesschlucht-Aasfresser', 'imageUrl': 'http://gatherer.wizards.com/Handlers/Image.ashx?multiverseid=435638&type=card', 'language': 'German', 'multiverseid': 435638}, {'name': 'Charognard avaleur de cadavres', 'imageUrl': 'http://gatherer.wizards.com/Handlers/Image.ashx?multiverseid=435937&type=card', 'language': 'French', 'multiverseid': 435937}, {'name': 'Saprofago Sbranamorte', 'imageUrl': 'http://gatherer.wizards.com/Handlers/Image.ashx?multiverseid=436236&type=card', 'language': 'Italian', 'multiverseid': 436236}, {'name': '貪る死肉あさり', 'imageUrl': 'http://gatherer.wizards.com/Handlers/Image.ashx?multiverseid=436535&type=card', 'language': 'Japanese', 'multiverseid': 436535}, {'name': '사체포식 청소부', 'imageUrl': 'http://gatherer.wizards.com/Handlers/Image.ashx?multiverseid=436834&type=card', 'language': 'Korean', 'multiverseid': 436834}, {'name': 'Carniceiro Gorja da Morte', 'imageUrl': 'http://gatherer.wizards.com/Handlers/Image.ashx?multiverseid=437133&type=card', 'language': 'Portuguese (Brazil)', 'multiverseid': 437133}, {'name': 'Трупожор-Падальщик', 'imageUrl': 'http://gatherer.wizards.com/Handlers/Image.ashx?multiverseid=437432&type=card', 'language': 'Russian', 'multiverseid': 437432}, {'name': 'Carroñero engullemuertos', 'imageUrl': 'http://gatherer.wizards.com/Handlers/Image.ashx?multiverseid=437731&type=card', 'language': 'Spanish', 'multiverseid': 437731}, {'name': '噬尸食腐龙', 'imageUrl': 'http://gatherer.wizards.com/Handlers/Image.ashx?multiverseid=438030&type=card', 'language': 'Chinese Simplified', 'multiverseid': 438030}, {'name': '噬屍食腐龍', 'imageUrl': 'http://gatherer.wizards.com/Handlers/Image.ashx?multiverseid=438329&type=card', 'language': 'Chinese Traditional', 'multiverseid': 438329}]",['XLN'],"[{'format': 'Brawl', 'legality': 'Legal'}, {'format': 'Commander', 'legality': 'Legal'}, {'format': 'Legacy', 'legality': 'Legal'}, {'format': 'Modern', 'legality': 'Legal'}, {'format': 'Standard', 'legality': 'Legal'}, {'format': 'Vintage', 'legality': 'Legal'}]",,ee91f43cc944b96877e5bb26adee08a2c692a83e,Golgari Midrange,435339.0,http://gatherer.wizards.com/Handlers/Image.ashx?multiverseid=435339&type=card,"[{'date': '2017-09-29', 'text': ""There's no way to get both bonuses at once while Deathgorge Scavenger's ability is resolving. If an artifact creature card is exiled this way, it's a creature card and not a noncreature card.""}]","Whenever Deathgorge Scavenger enters the battlefield or attacks, you may exile target card from a graveyard. If a creature card is exiled this way, you gain 2 life. If a noncreature card is exiled this way, Deathgorge Scavenger gets +1/+1 until end of turn.",Creature — Dinosaur,,,
Detection Tower,1,Detection Tower,,0,,,Land,['Land'],,Rare,M19,Core Set 2019,"{T}: Add {C}.
{1}, {T}: Until end of turn, your opponents and creatures your opponents control with hexproof can be the targets of spells and abilities you control as though they didn't have hexproof.",Its light exposes enemies and lays secrets bare.,Adam Paquette,249,,,normal,,"[{'name': 'Ortungsturm', 'imageUrl': 'http://gatherer.wizards.com/Handlers/Image.ashx?multiverseid=447667&type=card', 'language': 'German', 'multiverseid': 447667}, {'name': 'Torre de detección', 'imageUrl': 'http://gatherer.wizards.com/Handlers/Image.ashx?multiverseid=447948&type=card', 'language': 'Spanish', 'multiverseid': 447948}, {'name': 'Tour de détection', 'imageUrl': 'http://gatherer.wizards.com/Handlers/Image.ashx?multiverseid=448229&type=card', 'language': 'French', 'multiverseid': 448229}, {'name': 'Torre di Avvistamento', 'imageUrl': 'http://gatherer.wizards.com/Handlers/Image.ashx?multiverseid=448510&type=card', 'language': 'Italian', 'multiverseid': 448510}, {'name': '探知の塔', 'imageUrl': 'http://gatherer.wizards.com/Handlers/Image.ashx?multiverseid=448791&type=card', 'language': 'Japanese', 'multiverseid': 448791}, {'name': '탐지탑', 'imageUrl': 'http://gatherer.wizards.com/Handlers/Image.ashx?multiverseid=449072&type=card', 'language': 'Korean', 'multiverseid': 449072}, {'name': 'Torre de Detecção', 'imageUrl': 'http://gatherer.wizards.com/Handlers/Image.ashx?multiverseid=449353&type=card', 'language': 'Portuguese (Brazil)', 'multiverseid': 449353}, {'name': 'Башня Обнаружения', 'imageUrl': 'http://gatherer.wizards.com/Handlers/Image.ashx?multiverseid=449634&type=card', 'language': 'Russian', 'multiverseid': 449634}, {'name': '探测塔', 'imageUrl': 'http://gatherer.wizards.com/Handlers/Image.ashx?multiverseid=449915&type=card', 'language': 'Chinese Simplified', 'multiverseid': 449915}, {'name': '探測塔', 'imageUrl': 'http://gatherer.wizards.com/Handlers/Image.ashx?multiverseid=450196&type=card', 'language': 'Chinese Traditional', 'multiverseid': 450196}]",['M19'],"[{'format': 'Brawl', 'legality': 'Legal'}, {'format': 'Commander', 'legality': 'Legal'}, {'format': 'Legacy', 'legality': 'Legal'}, {'format': 'Modern', 'legality': 'Legal'}, {'format': 'Vintage', 'legality': 'Legal'}]",,c687711f6914fec37f376d42042702c1d01062bc,Golgari Midrange,447386.0,http://gatherer.wizards.com/Handlers/Image.ashx?multiverseid=447386&type=card,"[{'date': '2018-07-13', 'text': ""Your opponents and creatures your opponents control don't actually lose hexproof, although you will ignore hexproof for purposes of choosing targets of spells and abilities you control.""}, {'date': '2018-07-13', 'text': 'Creatures your opponents control with ""hexproof from [quality]"" abilities can be targeted as though they didn\'t have those abilities as well.'}, {'date': '2018-07-13', 'text': ""Because Detection Tower's last ability doesn't change the characteristics of any permanents, the set of creatures affected by it is constantly updated. Creatures that come under your opponents' control later in the turn can be targeted as though they didn't have hexproof.""}]","{T}: Add {C}.
{1}, {T}: Until end of turn, your opponents and creatures your opponents control with hexproof can be the targets of spells and abilities you control as though they didn't have hexproof.",Land,,,
Doom Whisperer,2,Doom Whisperer,{3}{B}{B},5,['Black'],['B'],Creature — Nightmare Demon,['Creature'],"['Nightmare', 'Demon']",Mythic Rare,GRN,Guilds of Ravnica,"Flying, trample
Pay 2 life: Surveil 2. (Look at the top two cards of your library, then put any number of them into your graveyard and the rest on top of your library in any order.)",The sound of every twisted secret tempts you to hear another.,Vincent Proce,69,6,6,normal,,"[{'name': 'Verkünder des Untergangs', 'imageUrl': 'http://gatherer.wizards.com/Handlers/Image.ashx?multiverseid=453078&type=card', 'language': 'German', 'multiverseid': 453078}, {'name': 'Susurrador de la fatalidad', 'imageUrl': 'http://gatherer.wizards.com/Handlers/Image.ashx?multiverseid=453337&type=card', 'language': 'Spanish', 'multiverseid': 453337}, {'name': 'Chuchoteur de mort', 'imageUrl': 'http://gatherer.wizards.com/Handlers/Image.ashx?multiverseid=453596&type=card', 'language': 'French', 'multiverseid': 453596}, {'name': 'Sussurratore del Fato', 'imageUrl': 'http://gatherer.wizards.com/Handlers/Image.ashx?multiverseid=453855&type=card', 'language': 'Italian', 'multiverseid': 453855}, {'name': '破滅を囁くもの', 'imageUrl': 'http://gatherer.wizards.com/Handlers/Image.ashx?multiverseid=454114&type=card', 'language': 'Japanese', 'multiverseid': 454114}, {'name': '파멸을 속삭이는 자', 'imageUrl': 'http://gatherer.wizards.com/Handlers/Image.ashx?multiverseid=454373&type=card', 'language': 'Korean', 'multiverseid': 454373}, {'name': 'Sussurrador da Ruína', 'imageUrl': 'http://gatherer.wizards.com/Handlers/Image.ashx?multiverseid=454632&type=card', 'language': 'Portuguese (Brazil)', 'multiverseid': 454632}, {'name': 'Шепчущая Погибель', 'imageUrl': 'http://gatherer.wizards.com/Handlers/Image.ashx?multiverseid=454891&type=card', 'language': 'Russian', 'multiverseid': 454891}, {'name': '毁灭低语魔', 'imageUrl': 'http://gatherer.wizards.com/Handlers/Image.ashx?multiverseid=455150&type=card', 'language': 'Chinese Simplified', 'multiverseid': 455150}, {'name': '毀滅低語魔', 'imageUrl': 'http://gatherer.wizards.com/Handlers/Image.ashx?multiverseid=455409&type=card', 'language': 'Chinese Traditional', 'multiverseid': 455409}]",['GRN'],,,2f8264a15cd3a2c2f96df84d89f179de985af655,Golgari Midrange,452819.0,http://gatherer.wizards.com/Handlers/Image.ashx?multiverseid=452819&type=card,"[{'date': '2018-10-05', 'text': 'When you surveil, you may put all the cards you look at back on top of your library, you may put all of those cards into your graveyard, or you may put some of those cards on top and the rest of them into your graveyard.'}, {'date': '2018-10-05', 'text': ""You perform the actions stated on a card in sequence. For some spells and abilities, you'll surveil last. For others, you'll surveil and then perform other actions.""}]","Flying, trample
Pay 2 life: Surveil 2. <i>(Look at the top two cards of your library, then put any number of them into your graveyard and the rest on top of your library in any order.)</i>",Creature — Nightmare Demon,Dimir,,
Duress,3,Duress,{B},1,['Black'],['B'],Sorcery,['Sorcery'],,Special,pMEI,Media Inserts,"Target opponent reveals his or her hand. You choose a noncreature, nonland card from it. That player discards that card.","""Your night names inspire me, Dack!""",Michael Komarck,84,,,normal,2014-03-19,"[{'name': '逼从', 'language': 'Chinese Simplified'}, {'name': '逼從', 'language': 'Chinese Traditional'}, {'name': 'Contrainte', 'language': 'French'}, {'name': 'Zwang', 'language': 'German'}, {'name': 'Costrizione', 'language': 'Italian'}, {'name': '強迫', 'language': 'Japanese'}, {'name': '구속', 'language': 'Korean'}, {'name': 'Coagir', 'language': 'Portuguese (Brazil)'}, {'name': 'Насилие', 'language': 'Russian'}, {'name': 'Coacción', 'language': 'Spanish'}]","['pMEI', 'pARL', 'USG', 'pFNM', '7ED', 'DDC', 'M10', 'M11', 'PD3', 'M13', 'M14', 'MD1', 'DD3_DVD', 'DTK', 'EMA', 'XLN', 'IMA']","[{'format': 'Commander', 'legality': 'Legal'}, {'format': 'Ixalan Block', 'legality': 'Legal'}, {'format': 'Khans of Tarkir Block', 'legality': 'Legal'}, {'format': 'Legacy', 'legality': 'Legal'}, {'format': 'Modern', 'legality': 'Legal'}, {'format': 'Standard', 'legality': 'Legal'}, {'format': 'Urza Block', 'legality': 'Legal'}, {'format': 'Vintage', 'legality': 'Legal'}]",IDW Comic Book Theros Issue #5,ea6c1128726226857c91278cf4eda6c17043b7df,Golgari Midrange,,,,,,,,
Find // Finality,3,"Finders, Keepers",{5}{B},6,['Black'],['B'],Sorcery,['Sorcery'],,Common,UST,Unstable,"Destroy target creature, then assemble a Contraption. (Put the top card of your Contraption deck face up onto one of your sprockets.)",The S.N.E.A.K. Code clearly permits looting corpses for parts. That just meant Agent 47.3 had to make sure her target was dead first.,Mark Behm,55,,,normal,,,['UST'],,,c5e0986ab99abbcb98e59fb7396c495be54ec19a,Golgari Midrange,439444.0,http://gatherer.wizards.com/Handlers/Image.ashx?multiverseid=439444&type=card,,"Destroy target creature, then assemble a Contraption. (Put the top card of your Contraption deck face up onto one of your sprockets.)",Sorcery,Agents of S.N.E.A.K.,,
Forest,7,Forest,,0,,['G'],Basic Land — Forest,['Land'],['Forest'],Basic Land,UST,Unstable,,,John Avon,216,,,normal,,,"['LEA', 'LEB', '2ED', 'CED', 'CEI', '3ED', '4ED', 'ICE', 'RQS', 'pARL', 'MIR', 'ITP', '5ED', 'POR', 'TMP', 'pJGP', 'PO2', 'UGL', 'pALP', 'USG', 'ATH', '6ED', 'PTK', 'pGRU', 'S99', 'MMQ', 'BRB', 'pELP', 'S00', 'BTD', 'INV', '7ED', 'ODY', 'DKM', 'ONS', '8ED', 'MRD', 'CHK', 'UNH', '9ED', 'RAV', 'CST', 'TSP', '10E', 'MED', 'LRW', 'EVG', 'SHM', 'ALA', 'M10', 'HOP', 'ME3', 'ZEN', 'DDD', 'H09', 'DDE', 'ROE', 'DPA', 'ARC', 'M11', 'SOM', 'MBS', 'DDG', 'NPH', 'CMD', 'M12', 'DDH', 'ISD', 'AVR', 'PC2', 'M13', 'DDJ', 'RTR', 'M14', 'DDL', 'THS', 'C13', 'DDM', 'M15', 'KTK', 'C14', 'DD3_EVG', 'DD3_GVL', 'FRF', 'DDO', 'DTK', 'TPR', 'ORI', 'DDP', 'BFZ', 'C15', 'SOI', 'DDR', 'KLD', 'C16', 'PCA', 'DDS', 'AKH', 'CMA', 'E01', 'HOU', 'C17', 'XLN', 'UST', 'RIX', 'DDU', 'DOM', 'BBD', 'CM2', 'GS1', 'M19', 'C18']","[{'format': 'Brawl', 'legality': 'Legal'}, {'format': 'Commander', 'legality': 'Legal'}, {'format': 'Legacy', 'legality': 'Legal'}, {'format': 'Modern', 'legality': 'Legal'}, {'format': 'Standard', 'legality': 'Legal'}, {'format': 'Vintage', 'legality': 'Legal'}]",,70523a1e8264d75a44d6d18af66f813dda4e7960,Golgari Midrange,439605.0,http://gatherer.wizards.com/Handlers/Image.ashx?multiverseid=439605&type=card,,,Basic Land — Forest,Green,['Basic'],
Golden Demise,2,Golden Demise,{1}{B}{B},3,['Black'],['B'],Sorcery,['Sorcery'],,Uncommon,RIX,Rivals of Ixalan,"Ascend (If you control ten or more permanents, you get the city's blessing for the rest of the game.)
All creatures get -2/-2 until end of turn. If you have the city's blessing, instead only creatures your opponents control get -2/-2 until end of turn.",,Deruchenko Alexander,73,,,normal,,"[{'name': 'Goldener Untergang', 'imageUrl': 'http://gatherer.wizards.com/Handlers/Image.ashx?multiverseid=439933&type=card', 'language': 'German', 'multiverseid': 439933}, {'name': 'Defunción dorada', 'imageUrl': 'http://gatherer.wizards.com/Handlers/Image.ashx?multiverseid=440136&type=card', 'language': 'Spanish', 'multiverseid': 440136}, {'name': 'Décès doré', 'imageUrl': 'http://gatherer.wizards.com/Handlers/Image.ashx?multiverseid=440339&type=card', 'language': 'French', 'multiverseid': 440339}, {'name': 'Dipartita Dorata', 'imageUrl': 'http://gatherer.wizards.com/Handlers/Image.ashx?multiverseid=440542&type=card', 'language': 'Italian', 'multiverseid': 440542}, {'name': '黄金の死', 'imageUrl': 'http://gatherer.wizards.com/Handlers/Image.ashx?multiverseid=440745&type=card', 'language': 'Japanese', 'multiverseid': 440745}, {'name': '황금빛 종말', 'imageUrl': 'http://gatherer.wizards.com/Handlers/Image.ashx?multiverseid=440948&type=card', 'language': 'Korean', 'multiverseid': 440948}, {'name': 'Perecimento Dourado', 'imageUrl': 'http://gatherer.wizards.com/Handlers/Image.ashx?multiverseid=441151&type=card', 'language': 'Portuguese (Brazil)', 'multiverseid': 441151}, {'name': 'Золотая Гибель', 'imageUrl': 'http://gatherer.wizards.com/Handlers/Image.ashx?multiverseid=441354&type=card', 'language': 'Russian', 'multiverseid': 441354}, {'name': '金光殒命', 'imageUrl': 'http://gatherer.wizards.com/Handlers/Image.ashx?multiverseid=441557&type=card', 'language': 'Chinese Simplified', 'multiverseid': 441557}, {'name': '金光殞命', 'imageUrl': 'http://gatherer.wizards.com/Handlers/Image.ashx?multiverseid=441760&type=card', 'language': 'Chinese Traditional', 'multiverseid': 441760}]",['RIX'],"[{'format': 'Brawl', 'legality': 'Legal'}, {'format': 'Commander', 'legality': 'Legal'}, {'format': 'Legacy', 'legality': 'Legal'}, {'format': 'Modern', 'legality': 'Legal'}, {'format': 'Vintage', 'legality': 'Legal'}]",,408c0c9805e75d6d7f362faf453c6a7a77d17a94,Golgari Midrange,439730.0,http://gatherer.wizards.com/Handlers/Image.ashx?multiverseid=439730&type=card,"[{'date': '2018-01-19', 'text': ""Golden Demise affects only creatures that are on the battlefield at the time it resolves. Creatures that enter the battlefield later in the turn won't get -2/-2. Similarly, if you have the city's blessing, creatures that come under your opponents' control later in the turn won't get -2/-2.""}, {'date': '2018-01-19', 'text': ""Once you have the city's blessing, you have it for the rest of the game, even if you lose control of some or all of your permanents. The city's blessing isn't a permanent itself and can't be removed by any effect.""}, {'date': '2018-01-19', 'text': ""A permanent is any object on the battlefield, including tokens and lands. Spells and emblems aren't permanents.""}, {'date': '2018-01-19', 'text': ""If you cast a spell with ascend, you don't get the city's blessing until it resolves. Players may respond to that spell by trying to change whether you get the city's blessing.""}, {'date': '2018-01-19', 'text': ""If you control ten permanents but don't control a permanent or resolving spell with ascend, you don't get the city's blessing. For example, if you control ten permanents, lose control of one, then cast Golden Demise, you won't have the city's blessing and the spell will affect creatures you control.""}, {'date': '2018-01-19', 'text': 'If your tenth permanent enters the battlefield and then a permanent leaves the battlefield immediately afterwards (most likely due to the ""Legend Rule"" or due to being a creature with 0 toughness), you get the city\'s blessing before it leaves the battlefield.'}]","Ascend (If you control ten or more permanents, you get the city's blessing for the rest of the game.)
All creatures get -2/-2 until end of turn. If you have the city's blessing, instead only creatures your opponents control get -2/-2 until end of turn.",Sorcery,,,
Golgari Guildgate,1,Golgari Guildgate,,0,,"['B', 'G']",Land — Gate,['Land'],['Gate'],Common,MM3,Modern Masters 2017 Edition,"Golgari Guildgate enters the battlefield tapped.
{T}: Add {B} or {G}.",Every part of the gate was reclaimed from forgotten ruins and imbued with new purpose by the Swarm.,Eytan Zana,235,,,normal,,"[{'name': '葛加理公会门', 'imageUrl': 'http://gatherer.wizards.com/Handlers/Image.ashx?multiverseid=426309&type=card', 'language': 'Chinese Simplified', 'multiverseid': 426309}, {'name': 'ゴルガリのギルド門', 'imageUrl': 'http://gatherer.wizards.com/Handlers/Image.ashx?multiverseid=426558&type=card', 'language': 'Japanese', 'multiverseid': 426558}]","['RTR', 'DGM', 'C13', 'DDM', 'C15', 'MM3', 'CMA']","[{'format': 'Commander', 'legality': 'Legal'}, {'format': 'Legacy', 'legality': 'Legal'}, {'format': 'Modern', 'legality': 'Legal'}, {'format': 'Vintage', 'legality': 'Legal'}]",,27fbf0b3369648a4dfbe34b2e97021825fe0bda0,Golgari Midrange,426060.0,http://gatherer.wizards.com/Handlers/Image.ashx?multiverseid=426060&type=card,"[{'date': '2013-04-15', 'text': 'The subtype Gate has no special rules significance, but other spells and abilities may refer to it.'}, {'date': '2013-04-15', 'text': 'Gate is not a basic land type.'}]","Golgari Guildgate enters the battlefield tapped.
{T}: Add {B} or {G} to your mana pool.",Land — Gate,,,
Jadelight Ranger,4,Jadelight Ranger,{1}{G}{G},3,['Green'],['G'],Creature — Merfolk Scout,['Creature'],"['Merfolk', 'Scout']",Rare,RIX,Rivals of Ixalan,"When Jadelight Ranger enters the battlefield, it explores, then it explores again. (Reveal the top card of your library. Put that card into your hand if it's a land. Otherwise, put a +1/+1 counter on this creature, then put the card back or put it into your graveyard. Then repeat this process.)",,Jason Rainville,136,2,1,normal,,"[{'name': 'Jadelicht-Jägerin', 'imageUrl': 'http://gatherer.wizards.com/Handlers/Image.ashx?multiverseid=439996&type=card', 'language': 'German', 'multiverseid': 439996}, {'name': 'Guardabosque luz de jade', 'imageUrl': 'http://gatherer.wizards.com/Handlers/Image.ashx?multiverseid=440199&type=card', 'language': 'Spanish', 'multiverseid': 440199}, {'name': 'Ranger jadefeu', 'imageUrl': 'http://gatherer.wizards.com/Handlers/Image.ashx?multiverseid=440402&type=card', 'language': 'French', 'multiverseid': 440402}, {'name': 'Ranger della Luce di Giada', 'imageUrl': 'http://gatherer.wizards.com/Handlers/Image.ashx?multiverseid=440605&type=card', 'language': 'Italian', 'multiverseid': 440605}, {'name': '翡翠光のレインジャー', 'imageUrl': 'http://gatherer.wizards.com/Handlers/Image.ashx?multiverseid=440808&type=card', 'language': 'Japanese', 'multiverseid': 440808}, {'name': '비취광채 레인저', 'imageUrl': 'http://gatherer.wizards.com/Handlers/Image.ashx?multiverseid=441011&type=card', 'language': 'Korean', 'multiverseid': 441011}, {'name': 'Patrulheira Jadeluzente', 'imageUrl': 'http://gatherer.wizards.com/Handlers/Image.ashx?multiverseid=441214&type=card', 'language': 'Portuguese (Brazil)', 'multiverseid': 441214}, {'name': 'Разведчица Нефритового Света', 'imageUrl': 'http://gatherer.wizards.com/Handlers/Image.ashx?multiverseid=441417&type=card', 'language': 'Russian', 'multiverseid': 441417}, {'name': '玉光巡林客', 'imageUrl': 'http://gatherer.wizards.com/Handlers/Image.ashx?multiverseid=441620&type=card', 'language': 'Chinese Simplified', 'multiverseid': 441620}, {'name': '玉光巡林客', 'imageUrl': 'http://gatherer.wizards.com/Handlers/Image.ashx?multiverseid=441823&type=card', 'language': 'Chinese Traditional', 'multiverseid': 441823}]",['RIX'],"[{'format': 'Brawl', 'legality': 'Legal'}, {'format': 'Commander', 'legality': 'Legal'}, {'format': 'Legacy', 'legality': 'Legal'}, {'format': 'Modern', 'legality': 'Legal'}, {'format': 'Vintage', 'legality': 'Legal'}]",,42be4350081d4d2b8a1d3dffc14a30ada74cfb8f,Golgari Midrange,439793.0,http://gatherer.wizards.com/Handlers/Image.ashx?multiverseid=439793&type=card,"[{'date': '2018-01-19', 'text': ""If you reveal a nonland card the first time Jadelight Ranger explores and leave it on top of your library, you'll reveal the same card the second time it explores. If you don't pretend to be surprised, you'll hurt Jadelight Ranger's feelings.""}, {'date': '2018-01-19', 'text': ""Once an ability that causes a creature to explore begins to resolve, no player may take any other actions until it's done. Notably, opponents can't try to remove the exploring creature after you reveal a nonland card but before it receives a counter.""}, {'date': '2018-01-19', 'text': ""If no card is revealed, most likely because that player's library is empty, the exploring creature receives a +1/+1 counter.""}, {'date': '2018-01-19', 'text': 'If a resolving spell or ability instructs a specific creature to explore but that creature has left the battlefield, the creature still explores. If you reveal a nonland card this way, you won\'t put a +1/+1 counter on anything, but you may put the revealed card into your graveyard. Effects that trigger ""whenever a creature you control explores"" trigger if appropriate.'}]","When Jadelight Ranger enters the battlefield, it explores, then it explores again. (Reveal the top card of your library. Put that card into your hand if it's a land. Otherwise, put a +1/+1 counter on this creature, then put the card back or put it into your graveyard. Then repeat this process.)",Creature — Merfolk Scout,,,
Llanowar Elves,4,Llanowar Elves,{G},1,['Green'],['G'],Creature — Elf Druid,['Creature'],"['Elf', 'Druid']",Special,pGTW,Gateway,{T}: Add {G} to your mana pool.,"Whenever the Llanowar elves gather the fruits of their forest, they leave one plant of each type untouched, considering that nature's portion.",Anson Maddocks,9,1,1,normal,2007-10,"[{'name': '罗堰妖精', 'language': 'Chinese Simplified'}, {'name': '羅堰妖精', 'language': 'Chinese Traditional'}, {'name': 'Elfes de Llanowar', 'language': 'French'}, {'name': 'Llanowarelfen', 'language': 'German'}, {'name': 'Elfi di Llanowar', 'language': 'Italian'}, {'name': 'ラノワールのエルフ', 'language': 'Japanese'}, {'name': '라노와의 엘프', 'language': 'Korean'}, {'name': 'Elfos de Llanowar', 'language': 'Portuguese (Brazil)'}, {'name': 'Лановарские Эльфы', 'language': 'Russian'}, {'name': 'Elfos de Llanowar', 'language': 'Spanish'}]","['LEA', 'LEB', '2ED', 'CED', 'CEI', '3ED', '4ED', '5ED', 'ATH', '6ED', 'BRB', 'pFNM', 'S00', 'BTD', '7ED', '9ED', 'pGTW', '10E', 'EVG', 'M10', 'M11', 'M12', 'C14', 'DD3_EVG', 'EMA', 'CMA']","[{'format': 'Commander', 'legality': 'Legal'}, {'format': 'Legacy', 'legality': 'Legal'}, {'format': 'Modern', 'legality': 'Legal'}, {'format': 'Vintage', 'legality': 'Legal'}]",Gateway Prize,5a36bcf9a7ebd6a5c914a8a801e34cd7e987a96b,Golgari Midrange,,,,,,,,
Memorial to Folly,2,Memorial to Folly,,0,,['B'],Land,['Land'],,Uncommon,DOM,Dominaria,"Memorial to Folly enters the battlefield tapped.
{T}: Add {B}.
{2}{B}, {T}, Sacrifice Memorial to Folly: Return target creature card from your graveyard to your hand.",,Sung Choi,242,,,normal,,"[{'name': 'Gedenkstätte der Torheit', 'imageUrl': 'http://gatherer.wizards.com/Handlers/Image.ashx?multiverseid=443399&type=card', 'language': 'German', 'multiverseid': 443399}, {'name': 'Monumento a la locura', 'imageUrl': 'http://gatherer.wizards.com/Handlers/Image.ashx?multiverseid=443668&type=card', 'language': 'Spanish', 'multiverseid': 443668}, {'name': 'Mémorial à la folie', 'imageUrl': 'http://gatherer.wizards.com/Handlers/Image.ashx?multiverseid=443937&type=card', 'language': 'French', 'multiverseid': 443937}, {'name': 'Monumento alla Follia', 'imageUrl': 'http://gatherer.wizards.com/Handlers/Image.ashx?multiverseid=444206&type=card', 'language': 'Italian', 'multiverseid': 444206}, {'name': '愚蒙の記念像', 'imageUrl': 'http://gatherer.wizards.com/Handlers/Image.ashx?multiverseid=444475&type=card', 'language': 'Japanese', 'multiverseid': 444475}, {'name': '어리석음의 기념비', 'imageUrl': 'http://gatherer.wizards.com/Handlers/Image.ashx?multiverseid=444744&type=card', 'language': 'Korean', 'multiverseid': 444744}, {'name': 'Memorial à Loucura', 'imageUrl': 'http://gatherer.wizards.com/Handlers/Image.ashx?multiverseid=445013&type=card', 'language': 'Portuguese (Brazil)', 'multiverseid': 445013}, {'name': 'Памятник Глупости', 'imageUrl': 'http://gatherer.wizards.com/Handlers/Image.ashx?multiverseid=445282&type=card', 'language': 'Russian', 'multiverseid': 445282}, {'name': '愚行纪念碑', 'imageUrl': 'http://gatherer.wizards.com/Handlers/Image.ashx?multiverseid=445551&type=card', 'language': 'Chinese Simplified', 'multiverseid': 445551}, {'name': '愚行紀念碑', 'imageUrl': 'http://gatherer.wizards.com/Handlers/Image.ashx?multiverseid=445820&type=card', 'language': 'Chinese Traditional', 'multiverseid': 445820}]",['DOM'],"[{'format': 'Brawl', 'legality': 'Legal'}, {'format': 'Commander', 'legality': 'Legal'}, {'format': 'Legacy', 'legality': 'Legal'}, {'format': 'Modern', 'legality': 'Legal'}, {'format': 'Vintage', 'legality': 'Legal'}]",,734364daf9dab273531a0aabd2e9b904ca06a2e1,Golgari Midrange,443130.0,http://gatherer.wizards.com/Handlers/Image.ashx?multiverseid=443130&type=card,,"Memorial to Folly enters the battlefield tapped.
{T}: Add {B}.
{2}{B}, {T}, Sacrifice Memorial to Folly: Return target creature card from your graveyard to your hand.",Land,,,
Merfolk Branchwalker,4,Merfolk Branchwalker,{1}{G},2,['Green'],['G'],Creature — Merfolk Scout,['Creature'],"['Merfolk', 'Scout']",Uncommon,XLN,Ixalan,"When Merfolk Branchwalker enters the battlefield, it explores. (Reveal the top card of your library. Put that card into your hand if it's a land. Otherwise, put a +1/+1 counter on this creature, then put the card back or put it into your graveyard.)",,Kieran Yanner,197,2,1,normal,,"[{'name': 'Meervolk-Wipfelstürmerin', 'imageUrl': 'http://gatherer.wizards.com/Handlers/Image.ashx?multiverseid=435652&type=card', 'language': 'German', 'multiverseid': 435652}, {'name': 'Marchebranche ondine', 'imageUrl': 'http://gatherer.wizards.com/Handlers/Image.ashx?multiverseid=435951&type=card', 'language': 'French', 'multiverseid': 435951}, {'name': 'Tritona Calcafronde', 'imageUrl': 'http://gatherer.wizards.com/Handlers/Image.ashx?multiverseid=436250&type=card', 'language': 'Italian', 'multiverseid': 436250}, {'name': 'マーフォークの枝渡り', 'imageUrl': 'http://gatherer.wizards.com/Handlers/Image.ashx?multiverseid=436549&type=card', 'language': 'Japanese', 'multiverseid': 436549}, {'name': '인어 가지보행자', 'imageUrl': 'http://gatherer.wizards.com/Handlers/Image.ashx?multiverseid=436848&type=card', 'language': 'Korean', 'multiverseid': 436848}, {'name': 'Andarilha das Copas Tritã', 'imageUrl': 'http://gatherer.wizards.com/Handlers/Image.ashx?multiverseid=437147&type=card', 'language': 'Portuguese (Brazil)', 'multiverseid': 437147}, {'name': 'Мерфолк-Древолаз', 'imageUrl': 'http://gatherer.wizards.com/Handlers/Image.ashx?multiverseid=437446&type=card', 'language': 'Russian', 'multiverseid': 437446}, {'name': 'Tritón cruzarramas', 'imageUrl': 'http://gatherer.wizards.com/Handlers/Image.ashx?multiverseid=437745&type=card', 'language': 'Spanish', 'multiverseid': 437745}, {'name': '缘木人鱼', 'imageUrl': 'http://gatherer.wizards.com/Handlers/Image.ashx?multiverseid=438044&type=card', 'language': 'Chinese Simplified', 'multiverseid': 438044}, {'name': '緣木人魚', 'imageUrl': 'http://gatherer.wizards.com/Handlers/Image.ashx?multiverseid=438343&type=card', 'language': 'Chinese Traditional', 'multiverseid': 438343}]",['XLN'],"[{'format': 'Brawl', 'legality': 'Legal'}, {'format': 'Commander', 'legality': 'Legal'}, {'format': 'Legacy', 'legality': 'Legal'}, {'format': 'Modern', 'legality': 'Legal'}, {'format': 'Standard', 'legality': 'Legal'}, {'format': 'Vintage', 'legality': 'Legal'}]",,74a71965cdec6e80fca39d5b9b24d7f091e99297,Golgari Midrange,435353.0,http://gatherer.wizards.com/Handlers/Image.ashx?multiverseid=435353&type=card,"[{'date': '2018-01-19', 'text': ""Once an ability that causes a creature to explore begins to resolve, no player may take any other actions until it's done. Notably, opponents can't try to remove the exploring creature after you reveal a nonland card but before it receives a counter.""}, {'date': '2018-01-19', 'text': ""If no card is revealed, most likely because that player's library is empty, the exploring creature receives a +1/+1 counter.""}, {'date': '2018-01-19', 'text': 'If a resolving spell or ability instructs a specific creature to explore but that creature has left the battlefield, the creature still explores. If you reveal a nonland card this way, you won\'t put a +1/+1 counter on anything, but you may put the revealed card into your graveyard. Effects that trigger ""whenever a creature you control explores"" trigger if appropriate.'}]","When Merfolk Branchwalker enters the battlefield, it explores. (Reveal the top card of your library. Put that card into your hand if it's a land. Otherwise, put a +1/+1 counter on this creature, then put the card back or put it into your graveyard.)",Creature — Merfolk Scout,,,
Midnight Reaper,2,Midnight Reaper,{2}{B},3,['Black'],['B'],Creature — Zombie Knight,['Creature'],"['Zombie', 'Knight']",Rare,GRN,Guilds of Ravnica,"Whenever a nontoken creature you control dies, Midnight Reaper deals 1 damage to you and you draw a card.","No one welcomes his visit, yet all must grant him tribute.",Sidharth Chaturvedi,77,3,2,normal,,"[{'name': 'Mitternachts-Sensenmann', 'imageUrl': 'http://gatherer.wizards.com/Handlers/Image.ashx?multiverseid=453086&type=card', 'language': 'German', 'multiverseid': 453086}, {'name': 'Segador de medianoche', 'imageUrl': 'http://gatherer.wizards.com/Handlers/Image.ashx?multiverseid=453345&type=card', 'language': 'Spanish', 'multiverseid': 453345}, {'name': 'Faucheur de minuit', 'imageUrl': 'http://gatherer.wizards.com/Handlers/Image.ashx?multiverseid=453604&type=card', 'language': 'French', 'multiverseid': 453604}, {'name': 'Mietitore di Mezzanotte', 'imageUrl': 'http://gatherer.wizards.com/Handlers/Image.ashx?multiverseid=453863&type=card', 'language': 'Italian', 'multiverseid': 453863}, {'name': '真夜中の死神', 'imageUrl': 'http://gatherer.wizards.com/Handlers/Image.ashx?multiverseid=454122&type=card', 'language': 'Japanese', 'multiverseid': 454122}, {'name': '한밤의 사신', 'imageUrl': 'http://gatherer.wizards.com/Handlers/Image.ashx?multiverseid=454381&type=card', 'language': 'Korean', 'multiverseid': 454381}, {'name': 'Ceifador da Meia-noite', 'imageUrl': 'http://gatherer.wizards.com/Handlers/Image.ashx?multiverseid=454640&type=card', 'language': 'Portuguese (Brazil)', 'multiverseid': 454640}, {'name': 'Полуночный Жнец', 'imageUrl': 'http://gatherer.wizards.com/Handlers/Image.ashx?multiverseid=454899&type=card', 'language': 'Russian', 'multiverseid': 454899}, {'name': '午夜镰刀手', 'imageUrl': 'http://gatherer.wizards.com/Handlers/Image.ashx?multiverseid=455158&type=card', 'language': 'Chinese Simplified', 'multiverseid': 455158}, {'name': '午夜鐮刀手', 'imageUrl': 'http://gatherer.wizards.com/Handlers/Image.ashx?multiverseid=455417&type=card', 'language': 'Chinese Traditional', 'multiverseid': 455417}]",['GRN'],,,740a1550ebbd7132185b82834de4c3d44e60df41,Golgari Midrange,452827.0,http://gatherer.wizards.com/Handlers/Image.ashx?multiverseid=452827&type=card,"[{'date': '2018-10-05', 'text': ""Midnight Reaper's ability triggers when it dies if it's not a token.""}, {'date': '2018-10-05', 'text': ""If Midnight Reaper dies at the same time as one or more other nontoken creatures you control, Midnight Reaper's ability triggers for each of them.""}]","Whenever a nontoken creature you control dies, Midnight Reaper deals 1 damage to you and you draw a card.",Creature — Zombie Knight,,,
Overgrown Tomb,4,Overgrown Tomb,,0,,"['B', 'G']",Land — Swamp Forest,['Land'],"['Swamp', 'Forest']",Mythic Rare,EXP,Zendikar Expeditions,"({T}: Add {B} or {G}.)
As Overgrown Tomb enters the battlefield, you may pay 2 life. If you don't, Overgrown Tomb enters the battlefield tapped.",,Noah Bradley,13,,,normal,,,"['RAV', 'RTR', 'EXP']","[{'format': 'Commander', 'legality': 'Legal'}, {'format': 'Legacy', 'legality': 'Legal'}, {'format': 'Modern', 'legality': 'Legal'}, {'format': 'Vintage', 'legality': 'Legal'}]",,c65d663a5e9b197cea6409beaba2eded2be75b01,Golgari Midrange,405103.0,http://gatherer.wizards.com/Handlers/Image.ashx?multiverseid=405103&type=card,"[{'date': '2005-10-01', 'text': ""Has basic land types, but isn't a basic land. Things that affect basic lands don't affect it. For example, you can't find it with Civic Wayfinder.""}, {'date': '2005-10-01', 'text': ""If another effect (such as Loxodon Gatekeeper's ability) tells you to put lands onto the battlefield tapped, it enters the battlefield tapped whether you pay 2 life or not.""}, {'date': '2005-10-01', 'text': 'If multiple permanents with ""as enters the battlefield"" effects are entering the battlefield at the same time, process those effects one at a time, then put the permanents onto the battlefield all at once. For example, if you\'re at 3 life and an effect puts two of these onto the battlefield, you can pay 2 life for only one of them, not both.'}]","As Overgrown Tomb enters the battlefield, you may pay 2 life. If you don't, Overgrown Tomb enters the battlefield tapped.",Land — Swamp Forest,,,
Ravenous Chupacabra,2,Ravenous Chupacabra,{2}{B}{B},4,['Black'],['B'],Creature — Beast Horror,['Creature'],"['Beast', 'Horror']",Uncommon,A25,Masters 25,"When Ravenous Chupacabra enters the battlefield, destroy target creature an opponent controls.",Opening Orazca unleashed more horrors than just the Immortal Sun.,Daarken,104,2,2,normal,,"[{'name': '貪欲なチュパカブラ', 'imageUrl': 'http://gatherer.wizards.com/Handlers/Image.ashx?multiverseid=442342&type=card', 'language': 'Japanese', 'multiverseid': 442342}, {'name': '贪食卓柏卡布拉', 'imageUrl': 'http://gatherer.wizards.com/Handlers/Image.ashx?multiverseid=442591&type=card', 'language': 'Chinese Simplified', 'multiverseid': 442591}]","['RIX', 'A25']","[{'format': 'Brawl', 'legality': 'Legal'}, {'format': 'Commander', 'legality': 'Legal'}, {'format': 'Legacy', 'legality': 'Legal'}, {'format': 'Modern', 'legality': 'Legal'}, {'format': 'Vintage', 'legality': 'Legal'}]",,0336e4e9aff2b6518b5391f42f3bc16f932ded2e,Golgari Midrange,442093.0,http://gatherer.wizards.com/Handlers/Image.ashx?multiverseid=442093&type=card,,"When Ravenous Chupacabra enters the battlefield, destroy target creature an opponent controls.",Creature — Beast Horror,Rivals of Ixalan,,
Reaver Ambush,1,Reaver Ambush,{2}{B},3,['Black'],['B'],Instant,['Instant'],,Uncommon,RIX,Rivals of Ixalan,Exile target creature with power 3 or less.,"Onora knew with sudden, grim certainty he would never see the Great River again.",Sidharth Chaturvedi,83,,,normal,,"[{'name': 'Räuberischer Hinterhalt', 'imageUrl': 'http://gatherer.wizards.com/Handlers/Image.ashx?multiverseid=439943&type=card', 'language': 'German', 'multiverseid': 439943}, {'name': 'Emboscada a cuchillo', 'imageUrl': 'http://gatherer.wizards.com/Handlers/Image.ashx?multiverseid=440146&type=card', 'language': 'Spanish', 'multiverseid': 440146}, {'name': 'Embuscade des pillards', 'imageUrl': 'http://gatherer.wizards.com/Handlers/Image.ashx?multiverseid=440349&type=card', 'language': 'French', 'multiverseid': 440349}, {'name': 'Imboscata dei Razziatori', 'imageUrl': 'http://gatherer.wizards.com/Handlers/Image.ashx?multiverseid=440552&type=card', 'language': 'Italian', 'multiverseid': 440552}, {'name': '略奪者の急襲', 'imageUrl': 'http://gatherer.wizards.com/Handlers/Image.ashx?multiverseid=440755&type=card', 'language': 'Japanese', 'multiverseid': 440755}, {'name': '강탈자의 매복', 'imageUrl': 'http://gatherer.wizards.com/Handlers/Image.ashx?multiverseid=440958&type=card', 'language': 'Korean', 'multiverseid': 440958}, {'name': 'Emboscada dos Saqueadores', 'imageUrl': 'http://gatherer.wizards.com/Handlers/Image.ashx?multiverseid=441161&type=card', 'language': 'Portuguese (Brazil)', 'multiverseid': 441161}, {'name': 'Засада Грабителей', 'imageUrl': 'http://gatherer.wizards.com/Handlers/Image.ashx?multiverseid=441364&type=card', 'language': 'Russian', 'multiverseid': 441364}, {'name': '掠盗突袭', 'imageUrl': 'http://gatherer.wizards.com/Handlers/Image.ashx?multiverseid=441567&type=card', 'language': 'Chinese Simplified', 'multiverseid': 441567}, {'name': '掠盜突襲', 'imageUrl': 'http://gatherer.wizards.com/Handlers/Image.ashx?multiverseid=441770&type=card', 'language': 'Chinese Traditional', 'multiverseid': 441770}]",['RIX'],"[{'format': 'Brawl', 'legality': 'Legal'}, {'format': 'Commander', 'legality': 'Legal'}, {'format': 'Legacy', 'legality': 'Legal'}, {'format': 'Modern', 'legality': 'Legal'}, {'format': 'Vintage', 'legality': 'Legal'}]",,80f63abc17c5d904cca46ad9e5693b8bcaf566ea,Golgari Midrange,439740.0,http://gatherer.wizards.com/Handlers/Image.ashx?multiverseid=439740&type=card,,Exile target creature with power 3 or less.,Instant,,,
Seekers' Squire,1,Seekers' Squire,{1}{B},2,['Black'],['B'],Creature — Human Scout,['Creature'],"['Human', 'Scout']",Uncommon,XLN,Ixalan,"When Seekers' Squire enters the battlefield, it explores. (Reveal the top card of your library. Put that card into your hand if it's a land. Otherwise, put a +1/+1 counter on this creature, then put the card back or put it into your graveyard.)",Dusk follows the light.,Anthony Palumbo,121,1,2,normal,,"[{'name': 'Knappe der Sucher', 'imageUrl': 'http://gatherer.wizards.com/Handlers/Image.ashx?multiverseid=435574&type=card', 'language': 'German', 'multiverseid': 435574}, {'name': 'Écuyère des quêteurs', 'imageUrl': 'http://gatherer.wizards.com/Handlers/Image.ashx?multiverseid=435873&type=card', 'language': 'French', 'multiverseid': 435873}, {'name': 'Scudiera dei Cercatori', 'imageUrl': 'http://gatherer.wizards.com/Handlers/Image.ashx?multiverseid=436172&type=card', 'language': 'Italian', 'multiverseid': 436172}, {'name': '探求者の従者', 'imageUrl': 'http://gatherer.wizards.com/Handlers/Image.ashx?multiverseid=436471&type=card', 'language': 'Japanese', 'multiverseid': 436471}, {'name': '추적단의 견습기사', 'imageUrl': 'http://gatherer.wizards.com/Handlers/Image.ashx?multiverseid=436770&type=card', 'language': 'Korean', 'multiverseid': 436770}, {'name': 'Escudeira da Buscadora', 'imageUrl': 'http://gatherer.wizards.com/Handlers/Image.ashx?multiverseid=437069&type=card', 'language': 'Portuguese (Brazil)', 'multiverseid': 437069}, {'name': 'Оруженосица Искателей', 'imageUrl': 'http://gatherer.wizards.com/Handlers/Image.ashx?multiverseid=437368&type=card', 'language': 'Russian', 'multiverseid': 437368}, {'name': 'Escudera de los Buscadores', 'imageUrl': 'http://gatherer.wizards.com/Handlers/Image.ashx?multiverseid=437667&type=card', 'language': 'Spanish', 'multiverseid': 437667}, {'name': '访圣团扈从', 'imageUrl': 'http://gatherer.wizards.com/Handlers/Image.ashx?multiverseid=437966&type=card', 'language': 'Chinese Simplified', 'multiverseid': 437966}, {'name': '訪聖團扈從', 'imageUrl': 'http://gatherer.wizards.com/Handlers/Image.ashx?multiverseid=438265&type=card', 'language': 'Chinese Traditional', 'multiverseid': 438265}]",['XLN'],"[{'format': 'Brawl', 'legality': 'Legal'}, {'format': 'Commander', 'legality': 'Legal'}, {'format': 'Legacy', 'legality': 'Legal'}, {'format': 'Modern', 'legality': 'Legal'}, {'format': 'Standard', 'legality': 'Legal'}, {'format': 'Vintage', 'legality': 'Legal'}]",,ab3d752ea606c8961ec07048a9fe858f4e63bb88,Golgari Midrange,435275.0,http://gatherer.wizards.com/Handlers/Image.ashx?multiverseid=435275&type=card,"[{'date': '2018-01-19', 'text': ""Once an ability that causes a creature to explore begins to resolve, no player may take any other actions until it's done. Notably, opponents can't try to remove the exploring creature after you reveal a nonland card but before it receives a counter.""}, {'date': '2018-01-19', 'text': ""If no card is revealed, most likely because that player's library is empty, the exploring creature receives a +1/+1 counter.""}, {'date': '2018-01-19', 'text': 'If a resolving spell or ability instructs a specific creature to explore but that creature has left the battlefield, the creature still explores. If you reveal a nonland card this way, you won\'t put a +1/+1 counter on anything, but you may put the revealed card into your graveyard. Effects that trigger ""whenever a creature you control explores"" trigger if appropriate.'}]","When Seekers' Squire enters the battlefield, it explores. (Reveal the top card of your library. Put that card into your hand if it's a land. Otherwise, put a +1/+1 counter on this creature, then put the card back or put it into your graveyard.)",Creature — Human Scout,,,
Swamp,5,Swamp,,0,,['B'],Basic Land — Swamp,['Land'],['Swamp'],Basic Land,UST,Unstable,,,John Avon,214,,,normal,,,"['LEA', 'LEB', '2ED', 'CED', 'CEI', '3ED', '4ED', 'ICE', 'RQS', 'pARL', 'MIR', 'ITP', '5ED', 'POR', 'TMP', 'pJGP', 'PO2', 'UGL', 'pALP', 'USG', 'ATH', '6ED', 'PTK', 'pGRU', 'S99', 'MMQ', 'BRB', 'pELP', 'S00', 'BTD', 'INV', '7ED', 'ODY', 'DKM', 'ONS', '8ED', 'MRD', 'CHK', 'UNH', '9ED', 'RAV', 'CST', 'TSP', '10E', 'MED', 'LRW', 'SHM', 'ALA', 'DDC', 'M10', 'HOP', 'ME3', 'ZEN', 'DDD', 'H09', 'DDE', 'ROE', 'DPA', 'ARC', 'M11', 'SOM', 'MBS', 'NPH', 'CMD', 'M12', 'DDH', 'ISD', 'PD3', 'AVR', 'PC2', 'M13', 'DDJ', 'RTR', 'DDK', 'M14', 'THS', 'C13', 'DDM', 'MD1', 'M15', 'DDN', 'KTK', 'C14', 'DD3_DVD', 'DD3_GVL', 'FRF', 'DTK', 'TPR', 'ORI', 'DDP', 'BFZ', 'C15', 'DDQ', 'SOI', 'DDR', 'KLD', 'C16', 'PCA', 'AKH', 'CMA', 'E01', 'HOU', 'C17', 'XLN', 'UST', 'RIX', 'DOM', 'BBD', 'CM2', 'M19', 'C18']","[{'format': 'Brawl', 'legality': 'Legal'}, {'format': 'Commander', 'legality': 'Legal'}, {'format': 'Legacy', 'legality': 'Legal'}, {'format': 'Modern', 'legality': 'Legal'}, {'format': 'Standard', 'legality': 'Legal'}, {'format': 'Vintage', 'legality': 'Legal'}]",,7210d09e2bd2613adb39795e0f216cc20c6dba0c,Golgari Midrange,439603.0,http://gatherer.wizards.com/Handlers/Image.ashx?multiverseid=439603&type=card,,,Basic Land — Swamp,Black,['Basic'],
The Eldest Reborn,3,The Eldest Reborn,{4}{B},5,['Black'],['B'],Enchantment — Saga,['Enchantment'],['Saga'],Uncommon,DOM,Dominaria,"(As this Saga enters and after your draw step, add a lore counter. Sacrifice after III.)
I — Each opponent sacrifices a creature or planeswalker.
II — Each opponent discards a card.
III — Put target creature or planeswalker card from a graveyard onto the battlefield under your control.",,Jenn Ravenna,90,,,normal,,"[{'name': 'Die Wiedergeburt des Ältesten', 'imageUrl': 'http://gatherer.wizards.com/Handlers/Image.ashx?multiverseid=443247&type=card', 'language': 'German', 'multiverseid': 443247}, {'name': 'El gran anciano renacido', 'imageUrl': 'http://gatherer.wizards.com/Handlers/Image.ashx?multiverseid=443516&type=card', 'language': 'Spanish', 'multiverseid': 443516}, {'name': ""La Renaissance de l'aîné"", 'imageUrl': 'http://gatherer.wizards.com/Handlers/Image.ashx?multiverseid=443785&type=card', 'language': 'French', 'multiverseid': 443785}, {'name': ""Rinascita dell'Antico"", 'imageUrl': 'http://gatherer.wizards.com/Handlers/Image.ashx?multiverseid=444054&type=card', 'language': 'Italian', 'multiverseid': 444054}, {'name': '最古再誕', 'imageUrl': 'http://gatherer.wizards.com/Handlers/Image.ashx?multiverseid=444323&type=card', 'language': 'Japanese', 'multiverseid': 444323}, {'name': '가장 오래된 재탄생', 'imageUrl': 'http://gatherer.wizards.com/Handlers/Image.ashx?multiverseid=444592&type=card', 'language': 'Korean', 'multiverseid': 444592}, {'name': 'O Ancião Renascido', 'imageUrl': 'http://gatherer.wizards.com/Handlers/Image.ashx?multiverseid=444861&type=card', 'language': 'Portuguese (Brazil)', 'multiverseid': 444861}, {'name': 'Перерождение Древнейшего', 'imageUrl': 'http://gatherer.wizards.com/Handlers/Image.ashx?multiverseid=445130&type=card', 'language': 'Russian', 'multiverseid': 445130}, {'name': '恶源重生', 'imageUrl': 'http://gatherer.wizards.com/Handlers/Image.ashx?multiverseid=445399&type=card', 'language': 'Chinese Simplified', 'multiverseid': 445399}, {'name': '惡源重生', 'imageUrl': 'http://gatherer.wizards.com/Handlers/Image.ashx?multiverseid=445668&type=card', 'language': 'Chinese Traditional', 'multiverseid': 445668}]",['DOM'],"[{'format': 'Brawl', 'legality': 'Legal'}, {'format': 'Commander', 'legality': 'Legal'}, {'format': 'Legacy', 'legality': 'Legal'}, {'format': 'Modern', 'legality': 'Legal'}, {'format': 'Vintage', 'legality': 'Legal'}]",,2977365e48f08dabaac262884a700f3b1dc37329,Golgari Midrange,442978.0,http://gatherer.wizards.com/Handlers/Image.ashx?multiverseid=442978&type=card,"[{'date': '2018-04-27', 'text': ""When the first chapter ability of The Eldest Reborn resolves, the next opponent in turn order (or, if it's an opponent's turn, that opponent) chooses a creature or planeswalker they control, then each other opponent in turn order (if any) does the same. All chosen permanents are then sacrificed at the same time. Players will know the choices made by earlier players when making their choices.""}, {'date': '2018-04-27', 'text': ""When the second chapter ability of The Eldest Reborn resolves, the next opponent in turn order (or, if it's an opponent's turn, that opponent) chooses a card in hand without revealing it, then each other opponent in turn order (if any) does the same. All chosen cards are then discarded at the same time.""}, {'date': '2018-04-27', 'text': ""In a multiplayer game, if a player leaves the game, all cards that player owns leave as well. If you leave the game, the permanent you control from The Eldest Reborn's final chapter ability is exiled.""}, {'date': '2018-04-27', 'text': ""As a Saga enters the battlefield, its controller puts a lore counter on it. As your precombat main phase begins (immediately after your draw step), you put another lore counter on each Saga you control. Putting a lore counter on a Saga in either of these ways doesn't use the stack.""}, {'date': '2018-04-27', 'text': ""Each symbol on the left of a Saga's text box represents a chapter ability. A chapter ability is a triggered ability that triggers when a lore counter that is put on the Saga causes the number of lore counters on the Saga to become equal to or greater than the ability's chapter number. Chapter abilities are put onto the stack and may be responded to.""}, {'date': '2018-04-27', 'text': ""A chapter ability doesn't trigger if a lore counter is put on a Saga that already had a number of lore counters greater than or equal to that chapter's number. For example, the third lore counter put on a Saga causes the III chapter ability to trigger, but I and II won't trigger again.""}, {'date': '2018-04-27', 'text': ""Once a chapter ability has triggered, the ability on the stack won't be affected if the Saga gains or loses counters, or if it leaves the battlefield.""}, {'date': '2018-04-27', 'text': 'If multiple chapter abilities trigger at the same time, their controller puts them on the stack in any order. If any of them require targets, those targets are chosen as you put the abilities on the stack, before any of those abilities resolve.'}, {'date': '2018-04-27', 'text': ""If counters are removed from a Saga, the appropriate chapter abilities will trigger again when the Saga receives lore counters. Removing lore counters won't cause a previous chapter ability to trigger.""}, {'date': '2018-04-27', 'text': ""Once the number of lore counters on a Saga is greater than or equal to the greatest number among its chapter abilities—in the Dominaria set, this is always three—the Saga's controller sacrifices it as soon as its chapter ability has left the stack, most likely by resolving or being countered. This state-based action doesn't use the stack.""}]","(As this Saga enters and after your draw step, add a lore counter. Sacrifice after III.)
I — Each opponent sacrifices a creature or planeswalker.
II — Each opponent discards a card.
III — Put target creature or planeswalker card from a graveyard onto the battlefield under your control.",Enchantment — Saga,,,
Thrashing Brontodon,2,Thrashing Brontodon,{1}{G}{G},3,['Green'],['G'],Creature — Dinosaur,['Creature'],['Dinosaur'],Uncommon,RIX,Rivals of Ixalan,"{1}, Sacrifice Thrashing Brontodon: Destroy target artifact or enchantment.",It cares more about preserving the herd's territory than about preserving itself.,Jakub Kasper,148,3,4,normal,,"[{'name': 'Verwüstendes Brontodon', 'imageUrl': 'http://gatherer.wizards.com/Handlers/Image.ashx?multiverseid=440008&type=card', 'language': 'German', 'multiverseid': 440008}, {'name': 'Brontodón aplastador', 'imageUrl': 'http://gatherer.wizards.com/Handlers/Image.ashx?multiverseid=440211&type=card', 'language': 'Spanish', 'multiverseid': 440211}, {'name': 'Brontodonte farouche', 'imageUrl': 'http://gatherer.wizards.com/Handlers/Image.ashx?multiverseid=440414&type=card', 'language': 'French', 'multiverseid': 440414}, {'name': 'Brontodonte Devastatore', 'imageUrl': 'http://gatherer.wizards.com/Handlers/Image.ashx?multiverseid=440617&type=card', 'language': 'Italian', 'multiverseid': 440617}, {'name': '打ち壊すブロントドン', 'imageUrl': 'http://gatherer.wizards.com/Handlers/Image.ashx?multiverseid=440820&type=card', 'language': 'Japanese', 'multiverseid': 440820}, {'name': '몸부림치는 브론토돈', 'imageUrl': 'http://gatherer.wizards.com/Handlers/Image.ashx?multiverseid=441023&type=card', 'language': 'Korean', 'multiverseid': 441023}, {'name': 'Brontodonte Destruidor', 'imageUrl': 'http://gatherer.wizards.com/Handlers/Image.ashx?multiverseid=441226&type=card', 'language': 'Portuguese (Brazil)', 'multiverseid': 441226}, {'name': 'Неистовый Бронтодон', 'imageUrl': 'http://gatherer.wizards.com/Handlers/Image.ashx?multiverseid=441429&type=card', 'language': 'Russian', 'multiverseid': 441429}, {'name': '痛击霆伟龙', 'imageUrl': 'http://gatherer.wizards.com/Handlers/Image.ashx?multiverseid=441632&type=card', 'language': 'Chinese Simplified', 'multiverseid': 441632}, {'name': '痛擊霆偉龍', 'imageUrl': 'http://gatherer.wizards.com/Handlers/Image.ashx?multiverseid=441835&type=card', 'language': 'Chinese Traditional', 'multiverseid': 441835}]",['RIX'],"[{'format': 'Brawl', 'legality': 'Legal'}, {'format': 'Commander', 'legality': 'Legal'}, {'format': 'Legacy', 'legality': 'Legal'}, {'format': 'Modern', 'legality': 'Legal'}, {'format': 'Vintage', 'legality': 'Legal'}]",,c8f6fdc294f500187b47441baffdd5d708451940,Golgari Midrange,439805.0,http://gatherer.wizards.com/Handlers/Image.ashx?multiverseid=439805&type=card,,"{1}, Sacrifice Thrashing Brontodon: Destroy target artifact or enchantment.",Creature — Dinosaur,,,
Vivien Reid,2,Vivien Reid,{3}{G}{G},5,['Green'],['G'],Legendary Planeswalker — Vivien,['Planeswalker'],['Vivien'],Mythic Rare,M19,Core Set 2019,"+1: Look at the top four cards of your library. You may reveal a creature or land card from among them and put it into your hand. Put the rest on the bottom of your library in a random order.
−3: Destroy target artifact, enchantment, or creature with flying.
−8: You get an emblem with ""Creatures you control get +2/+2 and have vigilance, trample, and indestructible.""",,Anna Steinbauer,208,,,normal,,"[{'name': 'Vivien Reid', 'imageUrl': 'http://gatherer.wizards.com/Handlers/Image.ashx?multiverseid=447625&type=card', 'language': 'German', 'multiverseid': 447625}, {'name': 'Vivien Reid', 'imageUrl': 'http://gatherer.wizards.com/Handlers/Image.ashx?multiverseid=447906&type=card', 'language': 'Spanish', 'multiverseid': 447906}, {'name': 'Vivien Reid', 'imageUrl': 'http://gatherer.wizards.com/Handlers/Image.ashx?multiverseid=448187&type=card', 'language': 'French', 'multiverseid': 448187}, {'name': 'Vivien Reid', 'imageUrl': 'http://gatherer.wizards.com/Handlers/Image.ashx?multiverseid=448468&type=card', 'language': 'Italian', 'multiverseid': 448468}, {'name': 'ビビアン・リード', 'imageUrl': 'http://gatherer.wizards.com/Handlers/Image.ashx?multiverseid=448749&type=card', 'language': 'Japanese', 'multiverseid': 448749}, {'name': '비비안 레이드', 'imageUrl': 'http://gatherer.wizards.com/Handlers/Image.ashx?multiverseid=449030&type=card', 'language': 'Korean', 'multiverseid': 449030}, {'name': 'Vivien Reid', 'imageUrl': 'http://gatherer.wizards.com/Handlers/Image.ashx?multiverseid=449311&type=card', 'language': 'Portuguese (Brazil)', 'multiverseid': 449311}, {'name': 'Вивьен Рейд', 'imageUrl': 'http://gatherer.wizards.com/Handlers/Image.ashx?multiverseid=449592&type=card', 'language': 'Russian', 'multiverseid': 449592}, {'name': '薇薇安瑞德', 'imageUrl': 'http://gatherer.wizards.com/Handlers/Image.ashx?multiverseid=449873&type=card', 'language': 'Chinese Simplified', 'multiverseid': 449873}, {'name': '薇薇安瑞德', 'imageUrl': 'http://gatherer.wizards.com/Handlers/Image.ashx?multiverseid=450154&type=card', 'language': 'Chinese Traditional', 'multiverseid': 450154}]",['M19'],"[{'format': 'Brawl', 'legality': 'Legal'}, {'format': 'Commander', 'legality': 'Legal'}, {'format': 'Legacy', 'legality': 'Legal'}, {'format': 'Modern', 'legality': 'Legal'}, {'format': 'Vintage', 'legality': 'Legal'}]",,3dcd5189665ffa6e0f569ffbae7357ed254ff9d8,Golgari Midrange,447344.0,http://gatherer.wizards.com/Handlers/Image.ashx?multiverseid=447344&type=card,,"+1: Look at the top four cards of your library. You may reveal a creature or land card from among them and put it into your hand. Put the rest on the bottom of your library in a random order.
−3: Destroy target artifact, enchantment, or creature with flying.
−8: You get an emblem with ""Creatures you control get +2/+2 and have vigilance, trample, and indestructible.""",Legendary Planeswalker — Vivien,,['Legendary'],5.0
Vraska's Contempt,1,Vraska's Contempt,{2}{B}{B},4,['Black'],['B'],Instant,['Instant'],,Rare,XLN,Ixalan,Exile target creature or planeswalker. You gain 2 life.,It wasn't long before the taverns of High and Dry were full of whispers about the new captain who could turn a person to stone with a glance.,Clint Cearley,129,,,normal,,"[{'name': 'Vraskas Verachtung', 'imageUrl': 'http://gatherer.wizards.com/Handlers/Image.ashx?multiverseid=435582&type=card', 'language': 'German', 'multiverseid': 435582}, {'name': 'Mépris de Vraska', 'imageUrl': 'http://gatherer.wizards.com/Handlers/Image.ashx?multiverseid=435881&type=card', 'language': 'French', 'multiverseid': 435881}, {'name': 'Disprezzo di Vraska', 'imageUrl': 'http://gatherer.wizards.com/Handlers/Image.ashx?multiverseid=436180&type=card', 'language': 'Italian', 'multiverseid': 436180}, {'name': 'ヴラスカの侮辱', 'imageUrl': 'http://gatherer.wizards.com/Handlers/Image.ashx?multiverseid=436479&type=card', 'language': 'Japanese', 'multiverseid': 436479}, {'name': '브라스카의 경멸', 'imageUrl': 'http://gatherer.wizards.com/Handlers/Image.ashx?multiverseid=436778&type=card', 'language': 'Korean', 'multiverseid': 436778}, {'name': 'Desprezo de Vraska', 'imageUrl': 'http://gatherer.wizards.com/Handlers/Image.ashx?multiverseid=437077&type=card', 'language': 'Portuguese (Brazil)', 'multiverseid': 437077}, {'name': 'Презрение Враски', 'imageUrl': 'http://gatherer.wizards.com/Handlers/Image.ashx?multiverseid=437376&type=card', 'language': 'Russian', 'multiverseid': 437376}, {'name': 'Desprecio de Vraska', 'imageUrl': 'http://gatherer.wizards.com/Handlers/Image.ashx?multiverseid=437675&type=card', 'language': 'Spanish', 'multiverseid': 437675}, {'name': '瓦丝卡的藐视', 'imageUrl': 'http://gatherer.wizards.com/Handlers/Image.ashx?multiverseid=437974&type=card', 'language': 'Chinese Simplified', 'multiverseid': 437974}, {'name': '瓦絲卡的藐視', 'imageUrl': 'http://gatherer.wizards.com/Handlers/Image.ashx?multiverseid=438273&type=card', 'language': 'Chinese Traditional', 'multiverseid': 438273}]",['XLN'],"[{'format': 'Brawl', 'legality': 'Legal'}, {'format': 'Commander', 'legality': 'Legal'}, {'format': 'Legacy', 'legality': 'Legal'}, {'format': 'Modern', 'legality': 'Legal'}, {'format': 'Standard', 'legality': 'Legal'}, {'format': 'Vintage', 'legality': 'Legal'}]",,ab73011eeebeb1e62ae5e4e124eeb2fdde396dac,Golgari Midrange,435283.0,http://gatherer.wizards.com/Handlers/Image.ashx?multiverseid=435283&type=card,"[{'date': '2017-09-29', 'text': ""If the target creature or planeswalker is an illegal target by the time Vraska's Contempt resolves, the entire spell doesn't resolve. You won't gain life.""}, {'date': '2018-01-19', 'text': 'There are many important moments in the story, but the most crucial—called ""story spotlights""—are shown on cards. These cards have the Planeswalker symbol in their text box; this symbol has no effect on gameplay. You can read more about these events in the official Magic fiction at http://www.mtgstory.com.'}]",Exile target creature or planeswalker. You gain 2 life.,Instant,,,
"Vraska, Golgari Queen",1,"Vraska, Golgari Queen",{2}{B}{G},4,"['Black', 'Green']","['B', 'G']",Legendary Planeswalker — Vraska,['Planeswalker'],['Vraska'],Mythic Rare,GRN,Guilds of Ravnica,"+2: You may sacrifice another permanent. If you do, you gain 1 life and draw a card.
−3: Destroy target nonland permanent with converted mana cost 3 or less.
−9: You get an emblem with ""Whenever a creature you control deals combat damage to a player, that player loses the game.""",,Magali Villeneuve,213,,,normal,,"[{'name': 'Vraska, Königin der Golgari', 'imageUrl': 'http://gatherer.wizards.com/Handlers/Image.ashx?multiverseid=453222&type=card', 'language': 'German', 'multiverseid': 453222}, {'name': 'Vraska, reina de los golgari', 'imageUrl': 'http://gatherer.wizards.com/Handlers/Image.ashx?multiverseid=453481&type=card', 'language': 'Spanish', 'multiverseid': 453481}, {'name': 'Vraska, reine des Golgari', 'imageUrl': 'http://gatherer.wizards.com/Handlers/Image.ashx?multiverseid=453740&type=card', 'language': 'French', 'multiverseid': 453740}, {'name': 'Vraska, Regina Golgari', 'imageUrl': 'http://gatherer.wizards.com/Handlers/Image.ashx?multiverseid=453999&type=card', 'language': 'Italian', 'multiverseid': 453999}, {'name': 'ゴルガリの女王、ヴラスカ', 'imageUrl': 'http://gatherer.wizards.com/Handlers/Image.ashx?multiverseid=454258&type=card', 'language': 'Japanese', 'multiverseid': 454258}, {'name': '골가리 여왕, 브라스카', 'imageUrl': 'http://gatherer.wizards.com/Handlers/Image.ashx?multiverseid=454517&type=card', 'language': 'Korean', 'multiverseid': 454517}, {'name': 'Vraska, Rainha Golgari', 'imageUrl': 'http://gatherer.wizards.com/Handlers/Image.ashx?multiverseid=454776&type=card', 'language': 'Portuguese (Brazil)', 'multiverseid': 454776}, {'name': 'Враска, Царица Голгари', 'imageUrl': 'http://gatherer.wizards.com/Handlers/Image.ashx?multiverseid=455035&type=card', 'language': 'Russian', 'multiverseid': 455035}, {'name': '葛加理女王瓦丝卡', 'imageUrl': 'http://gatherer.wizards.com/Handlers/Image.ashx?multiverseid=455294&type=card', 'language': 'Chinese Simplified', 'multiverseid': 455294}, {'name': '葛加理女王瓦絲卡', 'imageUrl': 'http://gatherer.wizards.com/Handlers/Image.ashx?multiverseid=455553&type=card', 'language': 'Chinese Traditional', 'multiverseid': 455553}]",['GRN'],,,0a537fec800a4c6c69b6887ebb585d517206bba3,Golgari Midrange,452963.0,http://gatherer.wizards.com/Handlers/Image.ashx?multiverseid=452963&type=card,"[{'date': '2018-10-05', 'text': ""You choose whether to sacrifice a permanent (and which one to sacrifice) while Vraska's first ability is resolving. No player may take actions between the time you choose which permanent to sacrifice and the time you do so.""}, {'date': '2018-10-05', 'text': ""Tokens that aren't a copy of something else don't have a mana cost. Anything without a mana cost normally has a converted mana cost of 0.""}, {'date': '2018-10-05', 'text': 'If a permanent has {X} in its mana cost, X is considered to be 0.'}]","+2: You may sacrifice another permanent. If you do, you gain 1 life and draw a card.
−3: Destroy target nonland permanent with converted mana cost 3 or less.
−9: You get an emblem with ""Whenever a creature you control deals combat damage to a player, that player loses the game.""",Legendary Planeswalker — Vraska,,['Legendary'],4.0
"Vraska, Relic Seeker",1,"Vraska, Relic Seeker",{4}{B}{G},6,"['Black', 'Green']","['B', 'G']",Legendary Planeswalker — Vraska,['Planeswalker'],['Vraska'],Mythic Rare,XLN,Ixalan,"+2: Create a 2/2 black Pirate creature token with menace.
−3: Destroy target artifact, creature, or enchantment. Create a colorless Treasure artifact token with ""{T}, Sacrifice this artifact: Add one mana of any color.""
−10: Target player's life total becomes 1.",,Chris Rahn,232,,,normal,,"[{'name': 'Vraska, Reliquiensucherin', 'imageUrl': 'http://gatherer.wizards.com/Handlers/Image.ashx?multiverseid=435687&type=card', 'language': 'German', 'multiverseid': 435687}, {'name': 'Vraska, chercheuse de reliques', 'imageUrl': 'http://gatherer.wizards.com/Handlers/Image.ashx?multiverseid=435986&type=card', 'language': 'French', 'multiverseid': 435986}, {'name': 'Vraska, Cercatrice di Reliquie', 'imageUrl': 'http://gatherer.wizards.com/Handlers/Image.ashx?multiverseid=436285&type=card', 'language': 'Italian', 'multiverseid': 436285}, {'name': '秘宝探究者、ヴラスカ', 'imageUrl': 'http://gatherer.wizards.com/Handlers/Image.ashx?multiverseid=436584&type=card', 'language': 'Japanese', 'multiverseid': 436584}, {'name': '유물 사냥꾼 브라스카', 'imageUrl': 'http://gatherer.wizards.com/Handlers/Image.ashx?multiverseid=436883&type=card', 'language': 'Korean', 'multiverseid': 436883}, {'name': 'Vraska, Caçadora de Relíquias', 'imageUrl': 'http://gatherer.wizards.com/Handlers/Image.ashx?multiverseid=437182&type=card', 'language': 'Portuguese (Brazil)', 'multiverseid': 437182}, {'name': 'Враска, Охотница за Реликвиями', 'imageUrl': 'http://gatherer.wizards.com/Handlers/Image.ashx?multiverseid=437481&type=card', 'language': 'Russian', 'multiverseid': 437481}, {'name': 'Vraska, buscadora de reliquias', 'imageUrl': 'http://gatherer.wizards.com/Handlers/Image.ashx?multiverseid=437780&type=card', 'language': 'Spanish', 'multiverseid': 437780}, {'name': '寻宝客瓦丝卡', 'imageUrl': 'http://gatherer.wizards.com/Handlers/Image.ashx?multiverseid=438079&type=card', 'language': 'Chinese Simplified', 'multiverseid': 438079}, {'name': '尋寶客瓦絲卡', 'imageUrl': 'http://gatherer.wizards.com/Handlers/Image.ashx?multiverseid=438378&type=card', 'language': 'Chinese Traditional', 'multiverseid': 438378}]",['XLN'],"[{'format': 'Brawl', 'legality': 'Legal'}, {'format': 'Commander', 'legality': 'Legal'}, {'format': 'Legacy', 'legality': 'Legal'}, {'format': 'Modern', 'legality': 'Legal'}, {'format': 'Standard', 'legality': 'Legal'}, {'format': 'Vintage', 'legality': 'Legal'}]",,3173c8eb8f823426b8df1552ee75dbf92ee8c5f9,Golgari Midrange,435388.0,http://gatherer.wizards.com/Handlers/Image.ashx?multiverseid=435388&type=card,"[{'date': '2017-09-29', 'text': ""If the target artifact, creature, or enchantment is an illegal target by the time Vraska's second ability resolves, the entire ability doesn't resolve. You won't get a Treasure. If, on the other hand, the target is a legal target but isn't destroyed (most likely because it has indestructible), you will get a Treasure.""}, {'date': '2017-09-29', 'text': ""For a player's life total to become 1, what actually happens is that the player loses the appropriate amount of life (or in some rare cases, gains the appropriate amount of life). For example, if the targeted player's life total is 4 when this ability resolves, that player loses 3 life. Other cards that interact with life loss will interact with this effect accordingly.""}]","+2: Create a 2/2 black Pirate creature token with menace.
−3: Destroy target artifact, creature, or enchantment. Create a colorless Treasure artifact token with ""{T}, Sacrifice this artifact: Add one mana of any color to your mana pool.""
−10: Target player's life total becomes 1.",Legendary Planeswalker — Vraska,,['Legendary'],6.0
Wildgrowth Walker,3,Wildgrowth Walker,{1}{G},2,['Green'],['G'],Creature — Elemental,['Creature'],['Elemental'],Uncommon,XLN,Ixalan,"Whenever a creature you control explores, put a +1/+1 counter on Wildgrowth Walker and you gain 3 life.","""Hear me, stone, root, branch: be the fist of this land. Turn back those who trample upon your domain.""
—Song of the Shaper",Ryan Alexander Lee,216,1,3,normal,,"[{'name': 'Wandelnder Wildwuchs', 'imageUrl': 'http://gatherer.wizards.com/Handlers/Image.ashx?multiverseid=435671&type=card', 'language': 'German', 'multiverseid': 435671}, {'name': 'Marcheur pousse-sauvage', 'imageUrl': 'http://gatherer.wizards.com/Handlers/Image.ashx?multiverseid=435970&type=card', 'language': 'French', 'multiverseid': 435970}, {'name': 'Errante della Crescita Rigogliosa', 'imageUrl': 'http://gatherer.wizards.com/Handlers/Image.ashx?multiverseid=436269&type=card', 'language': 'Italian', 'multiverseid': 436269}, {'name': '野茂み歩き', 'imageUrl': 'http://gatherer.wizards.com/Handlers/Image.ashx?multiverseid=436568&type=card', 'language': 'Japanese', 'multiverseid': 436568}, {'name': '거친성장 보행자', 'imageUrl': 'http://gatherer.wizards.com/Handlers/Image.ashx?multiverseid=436867&type=card', 'language': 'Korean', 'multiverseid': 436867}, {'name': 'Andarilho Vicejante', 'imageUrl': 'http://gatherer.wizards.com/Handlers/Image.ashx?multiverseid=437166&type=card', 'language': 'Portuguese (Brazil)', 'multiverseid': 437166}, {'name': 'Дикорастущий Шатун', 'imageUrl': 'http://gatherer.wizards.com/Handlers/Image.ashx?multiverseid=437465&type=card', 'language': 'Russian', 'multiverseid': 437465}, {'name': 'Caminante espesura', 'imageUrl': 'http://gatherer.wizards.com/Handlers/Image.ashx?multiverseid=437764&type=card', 'language': 'Spanish', 'multiverseid': 437764}, {'name': '野生行客', 'imageUrl': 'http://gatherer.wizards.com/Handlers/Image.ashx?multiverseid=438063&type=card', 'language': 'Chinese Simplified', 'multiverseid': 438063}, {'name': '野生行客', 'imageUrl': 'http://gatherer.wizards.com/Handlers/Image.ashx?multiverseid=438362&type=card', 'language': 'Chinese Traditional', 'multiverseid': 438362}]",['XLN'],"[{'format': 'Brawl', 'legality': 'Legal'}, {'format': 'Commander', 'legality': 'Legal'}, {'format': 'Legacy', 'legality': 'Legal'}, {'format': 'Modern', 'legality': 'Legal'}, {'format': 'Standard', 'legality': 'Legal'}, {'format': 'Vintage', 'legality': 'Legal'}]",,32fe5e00f0296fe4a5587c4600d4c3d958c04438,Golgari Midrange,435372.0,http://gatherer.wizards.com/Handlers/Image.ashx?multiverseid=435372&type=card,"[{'date': '2017-09-29', 'text': 'If a creature leaves the battlefield before an effect instructs it to explore, it still explores. Effects that trigger when a creature you control explores, such as that of Wildgrowth Walker, trigger if appropriate.'}, {'date': '2017-09-29', 'text': ""If Wildgrowth Walker leaves the battlefield while its triggered ability is on the stack, you won't put a +1/+1 counter on anything but you will gain 3 life.""}]","Whenever a creature you control explores, put a +1/+1 counter on Wildgrowth Walker and you gain 3 life.",Creature — Elemental,,,
Woodland Cemetery,4,Woodland Cemetery,,0,,"['B', 'G']",Land,['Land'],,Rare,ISD,Innistrad,"Woodland Cemetery enters the battlefield tapped unless you control a Swamp or a Forest.
{T}: Add {B} or {G}.",Farmers cut the trees and buried their dead. The dead rose up and killed the farmers. The trees grew back and strangled the dead.,Lars Grant-West,249,,,normal,,"[{'name': '林地墓园', 'imageUrl': 'http://gatherer.wizards.com/Handlers/Image.ashx?multiverseid=272215&type=card', 'language': 'Chinese Simplified', 'multiverseid': 272215}, {'name': '林地墓園', 'imageUrl': 'http://gatherer.wizards.com/Handlers/Image.ashx?multiverseid=272499&type=card', 'language': 'Chinese Traditional', 'multiverseid': 272499}, {'name': 'Cemitério da Floresta', 'imageUrl': 'http://gatherer.wizards.com/Handlers/Image.ashx?multiverseid=272783&type=card', 'language': 'Portuguese (Brazil)', 'multiverseid': 272783}, {'name': 'Cimetière des sylves', 'imageUrl': 'http://gatherer.wizards.com/Handlers/Image.ashx?multiverseid=273067&type=card', 'language': 'French', 'multiverseid': 273067}, {'name': 'Лесное Кладбище', 'imageUrl': 'http://gatherer.wizards.com/Handlers/Image.ashx?multiverseid=273351&type=card', 'language': 'Russian', 'multiverseid': 273351}, {'name': 'Waldfriedhof', 'imageUrl': 'http://gatherer.wizards.com/Handlers/Image.ashx?multiverseid=273635&type=card', 'language': 'German', 'multiverseid': 273635}, {'name': 'Cementerio boscoso', 'imageUrl': 'http://gatherer.wizards.com/Handlers/Image.ashx?multiverseid=273919&type=card', 'language': 'Spanish', 'multiverseid': 273919}, {'name': 'Cimitero Silvestre', 'imageUrl': 'http://gatherer.wizards.com/Handlers/Image.ashx?multiverseid=274203&type=card', 'language': 'Italian', 'multiverseid': 274203}, {'name': '森林の墓地', 'imageUrl': 'http://gatherer.wizards.com/Handlers/Image.ashx?multiverseid=274487&type=card', 'language': 'Japanese', 'multiverseid': 274487}]","['ISD', 'DOM']","[{'format': 'Brawl', 'legality': 'Legal'}, {'format': 'Commander', 'legality': 'Legal'}, {'format': 'Legacy', 'legality': 'Legal'}, {'format': 'Modern', 'legality': 'Legal'}, {'format': 'Vintage', 'legality': 'Legal'}]",,ff710eecd2a41b6030fdeca5e3ff712414a50866,Golgari Midrange,241983.0,http://gatherer.wizards.com/Handlers/Image.ashx?multiverseid=241983&type=card,,"Woodland Cemetery enters the battlefield tapped unless you control a Swamp or a Forest.
{T}: Add {B} or {G} to your mana pool.",Land,,,
