,quantity,name,names,manaCost,cmc,colors,colorIdentity,type,supertypes,types,subtypes,rarity,set,setName,text,artist,number,power,toughness,layout,multiverseid,imageUrl,rulings,foreignNames,printings,originalText,originalType,legalities,id,Deck,flavor,releaseDate,source,watermark
Cast Down,4,Cast Down,,{1}{B},2,['Black'],['B'],Instant,,['Instant'],,Uncommon,DOM,Dominaria,Destroy target nonlegendary creature.,Bastien L. Deharme,81,,,normal,442969.0,http://gatherer.wizards.com/Handlers/Image.ashx?multiverseid=442969&type=card,,"[{'name': 'Niederschlagen', 'imageUrl': 'http://gatherer.wizards.com/Handlers/Image.ashx?multiverseid=443238&type=card', 'language': 'German', 'multiverseid': 443238}, {'name': 'Caer en el olvido', 'imageUrl': 'http://gatherer.wizards.com/Handlers/Image.ashx?multiverseid=443507&type=card', 'language': 'Spanish', 'multiverseid': 443507}, {'name': 'Réduit à néant', 'imageUrl': 'http://gatherer.wizards.com/Handlers/Image.ashx?multiverseid=443776&type=card', 'language': 'French', 'multiverseid': 443776}, {'name': 'Prostrare', 'imageUrl': 'http://gatherer.wizards.com/Handlers/Image.ashx?multiverseid=444045&type=card', 'language': 'Italian', 'multiverseid': 444045}, {'name': '喪心', 'imageUrl': 'http://gatherer.wizards.com/Handlers/Image.ashx?multiverseid=444314&type=card', 'language': 'Japanese', 'multiverseid': 444314}, {'name': '넘어뜨리기', 'imageUrl': 'http://gatherer.wizards.com/Handlers/Image.ashx?multiverseid=444583&type=card', 'language': 'Korean', 'multiverseid': 444583}, {'name': 'Demover', 'imageUrl': 'http://gatherer.wizards.com/Handlers/Image.ashx?multiverseid=444852&type=card', 'language': 'Portuguese (Brazil)', 'multiverseid': 444852}, {'name': 'Повергнуть в Прах', 'imageUrl': 'http://gatherer.wizards.com/Handlers/Image.ashx?multiverseid=445121&type=card', 'language': 'Russian', 'multiverseid': 445121}, {'name': '湮灭', 'imageUrl': 'http://gatherer.wizards.com/Handlers/Image.ashx?multiverseid=445390&type=card', 'language': 'Chinese Simplified', 'multiverseid': 445390}, {'name': '湮滅', 'imageUrl': 'http://gatherer.wizards.com/Handlers/Image.ashx?multiverseid=445659&type=card', 'language': 'Chinese Traditional', 'multiverseid': 445659}]",['DOM'],Destroy target nonlegendary creature.,Instant,"[{'format': 'Brawl', 'legality': 'Legal'}, {'format': 'Commander', 'legality': 'Legal'}, {'format': 'Legacy', 'legality': 'Legal'}, {'format': 'Modern', 'legality': 'Legal'}, {'format': 'Vintage', 'legality': 'Legal'}]",2f5e1d31d1a464082a69b9cee613230318a6b5e6,Grixis Control,"""Your life is finished, your name lost, and your work forgotten. It is as though Mazeura never existed.""
—Chainer's Torment",,,
Chemister's Insight,3,Chemister's Insight,,{3}{U},4,['Blue'],['U'],Instant,,['Instant'],,Uncommon,GRN,Guilds of Ravnica,"Draw two cards.
Jump-start (You may cast this card from your graveyard by discarding a card in addition to paying its other costs. Then exile this card.)",Josh Hass,32,,,normal,452782.0,http://gatherer.wizards.com/Handlers/Image.ashx?multiverseid=452782&type=card,"[{'date': '2018-10-05', 'text': ""You must still follow any timing restrictions and permissions, including those based on the card's type. For instance, you can cast a sorcery using jump-start only when you could normally cast a sorcery.""}, {'date': '2018-10-05', 'text': ""A spell cast using jump-start will always be exiled afterward, whether it resolves, it's countered, or it leaves the stack in some other way.""}, {'date': '2018-10-05', 'text': ""If an effect allows you to pay an alternative cost rather than a spell's mana cost, you may pay that alternative cost when you jump-start a spell. You'll still discard a card as an additional cost to cast it.""}, {'date': '2018-10-05', 'text': ""If a card with jump-start is put into your graveyard during your turn, you'll be able to cast it right away if it's legal to do so, before an opponent can take any actions.""}]","[{'name': 'Einblick des Chemisters', 'imageUrl': 'http://gatherer.wizards.com/Handlers/Image.ashx?multiverseid=453041&type=card', 'language': 'German', 'multiverseid': 453041}, {'name': 'Perspicacia de la quimista', 'imageUrl': 'http://gatherer.wizards.com/Handlers/Image.ashx?multiverseid=453300&type=card', 'language': 'Spanish', 'multiverseid': 453300}, {'name': 'Perspicacité du chimiste', 'imageUrl': 'http://gatherer.wizards.com/Handlers/Image.ashx?multiverseid=453559&type=card', 'language': 'French', 'multiverseid': 453559}, {'name': 'Intuizione della Chimimaga', 'imageUrl': 'http://gatherer.wizards.com/Handlers/Image.ashx?multiverseid=453818&type=card', 'language': 'Italian', 'multiverseid': 453818}, {'name': '薬術師の眼識', 'imageUrl': 'http://gatherer.wizards.com/Handlers/Image.ashx?multiverseid=454077&type=card', 'language': 'Japanese', 'multiverseid': 454077}, {'name': '화학술사의 통찰력', 'imageUrl': 'http://gatherer.wizards.com/Handlers/Image.ashx?multiverseid=454336&type=card', 'language': 'Korean', 'multiverseid': 454336}, {'name': 'Visão da Quimiomante', 'imageUrl': 'http://gatherer.wizards.com/Handlers/Image.ashx?multiverseid=454595&type=card', 'language': 'Portuguese (Brazil)', 'multiverseid': 454595}, {'name': 'Озарение Химика', 'imageUrl': 'http://gatherer.wizards.com/Handlers/Image.ashx?multiverseid=454854&type=card', 'language': 'Russian', 'multiverseid': 454854}, {'name': '化学师的洞察', 'imageUrl': 'http://gatherer.wizards.com/Handlers/Image.ashx?multiverseid=455113&type=card', 'language': 'Chinese Simplified', 'multiverseid': 455113}, {'name': '化學師的洞察', 'imageUrl': 'http://gatherer.wizards.com/Handlers/Image.ashx?multiverseid=455372&type=card', 'language': 'Chinese Traditional', 'multiverseid': 455372}]",['GRN'],"Draw two cards.
Jump-start <i>(You may cast this card from your graveyard by discarding a card in addition to paying its other costs. Then exile this card.)</i>",Instant,,303f593d68c41ec5760a2120e319b6dadaac29f8,Grixis Control,"""My specialty is theoretical universal limits and ways to circumvent them.""",,,Izzet
Disdainful Stroke,2,Disdainful Stroke,,{1}{U},2,['Blue'],['U'],Instant,,['Instant'],,Special,pFNM,Friday Night Magic,Counter target spell with converted mana cost 4 or greater.,Svetlin Velinov,177,,,normal,,,"[{'date': '2014-09-20', 'text': ""A face-down spell has converted mana cost 0 and can't be targeted by Disdainful Stroke.""}]","[{'name': '倨傲击', 'language': 'Chinese Simplified'}, {'name': '倨傲擊', 'language': 'Chinese Traditional'}, {'name': 'Botte dédaigneuse', 'language': 'French'}, {'name': 'Verächtlicher Hieb', 'language': 'German'}, {'name': 'Fendente Sdegnoso', 'language': 'Italian'}, {'name': '軽蔑的な一撃', 'language': 'Japanese'}, {'name': '경멸의 일격', 'language': 'Korean'}, {'name': 'Golpe Desdenhoso', 'language': 'Portuguese (Brazil)'}, {'name': 'Презрительный Удар', 'language': 'Russian'}, {'name': 'Golpe altanero', 'language': 'Spanish'}]","['pFNM', 'KTK', 'C16']",,,"[{'format': 'Commander', 'legality': 'Legal'}, {'format': 'Khans of Tarkir Block', 'legality': 'Legal'}, {'format': 'Legacy', 'legality': 'Legal'}, {'format': 'Modern', 'legality': 'Legal'}, {'format': 'Vintage', 'legality': 'Legal'}]",555a4323774f82990e2ebd47b9236dafabcf8721,Grixis Control,"""You are beneath contempt. Your lineage will be forgotten.""",2015-02-01,Friday Night Magic prize,
Dragonskull Summit,4,Dragonskull Summit,,,0,,"['B', 'R']",Land,,['Land'],,Rare,C16,Commander 2016,"Dragonskull Summit enters the battlefield tapped unless you control a Swamp or a Mountain.
{T}: Add {B} or {R}.",Jon Foster,292,,,normal,420909.0,http://gatherer.wizards.com/Handlers/Image.ashx?multiverseid=420909&type=card,"[{'date': '2009-10-01', 'text': ""This checks for lands you control with the land type Swamp or Mountain, not for lands named Swamp or Mountain. The lands it checks for don't have to be basic lands. For example, if you control Stomping Ground (a nonbasic land with the land types Mountain and Forest), Dragonskull Summit will enter the battlefield untapped.""}, {'date': '2009-10-01', 'text': ""As this is entering the battlefield, it checks for lands that are already on the battlefield. It won't see lands that are entering the battlefield at the same time (due to Warp World, for example).""}]","[{'name': '龙颅山峰', 'imageUrl': 'http://gatherer.wizards.com/Handlers/Image.ashx?multiverseid=421260&type=card', 'language': 'Chinese Simplified', 'multiverseid': 421260}, {'name': 'Drachenschädel-Pass', 'imageUrl': 'http://gatherer.wizards.com/Handlers/Image.ashx?multiverseid=421611&type=card', 'language': 'German', 'multiverseid': 421611}, {'name': 'Sommet du Crânedragon', 'imageUrl': 'http://gatherer.wizards.com/Handlers/Image.ashx?multiverseid=421962&type=card', 'language': 'French', 'multiverseid': 421962}, {'name': 'Vetta del Teschio di Drago', 'imageUrl': 'http://gatherer.wizards.com/Handlers/Image.ashx?multiverseid=422313&type=card', 'language': 'Italian', 'multiverseid': 422313}, {'name': '竜髑髏の山頂', 'imageUrl': 'http://gatherer.wizards.com/Handlers/Image.ashx?multiverseid=422664&type=card', 'language': 'Japanese', 'multiverseid': 422664}, {'name': 'Pico da Caveira de Dragão', 'imageUrl': 'http://gatherer.wizards.com/Handlers/Image.ashx?multiverseid=423015&type=card', 'language': 'Portuguese (Brazil)', 'multiverseid': 423015}, {'name': 'Cumbre Cráneo de Dragón', 'imageUrl': 'http://gatherer.wizards.com/Handlers/Image.ashx?multiverseid=423366&type=card', 'language': 'Spanish', 'multiverseid': 423366}]","['M10', 'M11', 'M12', 'M13', 'C16', 'E01', 'XLN']","Dragonskull Summit enters the battlefield tapped unless you control a Swamp or a Mountain.
{T}: Add {B} or {R} to your mana pool.",Land,"[{'format': 'Brawl', 'legality': 'Legal'}, {'format': 'Commander', 'legality': 'Legal'}, {'format': 'Legacy', 'legality': 'Legal'}, {'format': 'Modern', 'legality': 'Legal'}, {'format': 'Standard', 'legality': 'Legal'}, {'format': 'Vintage', 'legality': 'Legal'}]",8f4e5e90a78a9d78bec7a601c1d225622a0bbf40,Grixis Control,,,,
Drowned Catacomb,4,Drowned Catacomb,,,0,,"['U', 'B']",Land,,['Land'],,Rare,E01,Archenemy: Nicol Bolas,"Drowned Catacomb enters the battlefield tapped unless you control an Island or a Swamp.
{T}: Add {U} or {B}.",Dave Kendall,94,,,normal,430633.0,http://gatherer.wizards.com/Handlers/Image.ashx?multiverseid=430633&type=card,"[{'date': '2009-10-01', 'text': ""This checks for lands you control with the land type Island or Swamp, not for lands named Island or Swamp. The lands it checks for don't have to be basic lands. For example, if you control Blood Crypt (a nonbasic land with the land types Swamp and Mountain), Drowned Catacomb will enter the battlefield untapped.""}, {'date': '2009-10-01', 'text': ""As this is entering the battlefield, it checks for lands that are already on the battlefield. It won't see lands that are entering the battlefield at the same time (due to Warp World, for example).""}]",,"['M10', 'M11', 'M12', 'M13', 'E01', 'XLN']","Drowned Catacomb enters the battlefield tapped unless you control an Island or a Swamp.
{T}: Add {U} or {B} to your mana pool.",Land,"[{'format': 'Brawl', 'legality': 'Legal'}, {'format': 'Commander', 'legality': 'Legal'}, {'format': 'Legacy', 'legality': 'Legal'}, {'format': 'Modern', 'legality': 'Legal'}, {'format': 'Standard', 'legality': 'Legal'}, {'format': 'Vintage', 'legality': 'Legal'}]",a91162fae6634dfd54e2a51db79e6c0f448e1c1a,Grixis Control,,,,
Duress,2,Duress,,{B},1,['Black'],['B'],Sorcery,,['Sorcery'],,Special,pMEI,Media Inserts,"Target opponent reveals his or her hand. You choose a noncreature, nonland card from it. That player discards that card.",Michael Komarck,84,,,normal,,,,"[{'name': '逼从', 'language': 'Chinese Simplified'}, {'name': '逼從', 'language': 'Chinese Traditional'}, {'name': 'Contrainte', 'language': 'French'}, {'name': 'Zwang', 'language': 'German'}, {'name': 'Costrizione', 'language': 'Italian'}, {'name': '強迫', 'language': 'Japanese'}, {'name': '구속', 'language': 'Korean'}, {'name': 'Coagir', 'language': 'Portuguese (Brazil)'}, {'name': 'Насилие', 'language': 'Russian'}, {'name': 'Coacción', 'language': 'Spanish'}]","['pMEI', 'pARL', 'USG', 'pFNM', '7ED', 'DDC', 'M10', 'M11', 'PD3', 'M13', 'M14', 'MD1', 'DD3_DVD', 'DTK', 'EMA', 'XLN', 'IMA']",,,"[{'format': 'Commander', 'legality': 'Legal'}, {'format': 'Ixalan Block', 'legality': 'Legal'}, {'format': 'Khans of Tarkir Block', 'legality': 'Legal'}, {'format': 'Legacy', 'legality': 'Legal'}, {'format': 'Modern', 'legality': 'Legal'}, {'format': 'Standard', 'legality': 'Legal'}, {'format': 'Urza Block', 'legality': 'Legal'}, {'format': 'Vintage', 'legality': 'Legal'}]",ea6c1128726226857c91278cf4eda6c17043b7df,Grixis Control,"""Your night names inspire me, Dack!""",2014-03-19,IDW Comic Book Theros Issue #5,
Golden Demise,1,Golden Demise,,{1}{B}{B},3,['Black'],['B'],Sorcery,,['Sorcery'],,Uncommon,RIX,Rivals of Ixalan,"Ascend (If you control ten or more permanents, you get the city's blessing for the rest of the game.)
All creatures get -2/-2 until end of turn. If you have the city's blessing, instead only creatures your opponents control get -2/-2 until end of turn.",Deruchenko Alexander,73,,,normal,439730.0,http://gatherer.wizards.com/Handlers/Image.ashx?multiverseid=439730&type=card,"[{'date': '2018-01-19', 'text': ""Golden Demise affects only creatures that are on the battlefield at the time it resolves. Creatures that enter the battlefield later in the turn won't get -2/-2. Similarly, if you have the city's blessing, creatures that come under your opponents' control later in the turn won't get -2/-2.""}, {'date': '2018-01-19', 'text': ""Once you have the city's blessing, you have it for the rest of the game, even if you lose control of some or all of your permanents. The city's blessing isn't a permanent itself and can't be removed by any effect.""}, {'date': '2018-01-19', 'text': ""A permanent is any object on the battlefield, including tokens and lands. Spells and emblems aren't permanents.""}, {'date': '2018-01-19', 'text': ""If you cast a spell with ascend, you don't get the city's blessing until it resolves. Players may respond to that spell by trying to change whether you get the city's blessing.""}, {'date': '2018-01-19', 'text': ""If you control ten permanents but don't control a permanent or resolving spell with ascend, you don't get the city's blessing. For example, if you control ten permanents, lose control of one, then cast Golden Demise, you won't have the city's blessing and the spell will affect creatures you control.""}, {'date': '2018-01-19', 'text': 'If your tenth permanent enters the battlefield and then a permanent leaves the battlefield immediately afterwards (most likely due to the ""Legend Rule"" or due to being a creature with 0 toughness), you get the city\'s blessing before it leaves the battlefield.'}]","[{'name': 'Goldener Untergang', 'imageUrl': 'http://gatherer.wizards.com/Handlers/Image.ashx?multiverseid=439933&type=card', 'language': 'German', 'multiverseid': 439933}, {'name': 'Defunción dorada', 'imageUrl': 'http://gatherer.wizards.com/Handlers/Image.ashx?multiverseid=440136&type=card', 'language': 'Spanish', 'multiverseid': 440136}, {'name': 'Décès doré', 'imageUrl': 'http://gatherer.wizards.com/Handlers/Image.ashx?multiverseid=440339&type=card', 'language': 'French', 'multiverseid': 440339}, {'name': 'Dipartita Dorata', 'imageUrl': 'http://gatherer.wizards.com/Handlers/Image.ashx?multiverseid=440542&type=card', 'language': 'Italian', 'multiverseid': 440542}, {'name': '黄金の死', 'imageUrl': 'http://gatherer.wizards.com/Handlers/Image.ashx?multiverseid=440745&type=card', 'language': 'Japanese', 'multiverseid': 440745}, {'name': '황금빛 종말', 'imageUrl': 'http://gatherer.wizards.com/Handlers/Image.ashx?multiverseid=440948&type=card', 'language': 'Korean', 'multiverseid': 440948}, {'name': 'Perecimento Dourado', 'imageUrl': 'http://gatherer.wizards.com/Handlers/Image.ashx?multiverseid=441151&type=card', 'language': 'Portuguese (Brazil)', 'multiverseid': 441151}, {'name': 'Золотая Гибель', 'imageUrl': 'http://gatherer.wizards.com/Handlers/Image.ashx?multiverseid=441354&type=card', 'language': 'Russian', 'multiverseid': 441354}, {'name': '金光殒命', 'imageUrl': 'http://gatherer.wizards.com/Handlers/Image.ashx?multiverseid=441557&type=card', 'language': 'Chinese Simplified', 'multiverseid': 441557}, {'name': '金光殞命', 'imageUrl': 'http://gatherer.wizards.com/Handlers/Image.ashx?multiverseid=441760&type=card', 'language': 'Chinese Traditional', 'multiverseid': 441760}]",['RIX'],"Ascend (If you control ten or more permanents, you get the city's blessing for the rest of the game.)
All creatures get -2/-2 until end of turn. If you have the city's blessing, instead only creatures your opponents control get -2/-2 until end of turn.",Sorcery,"[{'format': 'Brawl', 'legality': 'Legal'}, {'format': 'Commander', 'legality': 'Legal'}, {'format': 'Legacy', 'legality': 'Legal'}, {'format': 'Modern', 'legality': 'Legal'}, {'format': 'Vintage', 'legality': 'Legal'}]",408c0c9805e75d6d7f362faf453c6a7a77d17a94,Grixis Control,,,,
Island,2,Island,,,0,,['U'],Basic Land — Island,['Basic'],['Land'],['Island'],Basic Land,UST,Unstable,,John Avon,213,,,normal,439602.0,http://gatherer.wizards.com/Handlers/Image.ashx?multiverseid=439602&type=card,,,"['LEA', 'LEB', '2ED', 'CED', 'CEI', '3ED', '4ED', 'ICE', 'RQS', 'pARL', 'MIR', 'ITP', '5ED', 'POR', 'TMP', 'pJGP', 'PO2', 'UGL', 'pALP', 'USG', '6ED', 'PTK', 'pGRU', 'S99', 'MMQ', 'BRB', 'pELP', 'S00', 'BTD', 'INV', '7ED', 'ODY', 'ONS', '8ED', 'MRD', 'CHK', 'UNH', '9ED', 'RAV', 'CST', 'TSP', '10E', 'MED', 'LRW', 'SHM', 'ALA', 'DD2', 'M10', 'HOP', 'ME3', 'ZEN', 'H09', 'DDE', 'ROE', 'DPA', 'ARC', 'M11', 'DDF', 'SOM', 'MBS', 'NPH', 'CMD', 'M12', 'DDH', 'ISD', 'DDI', 'AVR', 'PC2', 'M13', 'DDJ', 'RTR', 'M14', 'THS', 'C13', 'DDM', 'M15', 'DDN', 'KTK', 'C14', 'DD3_JVC', 'FRF', 'DDO', 'DTK', 'TPR', 'ORI', 'BFZ', 'C15', 'DDQ', 'SOI', 'KLD', 'C16', 'PCA', 'DDS', 'AKH', 'CMA', 'E01', 'HOU', 'C17', 'XLN', 'DDT', 'UST', 'RIX', 'DDU', 'DOM', 'BBD', 'CM2', 'GS1', 'M19', 'C18']",,Basic Land — Island,"[{'format': 'Brawl', 'legality': 'Legal'}, {'format': 'Commander', 'legality': 'Legal'}, {'format': 'Legacy', 'legality': 'Legal'}, {'format': 'Modern', 'legality': 'Legal'}, {'format': 'Standard', 'legality': 'Legal'}, {'format': 'Vintage', 'legality': 'Legal'}]",c745293c1f00ec9a2f78155322b74dc85ec4f3cb,Grixis Control,,,,Blue
Legion Warboss,3,Legion Warboss,,{2}{R},3,['Red'],['R'],Creature — Goblin Soldier,,['Creature'],"['Goblin', 'Soldier']",Rare,GRN,Guilds of Ravnica,"Mentor (Whenever this creature attacks, put a +1/+1 counter on target attacking creature with lesser power.)
At the beginning of combat on your turn, create a 1/1 red Goblin creature token. That token gains haste until end of turn and attacks this combat if able.",Alex Konstad,109,2,2,normal,452859.0,http://gatherer.wizards.com/Handlers/Image.ashx?multiverseid=452859&type=card,"[{'date': '2018-10-05', 'text': ""If the token can't attack for any reason (such as becoming tapped), then it doesn't attack. If there's a cost associated with having it attack, its controller isn't forced to pay that cost, so it doesn't have to attack in that case either.""}, {'date': '2018-10-05', 'text': ""Mentor compares the power of the creature with mentor with that of the target creature at two different times: once as the triggered ability is put onto the stack, and once as the triggered ability resolves. If you wish to raise a creature's power so its mentor ability can target a bigger creature, the last chance you have to do so is during the beginning of combat step.""}, {'date': '2018-10-05', 'text': ""If the target creature's power is no longer less than the attacking creature's power as the ability resolves, mentor doesn't add a +1/+1 counter. For example, if two 3/3 creatures with mentor attack and both mentor triggers target the same 2/2 creature, the first to resolve puts a +1/+1 counter on it and the second does nothing.""}, {'date': '2018-10-05', 'text': 'If the creature with mentor leaves the battlefield with mentor on the stack, use its power as that creature last existed on the battlefield to determine whether the target creature has less power.'}]","[{'name': 'Kriegsboss der Legion', 'imageUrl': 'http://gatherer.wizards.com/Handlers/Image.ashx?multiverseid=453118&type=card', 'language': 'German', 'multiverseid': 453118}, {'name': 'Jefe de guerra de la Legión', 'imageUrl': 'http://gatherer.wizards.com/Handlers/Image.ashx?multiverseid=453377&type=card', 'language': 'Spanish', 'multiverseid': 453377}, {'name': 'Patron de guerre de la Légion', 'imageUrl': 'http://gatherer.wizards.com/Handlers/Image.ashx?multiverseid=453636&type=card', 'language': 'French', 'multiverseid': 453636}, {'name': 'Capoguerra della Legione', 'imageUrl': 'http://gatherer.wizards.com/Handlers/Image.ashx?multiverseid=453895&type=card', 'language': 'Italian', 'multiverseid': 453895}, {'name': '軍勢の戦親分', 'imageUrl': 'http://gatherer.wizards.com/Handlers/Image.ashx?multiverseid=454154&type=card', 'language': 'Japanese', 'multiverseid': 454154}, {'name': '군단 전쟁대장', 'imageUrl': 'http://gatherer.wizards.com/Handlers/Image.ashx?multiverseid=454413&type=card', 'language': 'Korean', 'multiverseid': 454413}, {'name': 'Chefe-de-guerra da Legião', 'imageUrl': 'http://gatherer.wizards.com/Handlers/Image.ashx?multiverseid=454672&type=card', 'language': 'Portuguese (Brazil)', 'multiverseid': 454672}, {'name': 'Воевода Легиона', 'imageUrl': 'http://gatherer.wizards.com/Handlers/Image.ashx?multiverseid=454931&type=card', 'language': 'Russian', 'multiverseid': 454931}, {'name': '教团战首', 'imageUrl': 'http://gatherer.wizards.com/Handlers/Image.ashx?multiverseid=455190&type=card', 'language': 'Chinese Simplified', 'multiverseid': 455190}, {'name': '教團戰首', 'imageUrl': 'http://gatherer.wizards.com/Handlers/Image.ashx?multiverseid=455449&type=card', 'language': 'Chinese Traditional', 'multiverseid': 455449}]",['GRN'],"Mentor <i>(Whenever this creature attacks, put a +1/+1 counter on target attacking creature with lesser power.)</i>
At the beginning of combat on your turn, create a 1/1 red Goblin creature token. That token gains haste until end of turn and attacks this combat if able.",Creature — Goblin Soldier,,3ce25fc8c0690d86820e6e9c577a881af78d1bc1,Grixis Control,,,,Boros
Moment of Craving,4,Moment of Craving,,{1}{B},2,['Black'],['B'],Instant,,['Instant'],,Common,RIX,Rivals of Ixalan,Target creature gets -2/-2 until end of turn. You gain 2 life.,Steven Belledin,79,,,normal,439736.0,http://gatherer.wizards.com/Handlers/Image.ashx?multiverseid=439736&type=card,"[{'date': '2018-01-19', 'text': ""If the target creature is an illegal target by the time Moment of Craving tries to resolve, the spell doesn't resolve. You won't gain 2 life.""}, {'date': '2018-01-19', 'text': ""The target creature will still be on the battlefield when you gain life, even if its toughness has been reduced to 0 or less. Any abilities it has that interact with gaining life do so as appropriate. If any abilities trigger on you gaining life, the creature will be put into its owner's graveyard after that ability triggers but before it resolves.""}]","[{'name': 'Plötzliches Verlangen', 'imageUrl': 'http://gatherer.wizards.com/Handlers/Image.ashx?multiverseid=439939&type=card', 'language': 'German', 'multiverseid': 439939}, {'name': 'Momento de antojo', 'imageUrl': 'http://gatherer.wizards.com/Handlers/Image.ashx?multiverseid=440142&type=card', 'language': 'Spanish', 'multiverseid': 440142}, {'name': ""Instant d'envie"", 'imageUrl': 'http://gatherer.wizards.com/Handlers/Image.ashx?multiverseid=440345&type=card', 'language': 'French', 'multiverseid': 440345}, {'name': 'Momento di Bramosia', 'imageUrl': 'http://gatherer.wizards.com/Handlers/Image.ashx?multiverseid=440548&type=card', 'language': 'Italian', 'multiverseid': 440548}, {'name': '渇望の時', 'imageUrl': 'http://gatherer.wizards.com/Handlers/Image.ashx?multiverseid=440751&type=card', 'language': 'Japanese', 'multiverseid': 440751}, {'name': '열망의 순간', 'imageUrl': 'http://gatherer.wizards.com/Handlers/Image.ashx?multiverseid=440954&type=card', 'language': 'Korean', 'multiverseid': 440954}, {'name': 'Momento de Avidez', 'imageUrl': 'http://gatherer.wizards.com/Handlers/Image.ashx?multiverseid=441157&type=card', 'language': 'Portuguese (Brazil)', 'multiverseid': 441157}, {'name': 'Вспыхнувшая Жажда', 'imageUrl': 'http://gatherer.wizards.com/Handlers/Image.ashx?multiverseid=441360&type=card', 'language': 'Russian', 'multiverseid': 441360}, {'name': '渴血之时', 'imageUrl': 'http://gatherer.wizards.com/Handlers/Image.ashx?multiverseid=441563&type=card', 'language': 'Chinese Simplified', 'multiverseid': 441563}, {'name': '渴血之時', 'imageUrl': 'http://gatherer.wizards.com/Handlers/Image.ashx?multiverseid=441766&type=card', 'language': 'Chinese Traditional', 'multiverseid': 441766}]",['RIX'],Target creature gets -2/-2 until end of turn. You gain 2 life.,Instant,"[{'format': 'Brawl', 'legality': 'Legal'}, {'format': 'Commander', 'legality': 'Legal'}, {'format': 'Legacy', 'legality': 'Legal'}, {'format': 'Modern', 'legality': 'Legal'}, {'format': 'Vintage', 'legality': 'Legal'}]",8891db43dee16abd392b7dec9452951504aac2eb,Grixis Control,"""The time of condemnation is at hand. Dusk washes over the world, and I consign you to eternal darkness!""",,,
Murmuring Mystic,1,Murmuring Mystic,,{3}{U},4,['Blue'],['U'],Creature — Human Wizard,,['Creature'],"['Human', 'Wizard']",Uncommon,GRN,Guilds of Ravnica,"Whenever you cast an instant or sorcery spell, create a 1/1 blue Bird Illusion creature token with flying.",Mark Winters,45,1,5,normal,452795.0,http://gatherer.wizards.com/Handlers/Image.ashx?multiverseid=452795&type=card,"[{'date': '2018-10-05', 'text': ""Murmuring Mystic's triggered ability resolves before the spell that caused it to trigger. It resolves even if that spell is countered.""}]","[{'name': 'Murmelnder Mystiker', 'imageUrl': 'http://gatherer.wizards.com/Handlers/Image.ashx?multiverseid=453054&type=card', 'language': 'German', 'multiverseid': 453054}, {'name': 'Místico murmurador', 'imageUrl': 'http://gatherer.wizards.com/Handlers/Image.ashx?multiverseid=453313&type=card', 'language': 'Spanish', 'multiverseid': 453313}, {'name': 'Mystique bruissant', 'imageUrl': 'http://gatherer.wizards.com/Handlers/Image.ashx?multiverseid=453572&type=card', 'language': 'French', 'multiverseid': 453572}, {'name': 'Mistico Mormorante', 'imageUrl': 'http://gatherer.wizards.com/Handlers/Image.ashx?multiverseid=453831&type=card', 'language': 'Italian', 'multiverseid': 453831}, {'name': 'つぶやく神秘家', 'imageUrl': 'http://gatherer.wizards.com/Handlers/Image.ashx?multiverseid=454090&type=card', 'language': 'Japanese', 'multiverseid': 454090}, {'name': '속삭이는 신비주의자', 'imageUrl': 'http://gatherer.wizards.com/Handlers/Image.ashx?multiverseid=454349&type=card', 'language': 'Korean', 'multiverseid': 454349}, {'name': 'Místico dos Murmúrios', 'imageUrl': 'http://gatherer.wizards.com/Handlers/Image.ashx?multiverseid=454608&type=card', 'language': 'Portuguese (Brazil)', 'multiverseid': 454608}, {'name': 'Шепчущий Мистик', 'imageUrl': 'http://gatherer.wizards.com/Handlers/Image.ashx?multiverseid=454867&type=card', 'language': 'Russian', 'multiverseid': 454867}, {'name': '细语秘教徒', 'imageUrl': 'http://gatherer.wizards.com/Handlers/Image.ashx?multiverseid=455126&type=card', 'language': 'Chinese Simplified', 'multiverseid': 455126}, {'name': '細語秘教徒', 'imageUrl': 'http://gatherer.wizards.com/Handlers/Image.ashx?multiverseid=455385&type=card', 'language': 'Chinese Traditional', 'multiverseid': 455385}]",['GRN'],"Whenever you cast an instant or sorcery spell, create a 1/1 blue Bird Illusion creature token with flying.",Creature — Human Wizard,,9c8055f33ecc7c182a704fd22ed56ac3726aab50,Grixis Control,"Rumors float through the city like crows, alighting on citizens seemingly at random.",,,
Negate,1,Negate,,{1}{U},2,['Blue'],['U'],Instant,,['Instant'],,Special,pMPR,Magic Player Rewards,Counter target noncreature spell.,Ralph Horsley,38,,,normal,,,"[{'date': '2009-10-01', 'text': 'A ""creature spell"" is any spell with the type creature, even if it has other types such as artifact or enchantment. Older cards of type summon are also creature spells.'}]","[{'name': '失效', 'language': 'Chinese Simplified'}, {'name': '失效', 'language': 'Chinese Traditional'}, {'name': 'Négation', 'language': 'French'}, {'name': 'Negieren', 'language': 'German'}, {'name': 'Negare', 'language': 'Italian'}, {'name': '否認', 'language': 'Japanese'}, {'name': '부인', 'language': 'Korean'}, {'name': 'Negar', 'language': 'Portuguese (Brazil)'}, {'name': 'Отвергнуть', 'language': 'Russian'}, {'name': 'Negar', 'language': 'Spanish'}]","['pMPR', 'MOR', 'M10', 'DPA', 'M11', 'M12', 'M13', 'M14', 'M15', 'DTK', 'ORI', 'OGW', 'CN2', 'AER']",,,"[{'format': 'Battle for Zendikar Block', 'legality': 'Legal'}, {'format': 'Commander', 'legality': 'Legal'}, {'format': 'Kaladesh Block', 'legality': 'Legal'}, {'format': 'Khans of Tarkir Block', 'legality': 'Legal'}, {'format': 'Legacy', 'legality': 'Legal'}, {'format': 'Lorwyn-Shadowmoor Block', 'legality': 'Legal'}, {'format': 'Modern', 'legality': 'Legal'}, {'format': 'Standard', 'legality': 'Legal'}, {'format': 'Vintage', 'legality': 'Legal'}]",9e112a6b0873fadb26fbfe8bd60b6e3d71b04f2c,Grixis Control,,2009,Magic Player Rewards program reward,
"Nicol Bolas, the Ravager",3,"Nicol Bolas, the Ravager","['Nicol Bolas, the Ravager', 'Nicol Bolas, the Arisen']",{1}{U}{B}{R},4,"['Blue', 'Black', 'Red']","['U', 'B', 'R']",Legendary Creature — Elder Dragon,['Legendary'],['Creature'],"['Elder', 'Dragon']",Mythic Rare,M19,Core Set 2019,"Flying
When Nicol Bolas, the Ravager enters the battlefield, each opponent discards a card.
{4}{U}{B}{R}: Exile Nicol Bolas, the Ravager, then return him to the battlefield transformed under his owner's control. Activate this ability only any time you could cast a sorcery.",Svetlin Velinov,218a,4,4,double-faced,447354.0,http://gatherer.wizards.com/Handlers/Image.ashx?multiverseid=447354&type=card,"[{'date': '2018-07-13', 'text': ""When Nicol Bolas's enters-the-battlefield triggered ability resolves, first the next opponent in turn order (or, if it's an opponent's turn, that opponent) chooses a card in their hand without revealing it, then each other opponent in turn order does the same. Then all the chosen cards are discarded at the same time.""}, {'date': '2018-07-13', 'text': ""If Nicol Bolas leaves the battlefield after his creature face's activated ability has been activated but before it resolves, the card remains in whichever zone it moves to. It won't be exiled or return transformed.""}, {'date': '2018-07-13', 'text': ""Each face of a double-faced card has its own set of characteristics: name, types, subtypes, abilities, and so on. While a double-faced card is on the battlefield, consider only the characteristics of the face that's currently up. The other set of characteristics is ignored.""}, {'date': '2018-07-13', 'text': ""While a double-faced card isn't on the battlefield, consider only the characteristics of its front face. For example, Nicol Bolas has the characteristics of its creature face in the graveyard, even if it was a planeswalker on the battlefield before it was put into the graveyard.""}, {'date': '2018-07-13', 'text': ""A double-faced card enters the battlefield with its front face up by default, unless a spell or ability instructs you to put it onto the battlefield transformed, in which case it enters with its back face up. The back face of a double-faced card can't be played.""}, {'date': '2018-07-13', 'text': ""If another permanent that isn't a double-faced card (such as Mirror Image) becomes a copy of Nicol Bolas, the Ravager, activating the ability to exile it and return it transformed will only exile it. It won't return to the battlefield at all.""}]","[{'name': 'Nicol Bolas, der Zerstörer', 'imageUrl': 'http://gatherer.wizards.com/Handlers/Image.ashx?multiverseid=447635&type=card', 'language': 'German', 'multiverseid': 447635}, {'name': 'Nicol Bolas, el Devastador', 'imageUrl': 'http://gatherer.wizards.com/Handlers/Image.ashx?multiverseid=447916&type=card', 'language': 'Spanish', 'multiverseid': 447916}, {'name': 'Nicol Bolas, le dévastateur', 'imageUrl': 'http://gatherer.wizards.com/Handlers/Image.ashx?multiverseid=448197&type=card', 'language': 'French', 'multiverseid': 448197}, {'name': 'Nicol Bolas, il Devastatore', 'imageUrl': 'http://gatherer.wizards.com/Handlers/Image.ashx?multiverseid=448478&type=card', 'language': 'Italian', 'multiverseid': 448478}, {'name': '破滅の龍、ニコル・ボーラス', 'imageUrl': 'http://gatherer.wizards.com/Handlers/Image.ashx?multiverseid=448759&type=card', 'language': 'Japanese', 'multiverseid': 448759}, {'name': '유린자, 니콜 볼라스', 'imageUrl': 'http://gatherer.wizards.com/Handlers/Image.ashx?multiverseid=449040&type=card', 'language': 'Korean', 'multiverseid': 449040}, {'name': 'Nicol Bolas, o Devastador', 'imageUrl': 'http://gatherer.wizards.com/Handlers/Image.ashx?multiverseid=449321&type=card', 'language': 'Portuguese (Brazil)', 'multiverseid': 449321}, {'name': 'Никол Болас, Опустошитель', 'imageUrl': 'http://gatherer.wizards.com/Handlers/Image.ashx?multiverseid=449602&type=card', 'language': 'Russian', 'multiverseid': 449602}, {'name': '烈龙尼可波拉斯', 'imageUrl': 'http://gatherer.wizards.com/Handlers/Image.ashx?multiverseid=449883&type=card', 'language': 'Chinese Simplified', 'multiverseid': 449883}, {'name': '烈龍尼可波拉斯', 'imageUrl': 'http://gatherer.wizards.com/Handlers/Image.ashx?multiverseid=450164&type=card', 'language': 'Chinese Traditional', 'multiverseid': 450164}]",['M19'],"Flying
When Nicol Bolas, the Ravager enters the battlefield, each opponent discards a card.
{4}{U}{B}{R}: Exile Nicol Bolas, the Ravager, then return him to the battlefield transformed under his owner's control. Activate this ability only any time you could cast a sorcery.",Legendary Creature — Elder Dragon,"[{'format': 'Brawl', 'legality': 'Legal'}, {'format': 'Commander', 'legality': 'Legal'}, {'format': 'Legacy', 'legality': 'Legal'}, {'format': 'Modern', 'legality': 'Legal'}, {'format': 'Vintage', 'legality': 'Legal'}]",2b5c27fe700a9301ffb43d4375f56266a30bb6b6,Grixis Control,,,,
Notion Rain,1,Notion Rain,,{1}{U}{B},3,"['Blue', 'Black']","['U', 'B']",Sorcery,,['Sorcery'],,Common,GRN,Guilds of Ravnica,"Surveil 2, then draw two cards. Notion Rain deals 2 damage to you. (To surveil 2, look at the top two cards of your library, then put any number of them into your graveyard and the rest on top of your library in any order.)",Lius Lasahido,193,,,normal,452943.0,http://gatherer.wizards.com/Handlers/Image.ashx?multiverseid=452943&type=card,"[{'date': '2018-10-05', 'text': 'When you surveil, you may put all the cards you look at back on top of your library, you may put all of those cards into your graveyard, or you may put some of those cards on top and the rest of them into your graveyard.'}, {'date': '2018-10-05', 'text': ""You perform the actions stated on a card in sequence. For some spells and abilities, you'll surveil last. For others, you'll surveil and then perform other actions.""}]","[{'name': 'Regen der Erkenntnis', 'imageUrl': 'http://gatherer.wizards.com/Handlers/Image.ashx?multiverseid=453202&type=card', 'language': 'German', 'multiverseid': 453202}, {'name': 'Lluvia de nociones', 'imageUrl': 'http://gatherer.wizards.com/Handlers/Image.ashx?multiverseid=453461&type=card', 'language': 'Spanish', 'multiverseid': 453461}, {'name': 'Pluie de notions', 'imageUrl': 'http://gatherer.wizards.com/Handlers/Image.ashx?multiverseid=453720&type=card', 'language': 'French', 'multiverseid': 453720}, {'name': 'Pioggia di Nozioni', 'imageUrl': 'http://gatherer.wizards.com/Handlers/Image.ashx?multiverseid=453979&type=card', 'language': 'Italian', 'multiverseid': 453979}, {'name': '概念の雨', 'imageUrl': 'http://gatherer.wizards.com/Handlers/Image.ashx?multiverseid=454238&type=card', 'language': 'Japanese', 'multiverseid': 454238}, {'name': '생각의 비', 'imageUrl': 'http://gatherer.wizards.com/Handlers/Image.ashx?multiverseid=454497&type=card', 'language': 'Korean', 'multiverseid': 454497}, {'name': 'Chuva de Noções', 'imageUrl': 'http://gatherer.wizards.com/Handlers/Image.ashx?multiverseid=454756&type=card', 'language': 'Portuguese (Brazil)', 'multiverseid': 454756}, {'name': 'Дождь Идей', 'imageUrl': 'http://gatherer.wizards.com/Handlers/Image.ashx?multiverseid=455015&type=card', 'language': 'Russian', 'multiverseid': 455015}, {'name': '心念如雨', 'imageUrl': 'http://gatherer.wizards.com/Handlers/Image.ashx?multiverseid=455274&type=card', 'language': 'Chinese Simplified', 'multiverseid': 455274}, {'name': '心念如雨', 'imageUrl': 'http://gatherer.wizards.com/Handlers/Image.ashx?multiverseid=455533&type=card', 'language': 'Chinese Traditional', 'multiverseid': 455533}]",['GRN'],"Surveil 2, then draw two cards. Notion Rain deals 2 damage to you. <i>(To surveil 2, look at the top two cards of your library, then put any number of them into your graveyard and the rest on top of your library in any order.)</i>",Sorcery,,17ffc25dd5f378e727fb32ee693fc1557232b02a,Grixis Control,City air is a constant drizzle of private thoughts.,,,Dimir
Ritual of Soot,1,Ritual of Soot,,{2}{B}{B},4,['Black'],['B'],Sorcery,,['Sorcery'],,Rare,GRN,Guilds of Ravnica,Destroy all creatures with converted mana cost 3 or less.,Dimitar Marinski,84,,,normal,452834.0,http://gatherer.wizards.com/Handlers/Image.ashx?multiverseid=452834&type=card,"[{'date': '2018-10-05', 'text': ""Tokens that aren't a copy of something else don't have a mana cost. Anything without a mana cost normally has a converted mana cost of 0.""}, {'date': '2018-10-05', 'text': 'If a permanent has {X} in its mana cost, X is considered to be 0.'}]","[{'name': 'Ritual des Rußes', 'imageUrl': 'http://gatherer.wizards.com/Handlers/Image.ashx?multiverseid=453093&type=card', 'language': 'German', 'multiverseid': 453093}, {'name': 'Ritual del hollín', 'imageUrl': 'http://gatherer.wizards.com/Handlers/Image.ashx?multiverseid=453352&type=card', 'language': 'Spanish', 'multiverseid': 453352}, {'name': 'Rituel de suie', 'imageUrl': 'http://gatherer.wizards.com/Handlers/Image.ashx?multiverseid=453611&type=card', 'language': 'French', 'multiverseid': 453611}, {'name': 'Rituale della Fuliggine', 'imageUrl': 'http://gatherer.wizards.com/Handlers/Image.ashx?multiverseid=453870&type=card', 'language': 'Italian', 'multiverseid': 453870}, {'name': '煤の儀式', 'imageUrl': 'http://gatherer.wizards.com/Handlers/Image.ashx?multiverseid=454129&type=card', 'language': 'Japanese', 'multiverseid': 454129}, {'name': '검댕의 의식', 'imageUrl': 'http://gatherer.wizards.com/Handlers/Image.ashx?multiverseid=454388&type=card', 'language': 'Korean', 'multiverseid': 454388}, {'name': 'Ritual da Fuligem', 'imageUrl': 'http://gatherer.wizards.com/Handlers/Image.ashx?multiverseid=454647&type=card', 'language': 'Portuguese (Brazil)', 'multiverseid': 454647}, {'name': 'Ритуал Сажи', 'imageUrl': 'http://gatherer.wizards.com/Handlers/Image.ashx?multiverseid=454906&type=card', 'language': 'Russian', 'multiverseid': 454906}, {'name': '煤烟仪式', 'imageUrl': 'http://gatherer.wizards.com/Handlers/Image.ashx?multiverseid=455165&type=card', 'language': 'Chinese Simplified', 'multiverseid': 455165}, {'name': '煤煙儀式', 'imageUrl': 'http://gatherer.wizards.com/Handlers/Image.ashx?multiverseid=455424&type=card', 'language': 'Chinese Traditional', 'multiverseid': 455424}]",['GRN'],Destroy all creatures with converted mana cost 3 or less.,Sorcery,,90d57ba9e609f44ba88f8534b8e8dd1ace256ade,Grixis Control,"Only the patrol's armor was found, so tainted with the acrid smell of sudden death that it could never be worn again.",,,
Search for Azcanta,2,Search for Azcanta,"['Search for Azcanta', 'Azcanta, the Sunken Ruin']",{1}{U},2,['Blue'],['U'],Legendary Enchantment,['Legendary'],['Enchantment'],,Rare,XLN,Ixalan,"At the beginning of your upkeep, look at the top card of your library. You may put it into your graveyard. Then if you have seven or more cards in your graveyard, you may transform Search for Azcanta.",Magali Villeneuve,74a,,,double-faced,435226.0,http://gatherer.wizards.com/Handlers/Image.ashx?multiverseid=435226&type=card,"[{'date': '2017-09-29', 'text': ""If a seventh card is put into your graveyard by something other than resolving Search for Azcanta's triggered ability, you won't transform it yet. You'll have to wait until your next upkeep.""}, {'date': '2017-09-29', 'text': 'If you have seven or more cards in your graveyard, you may transform Search for Azcanta while resolving its triggered ability even if you choose not to put the top card of your library into your graveyard.'}, {'date': '2017-09-29', 'text': ""If you don't put the top card of your library into your graveyard while resolving Search for Azcanta's triggered ability, you'll leave it on top of your library (and probably draw it during your draw step).""}, {'date': '2018-01-19', 'text': 'For more information on double-faced cards, see the Ixalan mechanics article (http://magic.wizards.com/en/articles/archive/feature/ixalan-mechanics).'}]","[{'name': 'Suche nach Azcanta', 'imageUrl': 'http://gatherer.wizards.com/Handlers/Image.ashx?multiverseid=435525&type=card', 'language': 'German', 'multiverseid': 435525}, {'name': ""À la recherche d'Azcanta"", 'imageUrl': 'http://gatherer.wizards.com/Handlers/Image.ashx?multiverseid=435824&type=card', 'language': 'French', 'multiverseid': 435824}, {'name': 'In Cerca di Azcanta', 'imageUrl': 'http://gatherer.wizards.com/Handlers/Image.ashx?multiverseid=436123&type=card', 'language': 'Italian', 'multiverseid': 436123}, {'name': 'アズカンタの探索', 'imageUrl': 'http://gatherer.wizards.com/Handlers/Image.ashx?multiverseid=436422&type=card', 'language': 'Japanese', 'multiverseid': 436422}, {'name': '아즈칸타 탐색', 'imageUrl': 'http://gatherer.wizards.com/Handlers/Image.ashx?multiverseid=436721&type=card', 'language': 'Korean', 'multiverseid': 436721}, {'name': 'Busca por Azcanta', 'imageUrl': 'http://gatherer.wizards.com/Handlers/Image.ashx?multiverseid=437020&type=card', 'language': 'Portuguese (Brazil)', 'multiverseid': 437020}, {'name': 'Поиски Асканты', 'imageUrl': 'http://gatherer.wizards.com/Handlers/Image.ashx?multiverseid=437319&type=card', 'language': 'Russian', 'multiverseid': 437319}, {'name': 'En busca de Azcanta', 'imageUrl': 'http://gatherer.wizards.com/Handlers/Image.ashx?multiverseid=437618&type=card', 'language': 'Spanish', 'multiverseid': 437618}, {'name': '探寻阿兹坎特', 'imageUrl': 'http://gatherer.wizards.com/Handlers/Image.ashx?multiverseid=437917&type=card', 'language': 'Chinese Simplified', 'multiverseid': 437917}, {'name': '探尋阿茲坎特', 'imageUrl': 'http://gatherer.wizards.com/Handlers/Image.ashx?multiverseid=438216&type=card', 'language': 'Chinese Traditional', 'multiverseid': 438216}]",['XLN'],"At the beginning of your upkeep, look at the top card of your library. You may put it into your graveyard. Then if you have seven or more cards in your graveyard, you may transform Search for Azcanta.",Legendary Enchantment,"[{'format': 'Brawl', 'legality': 'Legal'}, {'format': 'Commander', 'legality': 'Legal'}, {'format': 'Legacy', 'legality': 'Legal'}, {'format': 'Modern', 'legality': 'Legal'}, {'format': 'Standard', 'legality': 'Legal'}, {'format': 'Vintage', 'legality': 'Legal'}]",31e234354fe4639ea7d1f1373a08514dde7930d4,Grixis Control,The Sunken Ruin houses all the learning of a long-forgotten age.,,,
Sinister Sabotage,2,Sinister Sabotage,,{1}{U}{U},3,['Blue'],['U'],Instant,,['Instant'],,Uncommon,GRN,Guilds of Ravnica,"Counter target spell.
Surveil 1. (Look at the top card of your library. You may put that card into your graveyard.)",Mathias Kollros,54,,,normal,452804.0,http://gatherer.wizards.com/Handlers/Image.ashx?multiverseid=452804&type=card,"[{'date': '2018-10-05', 'text': ""A spell that can't be countered is a legal target for Sinister Sabotage. The spell won't be countered when Sinister Sabotage resolves, but you'll still surveil 1.""}, {'date': '2018-10-05', 'text': 'When you surveil, you may put all the cards you look at back on top of your library, you may put all of those cards into your graveyard, or you may put some of those cards on top and the rest of them into your graveyard.'}, {'date': '2018-10-05', 'text': ""You perform the actions stated on a card in sequence. For some spells and abilities, you'll surveil last. For others, you'll surveil and then perform other actions.""}, {'date': '2018-10-05', 'text': ""Some spells that instruct you to surveil require targets. You can't cast a spell without choosing legal targets. If all of those targets become illegal, the spell doesn't resolve and you won't surveil.""}]","[{'name': 'Fiese Sabotage', 'imageUrl': 'http://gatherer.wizards.com/Handlers/Image.ashx?multiverseid=453063&type=card', 'language': 'German', 'multiverseid': 453063}, {'name': 'Sabotaje siniestro', 'imageUrl': 'http://gatherer.wizards.com/Handlers/Image.ashx?multiverseid=453322&type=card', 'language': 'Spanish', 'multiverseid': 453322}, {'name': 'Sinistre sabotage', 'imageUrl': 'http://gatherer.wizards.com/Handlers/Image.ashx?multiverseid=453581&type=card', 'language': 'French', 'multiverseid': 453581}, {'name': 'Sabotaggio Sinistro', 'imageUrl': 'http://gatherer.wizards.com/Handlers/Image.ashx?multiverseid=453840&type=card', 'language': 'Italian', 'multiverseid': 453840}, {'name': '悪意ある妨害', 'imageUrl': 'http://gatherer.wizards.com/Handlers/Image.ashx?multiverseid=454099&type=card', 'language': 'Japanese', 'multiverseid': 454099}, {'name': '사악한 방해 공작', 'imageUrl': 'http://gatherer.wizards.com/Handlers/Image.ashx?multiverseid=454358&type=card', 'language': 'Korean', 'multiverseid': 454358}, {'name': 'Sabotagem Sinistra', 'imageUrl': 'http://gatherer.wizards.com/Handlers/Image.ashx?multiverseid=454617&type=card', 'language': 'Portuguese (Brazil)', 'multiverseid': 454617}, {'name': 'Зловещая Диверсия', 'imageUrl': 'http://gatherer.wizards.com/Handlers/Image.ashx?multiverseid=454876&type=card', 'language': 'Russian', 'multiverseid': 454876}, {'name': '恶意破坏', 'imageUrl': 'http://gatherer.wizards.com/Handlers/Image.ashx?multiverseid=455135&type=card', 'language': 'Chinese Simplified', 'multiverseid': 455135}, {'name': '惡意破壞', 'imageUrl': 'http://gatherer.wizards.com/Handlers/Image.ashx?multiverseid=455394&type=card', 'language': 'Chinese Traditional', 'multiverseid': 455394}]",['GRN'],"Counter target spell.
Surveil 1. <i>(Look at the top card of your library. You may put that card into your graveyard.)</i>",Instant,,149bb54457fb374026804aea61cac7c54c604fc0,Grixis Control,"""We have intel that some guilds have fallen under an invader's influence. Until we're sure, no venture succeeds.""
—Lazav",,,Dimir
Sorcerous Spyglass,2,Sorcerous Spyglass,,{2},2,,,Artifact,,['Artifact'],,Rare,XLN,Ixalan,"As Sorcerous Spyglass enters the battlefield, look at an opponent's hand, then choose any card name.
Activated abilities of sources with the chosen name can't be activated unless they're mana abilities.",Kieran Yanner,248,,,normal,435407.0,http://gatherer.wizards.com/Handlers/Image.ashx?multiverseid=435407&type=card,"[{'date': '2017-09-29', 'text': ""You can choose any card name, even if that card doesn't normally have an activated ability. You're not limited to the names of cards you saw in the opponent's hand.""}, {'date': '2017-09-29', 'text': ""You can't choose the name of a token unless that token has the same name as a card.""}, {'date': '2017-09-29', 'text': 'Activated abilities contain a colon. They\'re generally written ""[Cost]: [Effect]."" Some keyword abilities (such as equip and crew) are activated abilities and will have colons in their reminder text. Triggered abilities (starting with ""when,"" ""whenever,"" or ""at"") are unaffected by the last ability of Sorcerous Spyglass.'}, {'date': '2017-09-29', 'text': 'An activated mana ability is one that produces mana as it resolves, not one that costs mana to activate.'}, {'date': '2017-09-29', 'text': ""Sorcerous Spyglass affects cards regardless of what zone they're in. This includes cards in hand, cards in the graveyard, and exiled cards.""}]","[{'name': 'Magisches Fernrohr', 'imageUrl': 'http://gatherer.wizards.com/Handlers/Image.ashx?multiverseid=435706&type=card', 'language': 'German', 'multiverseid': 435706}, {'name': 'Longue-vue ensorceleuse', 'imageUrl': 'http://gatherer.wizards.com/Handlers/Image.ashx?multiverseid=436005&type=card', 'language': 'French', 'multiverseid': 436005}, {'name': 'Cannocchiale Incantato', 'imageUrl': 'http://gatherer.wizards.com/Handlers/Image.ashx?multiverseid=436304&type=card', 'language': 'Italian', 'multiverseid': 436304}, {'name': '魔術遠眼鏡', 'imageUrl': 'http://gatherer.wizards.com/Handlers/Image.ashx?multiverseid=436603&type=card', 'language': 'Japanese', 'multiverseid': 436603}, {'name': '마법의 망원경', 'imageUrl': 'http://gatherer.wizards.com/Handlers/Image.ashx?multiverseid=436902&type=card', 'language': 'Korean', 'multiverseid': 436902}, {'name': 'Luneta Enfeitiçada', 'imageUrl': 'http://gatherer.wizards.com/Handlers/Image.ashx?multiverseid=437201&type=card', 'language': 'Portuguese (Brazil)', 'multiverseid': 437201}, {'name': 'Волшебная Подзорная Труба', 'imageUrl': 'http://gatherer.wizards.com/Handlers/Image.ashx?multiverseid=437500&type=card', 'language': 'Russian', 'multiverseid': 437500}, {'name': 'Catalejo hechizado', 'imageUrl': 'http://gatherer.wizards.com/Handlers/Image.ashx?multiverseid=437799&type=card', 'language': 'Spanish', 'multiverseid': 437799}, {'name': '巫视望远镜', 'imageUrl': 'http://gatherer.wizards.com/Handlers/Image.ashx?multiverseid=438098&type=card', 'language': 'Chinese Simplified', 'multiverseid': 438098}, {'name': '巫視望遠鏡', 'imageUrl': 'http://gatherer.wizards.com/Handlers/Image.ashx?multiverseid=438397&type=card', 'language': 'Chinese Traditional', 'multiverseid': 438397}]",['XLN'],"As Sorcerous Spyglass enters the battlefield, look at an opponent's hand, then choose any card name.
Activated abilities of sources with the chosen name can't be activated unless they're mana abilities.",Artifact,"[{'format': 'Brawl', 'legality': 'Banned'}, {'format': 'Commander', 'legality': 'Legal'}, {'format': 'Legacy', 'legality': 'Legal'}, {'format': 'Modern', 'legality': 'Legal'}, {'format': 'Standard', 'legality': 'Legal'}, {'format': 'Vintage', 'legality': 'Legal'}]",587f6cf3860cf06026f164709e44ff324134d4cd,Grixis Control,,,,
Spell Pierce,2,Spell Pierce,,{U},1,['Blue'],['U'],Instant,,['Instant'],,Common,MM3,Modern Masters 2017 Edition,Counter target noncreature spell unless its controller pays {2}.,Vance Kovacs,51,,,normal,425876.0,http://gatherer.wizards.com/Handlers/Image.ashx?multiverseid=425876&type=card,,"[{'name': '点破咒语', 'imageUrl': 'http://gatherer.wizards.com/Handlers/Image.ashx?multiverseid=426125&type=card', 'language': 'Chinese Simplified', 'multiverseid': 426125}, {'name': '呪文貫き', 'imageUrl': 'http://gatherer.wizards.com/Handlers/Image.ashx?multiverseid=426374&type=card', 'language': 'Japanese', 'multiverseid': 426374}]","['ZEN', 'MM3', 'MPS_AKH', 'XLN']",Counter target noncreature spell unless its controller pays {2}.,Instant,"[{'format': 'Brawl', 'legality': 'Legal'}, {'format': 'Commander', 'legality': 'Legal'}, {'format': 'Legacy', 'legality': 'Legal'}, {'format': 'Modern', 'legality': 'Legal'}, {'format': 'Standard', 'legality': 'Legal'}, {'format': 'Vintage', 'legality': 'Legal'}]",716a6bd20052429b2f0930268ef8c9d1b5ba5d2a,Grixis Control,"""There's a hole in your plan.""
—Noyan Dar, Tazeem lullmage",,,
Star of Extinction,2,Star of Extinction,,{5}{R}{R},7,['Red'],['R'],Sorcery,,['Sorcery'],,Mythic Rare,XLN,Ixalan,Destroy target land. Star of Extinction deals 20 damage to each creature and each planeswalker.,Chris Rahn,161,,,normal,435315.0,http://gatherer.wizards.com/Handlers/Image.ashx?multiverseid=435315&type=card,,"[{'name': 'Meteor der Auslöschung', 'imageUrl': 'http://gatherer.wizards.com/Handlers/Image.ashx?multiverseid=435614&type=card', 'language': 'German', 'multiverseid': 435614}, {'name': ""Étoile d'extinction"", 'imageUrl': 'http://gatherer.wizards.com/Handlers/Image.ashx?multiverseid=435913&type=card', 'language': 'French', 'multiverseid': 435913}, {'name': ""Stella dell'Estinzione"", 'imageUrl': 'http://gatherer.wizards.com/Handlers/Image.ashx?multiverseid=436212&type=card', 'language': 'Italian', 'multiverseid': 436212}, {'name': '絶滅の星', 'imageUrl': 'http://gatherer.wizards.com/Handlers/Image.ashx?multiverseid=436511&type=card', 'language': 'Japanese', 'multiverseid': 436511}, {'name': '멸종의 별', 'imageUrl': 'http://gatherer.wizards.com/Handlers/Image.ashx?multiverseid=436810&type=card', 'language': 'Korean', 'multiverseid': 436810}, {'name': 'Estrela da Extinção', 'imageUrl': 'http://gatherer.wizards.com/Handlers/Image.ashx?multiverseid=437109&type=card', 'language': 'Portuguese (Brazil)', 'multiverseid': 437109}, {'name': 'Звезда Вымирания', 'imageUrl': 'http://gatherer.wizards.com/Handlers/Image.ashx?multiverseid=437408&type=card', 'language': 'Russian', 'multiverseid': 437408}, {'name': 'Meteorito exterminador', 'imageUrl': 'http://gatherer.wizards.com/Handlers/Image.ashx?multiverseid=437707&type=card', 'language': 'Spanish', 'multiverseid': 437707}, {'name': '灭绝星落', 'imageUrl': 'http://gatherer.wizards.com/Handlers/Image.ashx?multiverseid=438006&type=card', 'language': 'Chinese Simplified', 'multiverseid': 438006}, {'name': '滅絕星落', 'imageUrl': 'http://gatherer.wizards.com/Handlers/Image.ashx?multiverseid=438305&type=card', 'language': 'Chinese Traditional', 'multiverseid': 438305}]",['XLN'],Destroy target land. Star of Extinction deals 20 damage to each creature and each planeswalker.,Sorcery,"[{'format': 'Brawl', 'legality': 'Legal'}, {'format': 'Commander', 'legality': 'Legal'}, {'format': 'Legacy', 'legality': 'Legal'}, {'format': 'Modern', 'legality': 'Legal'}, {'format': 'Standard', 'legality': 'Legal'}, {'format': 'Vintage', 'legality': 'Legal'}]",0bf5be3c08f897715ce47b4889dab633ff24a3f0,Grixis Control,"""The visions haunt me. I see the end of the world, brought on by the search for the Immortal Sun.""
—Shaper Pashona",,,
Steam Vents,4,Steam Vents,,,0,,"['U', 'R']",Land — Island Mountain,,['Land'],"['Island', 'Mountain']",Mythic Rare,EXP,Zendikar Expeditions,"({T}: Add {U} or {R}.)
As Steam Vents enters the battlefield, you may pay 2 life. If you don't, Steam Vents enters the battlefield tapped.",Noah Bradley,12,,,normal,405109.0,http://gatherer.wizards.com/Handlers/Image.ashx?multiverseid=405109&type=card,"[{'date': '2005-10-01', 'text': ""Has basic land types, but isn't a basic land. Things that affect basic lands don't affect it. For example, you can't find it with Civic Wayfinder.""}, {'date': '2005-10-01', 'text': ""If another effect (such as Loxodon Gatekeeper's ability) tells you to put lands onto the battlefield tapped, it enters the battlefield tapped whether you pay 2 life or not.""}, {'date': '2005-10-01', 'text': 'If multiple permanents with ""as enters the battlefield"" effects are entering the battlefield at the same time, process those effects one at a time, then put the permanents onto the battlefield all at once. For example, if you\'re at 3 life and an effect puts two of these onto the battlefield, you can pay 2 life for only one of them, not both.'}]",,"['GPT', 'RTR', 'EXP']","As Steam Vents enters the battlefield, you may pay 2 life. If you don't, Steam Vents enters the battlefield tapped.",Land — Island Mountain,"[{'format': 'Commander', 'legality': 'Legal'}, {'format': 'Legacy', 'legality': 'Legal'}, {'format': 'Modern', 'legality': 'Legal'}, {'format': 'Vintage', 'legality': 'Legal'}]",ed8f569d8df8864c440ac4c68402e0f4b1bda2c3,Grixis Control,,,,
Sulfur Falls,3,Sulfur Falls,,,0,,"['U', 'R']",Land,,['Land'],,Rare,ISD,Innistrad,"Sulfur Falls enters the battlefield tapped unless you control an Island or a Mountain.
{T}: Add {U} or {R}.",Cliff Childs,248,,,normal,241987.0,http://gatherer.wizards.com/Handlers/Image.ashx?multiverseid=241987&type=card,,"[{'name': '硫磺瀑布', 'imageUrl': 'http://gatherer.wizards.com/Handlers/Image.ashx?multiverseid=272219&type=card', 'language': 'Chinese Simplified', 'multiverseid': 272219}, {'name': '硫磺瀑布', 'imageUrl': 'http://gatherer.wizards.com/Handlers/Image.ashx?multiverseid=272503&type=card', 'language': 'Chinese Traditional', 'multiverseid': 272503}, {'name': 'Cascata de Enxofre', 'imageUrl': 'http://gatherer.wizards.com/Handlers/Image.ashx?multiverseid=272787&type=card', 'language': 'Portuguese (Brazil)', 'multiverseid': 272787}, {'name': 'Chutes de soufre', 'imageUrl': 'http://gatherer.wizards.com/Handlers/Image.ashx?multiverseid=273071&type=card', 'language': 'French', 'multiverseid': 273071}, {'name': 'Серный Водопад', 'imageUrl': 'http://gatherer.wizards.com/Handlers/Image.ashx?multiverseid=273355&type=card', 'language': 'Russian', 'multiverseid': 273355}, {'name': 'Schwefelfälle', 'imageUrl': 'http://gatherer.wizards.com/Handlers/Image.ashx?multiverseid=273639&type=card', 'language': 'German', 'multiverseid': 273639}, {'name': 'Cascada de azufre', 'imageUrl': 'http://gatherer.wizards.com/Handlers/Image.ashx?multiverseid=273923&type=card', 'language': 'Spanish', 'multiverseid': 273923}, {'name': 'Cascata Sulfurea', 'imageUrl': 'http://gatherer.wizards.com/Handlers/Image.ashx?multiverseid=274207&type=card', 'language': 'Italian', 'multiverseid': 274207}, {'name': '硫黄の滝', 'imageUrl': 'http://gatherer.wizards.com/Handlers/Image.ashx?multiverseid=274491&type=card', 'language': 'Japanese', 'multiverseid': 274491}]","['ISD', 'DOM']","Sulfur Falls enters the battlefield tapped unless you control an Island or a Mountain.
{T}: Add {U} or {R} to your mana pool.",Land,"[{'format': 'Brawl', 'legality': 'Legal'}, {'format': 'Commander', 'legality': 'Legal'}, {'format': 'Legacy', 'legality': 'Legal'}, {'format': 'Modern', 'legality': 'Legal'}, {'format': 'Vintage', 'legality': 'Legal'}]",578640c35971b9a1c67d5b72fd5697ca51fc65f9,Grixis Control,Skirsdag cultists meet behind a waterfall's curtain and plot with demonic forces.,,,
Swamp,5,Swamp,,,0,,['B'],Basic Land — Swamp,['Basic'],['Land'],['Swamp'],Basic Land,UST,Unstable,,John Avon,214,,,normal,439603.0,http://gatherer.wizards.com/Handlers/Image.ashx?multiverseid=439603&type=card,,,"['LEA', 'LEB', '2ED', 'CED', 'CEI', '3ED', '4ED', 'ICE', 'RQS', 'pARL', 'MIR', 'ITP', '5ED', 'POR', 'TMP', 'pJGP', 'PO2', 'UGL', 'pALP', 'USG', 'ATH', '6ED', 'PTK', 'pGRU', 'S99', 'MMQ', 'BRB', 'pELP', 'S00', 'BTD', 'INV', '7ED', 'ODY', 'DKM', 'ONS', '8ED', 'MRD', 'CHK', 'UNH', '9ED', 'RAV', 'CST', 'TSP', '10E', 'MED', 'LRW', 'SHM', 'ALA', 'DDC', 'M10', 'HOP', 'ME3', 'ZEN', 'DDD', 'H09', 'DDE', 'ROE', 'DPA', 'ARC', 'M11', 'SOM', 'MBS', 'NPH', 'CMD', 'M12', 'DDH', 'ISD', 'PD3', 'AVR', 'PC2', 'M13', 'DDJ', 'RTR', 'DDK', 'M14', 'THS', 'C13', 'DDM', 'MD1', 'M15', 'DDN', 'KTK', 'C14', 'DD3_DVD', 'DD3_GVL', 'FRF', 'DTK', 'TPR', 'ORI', 'DDP', 'BFZ', 'C15', 'DDQ', 'SOI', 'DDR', 'KLD', 'C16', 'PCA', 'AKH', 'CMA', 'E01', 'HOU', 'C17', 'XLN', 'UST', 'RIX', 'DOM', 'BBD', 'CM2', 'M19', 'C18']",,Basic Land — Swamp,"[{'format': 'Brawl', 'legality': 'Legal'}, {'format': 'Commander', 'legality': 'Legal'}, {'format': 'Legacy', 'legality': 'Legal'}, {'format': 'Modern', 'legality': 'Legal'}, {'format': 'Standard', 'legality': 'Legal'}, {'format': 'Vintage', 'legality': 'Legal'}]",7210d09e2bd2613adb39795e0f216cc20c6dba0c,Grixis Control,,,,Black
Syncopate,2,Syncopate,,{X}{U},1,['Blue'],['U'],Instant,,['Instant'],,Uncommon,RTR,Return to Ravnica,"Counter target spell unless its controller pays {X}. If that spell is countered this way, exile it instead of putting it into its owner's graveyard.",Clint Cearley,54,,,normal,270369.0,http://gatherer.wizards.com/Handlers/Image.ashx?multiverseid=270369&type=card,,"[{'name': 'Синкопа', 'imageUrl': 'http://gatherer.wizards.com/Handlers/Image.ashx?multiverseid=355242&type=card', 'language': 'Russian', 'multiverseid': 355242}, {'name': '切分', 'imageUrl': 'http://gatherer.wizards.com/Handlers/Image.ashx?multiverseid=355516&type=card', 'language': 'Chinese Traditional', 'multiverseid': 355516}, {'name': 'Unterbinden', 'imageUrl': 'http://gatherer.wizards.com/Handlers/Image.ashx?multiverseid=355790&type=card', 'language': 'German', 'multiverseid': 355790}, {'name': 'Syncope', 'imageUrl': 'http://gatherer.wizards.com/Handlers/Image.ashx?multiverseid=356064&type=card', 'language': 'French', 'multiverseid': 356064}, {'name': 'Sincopare', 'imageUrl': 'http://gatherer.wizards.com/Handlers/Image.ashx?multiverseid=356338&type=card', 'language': 'Italian', 'multiverseid': 356338}, {'name': '中略', 'imageUrl': 'http://gatherer.wizards.com/Handlers/Image.ashx?multiverseid=356612&type=card', 'language': 'Japanese', 'multiverseid': 356612}, {'name': 'Sincopar', 'imageUrl': 'http://gatherer.wizards.com/Handlers/Image.ashx?multiverseid=356886&type=card', 'language': 'Portuguese (Brazil)', 'multiverseid': 356886}, {'name': '切分', 'imageUrl': 'http://gatherer.wizards.com/Handlers/Image.ashx?multiverseid=357160&type=card', 'language': 'Chinese Simplified', 'multiverseid': 357160}, {'name': '중략', 'imageUrl': 'http://gatherer.wizards.com/Handlers/Image.ashx?multiverseid=357434&type=card', 'language': 'Korean', 'multiverseid': 357434}, {'name': 'Sincopar', 'imageUrl': 'http://gatherer.wizards.com/Handlers/Image.ashx?multiverseid=365512&type=card', 'language': 'Spanish', 'multiverseid': 365512}]","['ODY', 'RTR', 'DOM']","Counter target spell unless its controller pays {X}. If that spell is countered this way, exile it instead of putting it into its owner's graveyard.",Instant,"[{'format': 'Brawl', 'legality': 'Legal'}, {'format': 'Commander', 'legality': 'Legal'}, {'format': 'Legacy', 'legality': 'Legal'}, {'format': 'Modern', 'legality': 'Legal'}, {'format': 'Vintage', 'legality': 'Legal'}]",abe58908a6c8f4654e9f1bce1c468062f54e0d2e,Grixis Control,"""Patience, mage. Killing you now would be too easy.""",,,
The Eldest Reborn,4,The Eldest Reborn,,{4}{B},5,['Black'],['B'],Enchantment — Saga,,['Enchantment'],['Saga'],Uncommon,DOM,Dominaria,"(As this Saga enters and after your draw step, add a lore counter. Sacrifice after III.)
I — Each opponent sacrifices a creature or planeswalker.
II — Each opponent discards a card.
III — Put target creature or planeswalker card from a graveyard onto the battlefield under your control.",Jenn Ravenna,90,,,normal,442978.0,http://gatherer.wizards.com/Handlers/Image.ashx?multiverseid=442978&type=card,"[{'date': '2018-04-27', 'text': ""When the first chapter ability of The Eldest Reborn resolves, the next opponent in turn order (or, if it's an opponent's turn, that opponent) chooses a creature or planeswalker they control, then each other opponent in turn order (if any) does the same. All chosen permanents are then sacrificed at the same time. Players will know the choices made by earlier players when making their choices.""}, {'date': '2018-04-27', 'text': ""When the second chapter ability of The Eldest Reborn resolves, the next opponent in turn order (or, if it's an opponent's turn, that opponent) chooses a card in hand without revealing it, then each other opponent in turn order (if any) does the same. All chosen cards are then discarded at the same time.""}, {'date': '2018-04-27', 'text': ""In a multiplayer game, if a player leaves the game, all cards that player owns leave as well. If you leave the game, the permanent you control from The Eldest Reborn's final chapter ability is exiled.""}, {'date': '2018-04-27', 'text': ""As a Saga enters the battlefield, its controller puts a lore counter on it. As your precombat main phase begins (immediately after your draw step), you put another lore counter on each Saga you control. Putting a lore counter on a Saga in either of these ways doesn't use the stack.""}, {'date': '2018-04-27', 'text': ""Each symbol on the left of a Saga's text box represents a chapter ability. A chapter ability is a triggered ability that triggers when a lore counter that is put on the Saga causes the number of lore counters on the Saga to become equal to or greater than the ability's chapter number. Chapter abilities are put onto the stack and may be responded to.""}, {'date': '2018-04-27', 'text': ""A chapter ability doesn't trigger if a lore counter is put on a Saga that already had a number of lore counters greater than or equal to that chapter's number. For example, the third lore counter put on a Saga causes the III chapter ability to trigger, but I and II won't trigger again.""}, {'date': '2018-04-27', 'text': ""Once a chapter ability has triggered, the ability on the stack won't be affected if the Saga gains or loses counters, or if it leaves the battlefield.""}, {'date': '2018-04-27', 'text': 'If multiple chapter abilities trigger at the same time, their controller puts them on the stack in any order. If any of them require targets, those targets are chosen as you put the abilities on the stack, before any of those abilities resolve.'}, {'date': '2018-04-27', 'text': ""If counters are removed from a Saga, the appropriate chapter abilities will trigger again when the Saga receives lore counters. Removing lore counters won't cause a previous chapter ability to trigger.""}, {'date': '2018-04-27', 'text': ""Once the number of lore counters on a Saga is greater than or equal to the greatest number among its chapter abilities—in the Dominaria set, this is always three—the Saga's controller sacrifices it as soon as its chapter ability has left the stack, most likely by resolving or being countered. This state-based action doesn't use the stack.""}]","[{'name': 'Die Wiedergeburt des Ältesten', 'imageUrl': 'http://gatherer.wizards.com/Handlers/Image.ashx?multiverseid=443247&type=card', 'language': 'German', 'multiverseid': 443247}, {'name': 'El gran anciano renacido', 'imageUrl': 'http://gatherer.wizards.com/Handlers/Image.ashx?multiverseid=443516&type=card', 'language': 'Spanish', 'multiverseid': 443516}, {'name': ""La Renaissance de l'aîné"", 'imageUrl': 'http://gatherer.wizards.com/Handlers/Image.ashx?multiverseid=443785&type=card', 'language': 'French', 'multiverseid': 443785}, {'name': ""Rinascita dell'Antico"", 'imageUrl': 'http://gatherer.wizards.com/Handlers/Image.ashx?multiverseid=444054&type=card', 'language': 'Italian', 'multiverseid': 444054}, {'name': '最古再誕', 'imageUrl': 'http://gatherer.wizards.com/Handlers/Image.ashx?multiverseid=444323&type=card', 'language': 'Japanese', 'multiverseid': 444323}, {'name': '가장 오래된 재탄생', 'imageUrl': 'http://gatherer.wizards.com/Handlers/Image.ashx?multiverseid=444592&type=card', 'language': 'Korean', 'multiverseid': 444592}, {'name': 'O Ancião Renascido', 'imageUrl': 'http://gatherer.wizards.com/Handlers/Image.ashx?multiverseid=444861&type=card', 'language': 'Portuguese (Brazil)', 'multiverseid': 444861}, {'name': 'Перерождение Древнейшего', 'imageUrl': 'http://gatherer.wizards.com/Handlers/Image.ashx?multiverseid=445130&type=card', 'language': 'Russian', 'multiverseid': 445130}, {'name': '恶源重生', 'imageUrl': 'http://gatherer.wizards.com/Handlers/Image.ashx?multiverseid=445399&type=card', 'language': 'Chinese Simplified', 'multiverseid': 445399}, {'name': '惡源重生', 'imageUrl': 'http://gatherer.wizards.com/Handlers/Image.ashx?multiverseid=445668&type=card', 'language': 'Chinese Traditional', 'multiverseid': 445668}]",['DOM'],"(As this Saga enters and after your draw step, add a lore counter. Sacrifice after III.)
I — Each opponent sacrifices a creature or planeswalker.
II — Each opponent discards a card.
III — Put target creature or planeswalker card from a graveyard onto the battlefield under your control.",Enchantment — Saga,"[{'format': 'Brawl', 'legality': 'Legal'}, {'format': 'Commander', 'legality': 'Legal'}, {'format': 'Legacy', 'legality': 'Legal'}, {'format': 'Modern', 'legality': 'Legal'}, {'format': 'Vintage', 'legality': 'Legal'}]",2977365e48f08dabaac262884a700f3b1dc37329,Grixis Control,,,,
Thought Erasure,4,Thought Erasure,,{U}{B},2,"['Blue', 'Black']","['U', 'B']",Sorcery,,['Sorcery'],,Uncommon,GRN,Guilds of Ravnica,"Target opponent reveals their hand. You choose a nonland card from it. That player discards that card.
Surveil 1. (Look at the top card of your library. You may put it into your graveyard.)",Anna Steinbauer,206,,,normal,452956.0,http://gatherer.wizards.com/Handlers/Image.ashx?multiverseid=452956&type=card,"[{'date': '2018-10-05', 'text': ""You surveil 1 even if the opponent doesn't discard a card, perhaps because they had no cards in hand at all.""}, {'date': '2018-10-05', 'text': 'When you surveil, you may put all the cards you look at back on top of your library, you may put all of those cards into your graveyard, or you may put some of those cards on top and the rest of them into your graveyard.'}, {'date': '2018-10-05', 'text': ""You perform the actions stated on a card in sequence. For some spells and abilities, you'll surveil last. For others, you'll surveil and then perform other actions.""}, {'date': '2018-10-05', 'text': ""Some spells that instruct you to surveil require targets. You can't cast a spell without choosing legal targets. If all of those targets become illegal, the spell doesn't resolve and you won't surveil.""}]","[{'name': 'Gedankenlöschung', 'imageUrl': 'http://gatherer.wizards.com/Handlers/Image.ashx?multiverseid=453215&type=card', 'language': 'German', 'multiverseid': 453215}, {'name': 'Borrar los pensamientos', 'imageUrl': 'http://gatherer.wizards.com/Handlers/Image.ashx?multiverseid=453474&type=card', 'language': 'Spanish', 'multiverseid': 453474}, {'name': 'Effacement des pensées', 'imageUrl': 'http://gatherer.wizards.com/Handlers/Image.ashx?multiverseid=453733&type=card', 'language': 'French', 'multiverseid': 453733}, {'name': 'Cancellazione del Pensiero', 'imageUrl': 'http://gatherer.wizards.com/Handlers/Image.ashx?multiverseid=453992&type=card', 'language': 'Italian', 'multiverseid': 453992}, {'name': '思考消去', 'imageUrl': 'http://gatherer.wizards.com/Handlers/Image.ashx?multiverseid=454251&type=card', 'language': 'Japanese', 'multiverseid': 454251}, {'name': '기억 소거', 'imageUrl': 'http://gatherer.wizards.com/Handlers/Image.ashx?multiverseid=454510&type=card', 'language': 'Korean', 'multiverseid': 454510}, {'name': 'Dissolução do Pensamento', 'imageUrl': 'http://gatherer.wizards.com/Handlers/Image.ashx?multiverseid=454769&type=card', 'language': 'Portuguese (Brazil)', 'multiverseid': 454769}, {'name': 'Стирание Мыслей', 'imageUrl': 'http://gatherer.wizards.com/Handlers/Image.ashx?multiverseid=455028&type=card', 'language': 'Russian', 'multiverseid': 455028}, {'name': '抹消思绪', 'imageUrl': 'http://gatherer.wizards.com/Handlers/Image.ashx?multiverseid=455287&type=card', 'language': 'Chinese Simplified', 'multiverseid': 455287}, {'name': '抹消思緒', 'imageUrl': 'http://gatherer.wizards.com/Handlers/Image.ashx?multiverseid=455546&type=card', 'language': 'Chinese Traditional', 'multiverseid': 455546}]",['GRN'],"Target opponent reveals their hand. You choose a nonland card from it. That player discards that card.
Surveil 1. <i>(Look at the top card of your library. You may put it into your graveyard.)</i>",Sorcery,,1f92e3209bc06acbf792666363221cce5d389031,Grixis Control,"""It's truly the highest honor, isn't it? To be remembered? Pity for you.""",,,Dimir
Vraska's Contempt,1,Vraska's Contempt,,{2}{B}{B},4,['Black'],['B'],Instant,,['Instant'],,Rare,XLN,Ixalan,Exile target creature or planeswalker. You gain 2 life.,Clint Cearley,129,,,normal,435283.0,http://gatherer.wizards.com/Handlers/Image.ashx?multiverseid=435283&type=card,"[{'date': '2017-09-29', 'text': ""If the target creature or planeswalker is an illegal target by the time Vraska's Contempt resolves, the entire spell doesn't resolve. You won't gain life.""}, {'date': '2018-01-19', 'text': 'There are many important moments in the story, but the most crucial—called ""story spotlights""—are shown on cards. These cards have the Planeswalker symbol in their text box; this symbol has no effect on gameplay. You can read more about these events in the official Magic fiction at http://www.mtgstory.com.'}]","[{'name': 'Vraskas Verachtung', 'imageUrl': 'http://gatherer.wizards.com/Handlers/Image.ashx?multiverseid=435582&type=card', 'language': 'German', 'multiverseid': 435582}, {'name': 'Mépris de Vraska', 'imageUrl': 'http://gatherer.wizards.com/Handlers/Image.ashx?multiverseid=435881&type=card', 'language': 'French', 'multiverseid': 435881}, {'name': 'Disprezzo di Vraska', 'imageUrl': 'http://gatherer.wizards.com/Handlers/Image.ashx?multiverseid=436180&type=card', 'language': 'Italian', 'multiverseid': 436180}, {'name': 'ヴラスカの侮辱', 'imageUrl': 'http://gatherer.wizards.com/Handlers/Image.ashx?multiverseid=436479&type=card', 'language': 'Japanese', 'multiverseid': 436479}, {'name': '브라스카의 경멸', 'imageUrl': 'http://gatherer.wizards.com/Handlers/Image.ashx?multiverseid=436778&type=card', 'language': 'Korean', 'multiverseid': 436778}, {'name': 'Desprezo de Vraska', 'imageUrl': 'http://gatherer.wizards.com/Handlers/Image.ashx?multiverseid=437077&type=card', 'language': 'Portuguese (Brazil)', 'multiverseid': 437077}, {'name': 'Презрение Враски', 'imageUrl': 'http://gatherer.wizards.com/Handlers/Image.ashx?multiverseid=437376&type=card', 'language': 'Russian', 'multiverseid': 437376}, {'name': 'Desprecio de Vraska', 'imageUrl': 'http://gatherer.wizards.com/Handlers/Image.ashx?multiverseid=437675&type=card', 'language': 'Spanish', 'multiverseid': 437675}, {'name': '瓦丝卡的藐视', 'imageUrl': 'http://gatherer.wizards.com/Handlers/Image.ashx?multiverseid=437974&type=card', 'language': 'Chinese Simplified', 'multiverseid': 437974}, {'name': '瓦絲卡的藐視', 'imageUrl': 'http://gatherer.wizards.com/Handlers/Image.ashx?multiverseid=438273&type=card', 'language': 'Chinese Traditional', 'multiverseid': 438273}]",['XLN'],Exile target creature or planeswalker. You gain 2 life.,Instant,"[{'format': 'Brawl', 'legality': 'Legal'}, {'format': 'Commander', 'legality': 'Legal'}, {'format': 'Legacy', 'legality': 'Legal'}, {'format': 'Modern', 'legality': 'Legal'}, {'format': 'Standard', 'legality': 'Legal'}, {'format': 'Vintage', 'legality': 'Legal'}]",ab73011eeebeb1e62ae5e4e124eeb2fdde396dac,Grixis Control,It wasn't long before the taverns of High and Dry were full of whispers about the new captain who could turn a person to stone with a glance.,,,
Watery Grave,4,Watery Grave,,,0,,"['U', 'B']",Land — Island Swamp,,['Land'],"['Island', 'Swamp']",Mythic Rare,EXP,Zendikar Expeditions,"({T}: Add {U} or {B}.)
As Watery Grave enters the battlefield, you may pay 2 life. If you don't, Watery Grave enters the battlefield tapped.",Min Yum,7,,,normal,405114.0,http://gatherer.wizards.com/Handlers/Image.ashx?multiverseid=405114&type=card,"[{'date': '2005-10-01', 'text': ""Has basic land types, but isn't a basic land. Things that affect basic lands don't affect it. For example, you can't find it with Civic Wayfinder.""}, {'date': '2005-10-01', 'text': ""If another effect (such as Loxodon Gatekeeper's ability) tells you to put lands onto the battlefield tapped, it enters the battlefield tapped whether you pay 2 life or not.""}, {'date': '2005-10-01', 'text': 'If multiple permanents with ""as enters the battlefield"" effects are entering the battlefield at the same time, process those effects one at a time, then put the permanents onto the battlefield all at once. For example, if you\'re at 3 life and an effect puts two of these onto the battlefield, you can pay 2 life for only one of them, not both.'}]",,"['RAV', 'GTC', 'EXP']","As Watery Grave enters the battlefield, you may pay 2 life. If you don't, Watery Grave enters the battlefield tapped.",Land — Island Swamp,"[{'format': 'Commander', 'legality': 'Legal'}, {'format': 'Legacy', 'legality': 'Legal'}, {'format': 'Modern', 'legality': 'Legal'}, {'format': 'Vintage', 'legality': 'Legal'}]",fa63b8fabe778f0d2789665c98772bdfcbecd859,Grixis Control,,,,
