,quantity,name,manaCost,cmc,colors,colorIdentity,type,types,subtypes,rarity,set,setName,text,flavor,artist,number,power,toughness,layout,multiverseid,imageUrl,rulings,foreignNames,printings,originalText,originalType,legalities,id,Deck,watermark,releaseDate,source,supertypes
Arclight Phoenix,4,Arclight Phoenix,{3}{R},4,['Red'],['R'],Creature — Phoenix,['Creature'],['Phoenix'],Mythic Rare,GRN,Guilds of Ravnica,"Flying, haste
At the beginning of combat on your turn, if you've cast three or more instant and sorcery spells this turn, return Arclight Phoenix from your graveyard to the battlefield.",Some storms never blow over.,Slawomir Maniak,91,3,2,normal,452841.0,http://gatherer.wizards.com/Handlers/Image.ashx?multiverseid=452841&type=card,"[{'date': '2018-10-05', 'text': 'Because the beginning of combat step is before attackers are declared, you can attack with Arclight Phoenix during the same combat it returns to the battlefield.'}]","[{'name': 'Lichtbogen-Phoenix', 'imageUrl': 'http://gatherer.wizards.com/Handlers/Image.ashx?multiverseid=453100&type=card', 'language': 'German', 'multiverseid': 453100}, {'name': 'Fénix arcobrillante', 'imageUrl': 'http://gatherer.wizards.com/Handlers/Image.ashx?multiverseid=453359&type=card', 'language': 'Spanish', 'multiverseid': 453359}, {'name': ""Phénix d'arc"", 'imageUrl': 'http://gatherer.wizards.com/Handlers/Image.ashx?multiverseid=453618&type=card', 'language': 'French', 'multiverseid': 453618}, {'name': ""Fenice dell'Arcolampo"", 'imageUrl': 'http://gatherer.wizards.com/Handlers/Image.ashx?multiverseid=453877&type=card', 'language': 'Italian', 'multiverseid': 453877}, {'name': '弧光のフェニックス', 'imageUrl': 'http://gatherer.wizards.com/Handlers/Image.ashx?multiverseid=454136&type=card', 'language': 'Japanese', 'multiverseid': 454136}, {'name': '아크불빛 불사조', 'imageUrl': 'http://gatherer.wizards.com/Handlers/Image.ashx?multiverseid=454395&type=card', 'language': 'Korean', 'multiverseid': 454395}, {'name': 'Fênix Arco-lume', 'imageUrl': 'http://gatherer.wizards.com/Handlers/Image.ashx?multiverseid=454654&type=card', 'language': 'Portuguese (Brazil)', 'multiverseid': 454654}, {'name': 'Феникс Дуги Света', 'imageUrl': 'http://gatherer.wizards.com/Handlers/Image.ashx?multiverseid=454913&type=card', 'language': 'Russian', 'multiverseid': 454913}, {'name': '弧光凤凰', 'imageUrl': 'http://gatherer.wizards.com/Handlers/Image.ashx?multiverseid=455172&type=card', 'language': 'Chinese Simplified', 'multiverseid': 455172}, {'name': '弧光鳳凰', 'imageUrl': 'http://gatherer.wizards.com/Handlers/Image.ashx?multiverseid=455431&type=card', 'language': 'Chinese Traditional', 'multiverseid': 455431}]",['GRN'],"Flying, haste
At the beginning of combat on your turn, if you've cast three or more instant and sorcery spells this turn, return Arclight Phoenix from your graveyard to the battlefield.",Creature — Phoenix,,260e7e3ab6ce9c5463aac3a45ca935a79019f6a2,Izzet Drakes,,,,
Beacon Bolt,2,Beacon Bolt,{1}{U}{R},3,"['Blue', 'Red']","['U', 'R']",Sorcery,['Sorcery'],,Uncommon,GRN,Guilds of Ravnica,"Beacon Bolt deals damage to target creature equal to the total number of instant and sorcery cards you own in exile and in your graveyard.
Jump-start (You may cast this card from your graveyard by discarding a card in addition to paying its other costs. Then exile this card.)",,Titus Lunter,154,,,normal,452904.0,http://gatherer.wizards.com/Handlers/Image.ashx?multiverseid=452904&type=card,"[{'date': '2018-10-05', 'text': ""Beacon Bolt is still on the stack while you count your instant and sorcery cards in your graveyard and in exile. It doesn't count itself.""}, {'date': '2018-10-05', 'text': ""If any exiled cards you own are face down, they have no characteristics. If they're normally instants or sorceries, they won't be counted.""}, {'date': '2018-10-05', 'text': ""You must still follow any timing restrictions and permissions, including those based on the card's type. For instance, you can cast a sorcery using jump-start only when you could normally cast a sorcery.""}, {'date': '2018-10-05', 'text': ""A spell cast using jump-start will always be exiled afterward, whether it resolves, it's countered, or it leaves the stack in some other way.""}, {'date': '2018-10-05', 'text': ""If an effect allows you to pay an alternative cost rather than a spell's mana cost, you may pay that alternative cost when you jump-start a spell. You'll still discard a card as an additional cost to cast it.""}, {'date': '2018-10-05', 'text': ""If a card with jump-start is put into your graveyard during your turn, you'll be able to cast it right away if it's legal to do so, before an opponent can take any actions.""}]","[{'name': 'Signalturm-Blitz', 'imageUrl': 'http://gatherer.wizards.com/Handlers/Image.ashx?multiverseid=453163&type=card', 'language': 'German', 'multiverseid': 453163}, {'name': 'Rayo de la atalaya', 'imageUrl': 'http://gatherer.wizards.com/Handlers/Image.ashx?multiverseid=453422&type=card', 'language': 'Spanish', 'multiverseid': 453422}, {'name': 'Éclair du flambeau', 'imageUrl': 'http://gatherer.wizards.com/Handlers/Image.ashx?multiverseid=453681&type=card', 'language': 'French', 'multiverseid': 453681}, {'name': 'Saetta del Faro', 'imageUrl': 'http://gatherer.wizards.com/Handlers/Image.ashx?multiverseid=453940&type=card', 'language': 'Italian', 'multiverseid': 453940}, {'name': '標の稲妻', 'imageUrl': 'http://gatherer.wizards.com/Handlers/Image.ashx?multiverseid=454199&type=card', 'language': 'Japanese', 'multiverseid': 454199}, {'name': '봉화의 번개', 'imageUrl': 'http://gatherer.wizards.com/Handlers/Image.ashx?multiverseid=454458&type=card', 'language': 'Korean', 'multiverseid': 454458}, {'name': 'Raio do Farol', 'imageUrl': 'http://gatherer.wizards.com/Handlers/Image.ashx?multiverseid=454717&type=card', 'language': 'Portuguese (Brazil)', 'multiverseid': 454717}, {'name': 'Сигнальный Разряд', 'imageUrl': 'http://gatherer.wizards.com/Handlers/Image.ashx?multiverseid=454976&type=card', 'language': 'Russian', 'multiverseid': 454976}, {'name': '信标电击', 'imageUrl': 'http://gatherer.wizards.com/Handlers/Image.ashx?multiverseid=455235&type=card', 'language': 'Chinese Simplified', 'multiverseid': 455235}, {'name': '信標電擊', 'imageUrl': 'http://gatherer.wizards.com/Handlers/Image.ashx?multiverseid=455494&type=card', 'language': 'Chinese Traditional', 'multiverseid': 455494}]",['GRN'],"Beacon Bolt deals damage to target creature equal to the total number of instant and sorcery cards you own in exile and in your graveyard.
Jump-start <i>(You may cast this card from your graveyard by discarding a card in addition to paying its other costs. Then exile this card.)</i>",Sorcery,,7a102d378978f8b31f7d443d5c29a6bc01cec4bc,Izzet Drakes,Izzet,,,
Blink of an Eye,1,Blink of an Eye,{1}{U},2,['Blue'],['U'],Instant,['Instant'],,Common,DOM,Dominaria,"Kicker {1}{U} (You may pay an additional {1}{U} as you cast this spell.)
Return target nonland permanent to its owner's hand. If this spell was kicked, draw a card.",,Igor Kieryluk,46,,,normal,442934.0,http://gatherer.wizards.com/Handlers/Image.ashx?multiverseid=442934&type=card,"[{'date': '2018-04-27', 'text': ""If the target nonland permanent is an illegal target by the time Blink of an Eye tries to resolve, the spell doesn't resolve. You won't draw a card if it was kicked.""}]","[{'name': 'Von Augenblick zu Augenblick', 'imageUrl': 'http://gatherer.wizards.com/Handlers/Image.ashx?multiverseid=443203&type=card', 'language': 'German', 'multiverseid': 443203}, {'name': 'Abrir y cerrar de ojos', 'imageUrl': 'http://gatherer.wizards.com/Handlers/Image.ashx?multiverseid=443472&type=card', 'language': 'Spanish', 'multiverseid': 443472}, {'name': ""Clin d'œil"", 'imageUrl': 'http://gatherer.wizards.com/Handlers/Image.ashx?multiverseid=443741&type=card', 'language': 'French', 'multiverseid': 443741}, {'name': ""Batter d'Occhio"", 'imageUrl': 'http://gatherer.wizards.com/Handlers/Image.ashx?multiverseid=444010&type=card', 'language': 'Italian', 'multiverseid': 444010}, {'name': '一瞬', 'imageUrl': 'http://gatherer.wizards.com/Handlers/Image.ashx?multiverseid=444279&type=card', 'language': 'Japanese', 'multiverseid': 444279}, {'name': '눈 깜빡이기', 'imageUrl': 'http://gatherer.wizards.com/Handlers/Image.ashx?multiverseid=444548&type=card', 'language': 'Korean', 'multiverseid': 444548}, {'name': 'Piscar de Olhos', 'imageUrl': 'http://gatherer.wizards.com/Handlers/Image.ashx?multiverseid=444817&type=card', 'language': 'Portuguese (Brazil)', 'multiverseid': 444817}, {'name': 'Мгновение Ока', 'imageUrl': 'http://gatherer.wizards.com/Handlers/Image.ashx?multiverseid=445086&type=card', 'language': 'Russian', 'multiverseid': 445086}, {'name': '眨眼即逝', 'imageUrl': 'http://gatherer.wizards.com/Handlers/Image.ashx?multiverseid=445355&type=card', 'language': 'Chinese Simplified', 'multiverseid': 445355}, {'name': '眨眼即逝', 'imageUrl': 'http://gatherer.wizards.com/Handlers/Image.ashx?multiverseid=445624&type=card', 'language': 'Chinese Traditional', 'multiverseid': 445624}]",['DOM'],"Kicker {1}{U} (You may pay an additional {1}{U} as you cast this spell.)
Return target nonland permanent to its owner's hand. If this spell was kicked, draw a card.",Instant,"[{'format': 'Brawl', 'legality': 'Legal'}, {'format': 'Commander', 'legality': 'Legal'}, {'format': 'Legacy', 'legality': 'Legal'}, {'format': 'Modern', 'legality': 'Legal'}, {'format': 'Vintage', 'legality': 'Legal'}]",2adff7f333d22918b603680fd2e6c79beb8ac7a0,Izzet Drakes,,,,
Chart a Course,4,Chart a Course,{1}{U},2,['Blue'],['U'],Sorcery,['Sorcery'],,Uncommon,XLN,Ixalan,Draw two cards. Then discard a card unless you attacked with a creature this turn.,"While other pirates prowl for treasure, Captain Parrish plunders secrets.",James Ryman,48,,,normal,435200.0,http://gatherer.wizards.com/Handlers/Image.ashx?multiverseid=435200&type=card,,"[{'name': 'Den Kurs festlegen', 'imageUrl': 'http://gatherer.wizards.com/Handlers/Image.ashx?multiverseid=435499&type=card', 'language': 'German', 'multiverseid': 435499}, {'name': 'Tracer un cap', 'imageUrl': 'http://gatherer.wizards.com/Handlers/Image.ashx?multiverseid=435798&type=card', 'language': 'French', 'multiverseid': 435798}, {'name': 'Tracciare la Rotta', 'imageUrl': 'http://gatherer.wizards.com/Handlers/Image.ashx?multiverseid=436097&type=card', 'language': 'Italian', 'multiverseid': 436097}, {'name': '航路の作成', 'imageUrl': 'http://gatherer.wizards.com/Handlers/Image.ashx?multiverseid=436396&type=card', 'language': 'Japanese', 'multiverseid': 436396}, {'name': '진로 계획', 'imageUrl': 'http://gatherer.wizards.com/Handlers/Image.ashx?multiverseid=436695&type=card', 'language': 'Korean', 'multiverseid': 436695}, {'name': 'Traçar uma Rota', 'imageUrl': 'http://gatherer.wizards.com/Handlers/Image.ashx?multiverseid=436994&type=card', 'language': 'Portuguese (Brazil)', 'multiverseid': 436994}, {'name': 'Проложить Курс', 'imageUrl': 'http://gatherer.wizards.com/Handlers/Image.ashx?multiverseid=437293&type=card', 'language': 'Russian', 'multiverseid': 437293}, {'name': 'Trazar la ruta', 'imageUrl': 'http://gatherer.wizards.com/Handlers/Image.ashx?multiverseid=437592&type=card', 'language': 'Spanish', 'multiverseid': 437592}, {'name': '规划航路', 'imageUrl': 'http://gatherer.wizards.com/Handlers/Image.ashx?multiverseid=437891&type=card', 'language': 'Chinese Simplified', 'multiverseid': 437891}, {'name': '規劃航路', 'imageUrl': 'http://gatherer.wizards.com/Handlers/Image.ashx?multiverseid=438190&type=card', 'language': 'Chinese Traditional', 'multiverseid': 438190}]",['XLN'],Draw two cards. Then discard a card unless you attacked with a creature this turn.,Sorcery,"[{'format': 'Brawl', 'legality': 'Legal'}, {'format': 'Commander', 'legality': 'Legal'}, {'format': 'Legacy', 'legality': 'Legal'}, {'format': 'Modern', 'legality': 'Legal'}, {'format': 'Standard', 'legality': 'Legal'}, {'format': 'Vintage', 'legality': 'Legal'}]",adb8a102c0662ead16cf5677abe79693bfbd483d,Izzet Drakes,,,,
Crackling Drake,1,Crackling Drake,{U}{U}{R}{R},4,"['Blue', 'Red']","['U', 'R']",Creature — Drake,['Creature'],['Drake'],Uncommon,GRN,Guilds of Ravnica,"Flying
Crackling Drake's power is equal to the total number of instant and sorcery cards you own in exile and in your graveyard.
When Crackling Drake enters the battlefield, draw a card.",,Victor Adame Minguez,163,*,4,normal,452913.0,http://gatherer.wizards.com/Handlers/Image.ashx?multiverseid=452913&type=card,"[{'date': '2018-10-05', 'text': ""If any exiled cards you own are face down, they have no characteristics. If they're normally instants or sorceries, they won't be counted.""}, {'date': '2018-10-05', 'text': ""The ability that defines Crackling Drake's power works in all zones.""}]","[{'name': 'Knisternder Sceada', 'imageUrl': 'http://gatherer.wizards.com/Handlers/Image.ashx?multiverseid=453172&type=card', 'language': 'German', 'multiverseid': 453172}, {'name': 'Draco chisporroteante', 'imageUrl': 'http://gatherer.wizards.com/Handlers/Image.ashx?multiverseid=453431&type=card', 'language': 'Spanish', 'multiverseid': 453431}, {'name': 'Drakôn crépitant', 'imageUrl': 'http://gatherer.wizards.com/Handlers/Image.ashx?multiverseid=453690&type=card', 'language': 'French', 'multiverseid': 453690}, {'name': 'Draghetto Crepitante', 'imageUrl': 'http://gatherer.wizards.com/Handlers/Image.ashx?multiverseid=453949&type=card', 'language': 'Italian', 'multiverseid': 453949}, {'name': '弾けるドレイク', 'imageUrl': 'http://gatherer.wizards.com/Handlers/Image.ashx?multiverseid=454208&type=card', 'language': 'Japanese', 'multiverseid': 454208}, {'name': '파직거리는 드레이크', 'imageUrl': 'http://gatherer.wizards.com/Handlers/Image.ashx?multiverseid=454467&type=card', 'language': 'Korean', 'multiverseid': 454467}, {'name': 'Dragonete Fagulhante', 'imageUrl': 'http://gatherer.wizards.com/Handlers/Image.ashx?multiverseid=454726&type=card', 'language': 'Portuguese (Brazil)', 'multiverseid': 454726}, {'name': 'Трескучий Дрейк', 'imageUrl': 'http://gatherer.wizards.com/Handlers/Image.ashx?multiverseid=454985&type=card', 'language': 'Russian', 'multiverseid': 454985}, {'name': '爆响龙兽', 'imageUrl': 'http://gatherer.wizards.com/Handlers/Image.ashx?multiverseid=455244&type=card', 'language': 'Chinese Simplified', 'multiverseid': 455244}, {'name': '爆響龍獸', 'imageUrl': 'http://gatherer.wizards.com/Handlers/Image.ashx?multiverseid=455503&type=card', 'language': 'Chinese Traditional', 'multiverseid': 455503}]",['GRN'],"Flying
Crackling Drake's power is equal to the total number of instant and sorcery cards you own in exile and in your graveyard.
When Crackling Drake enters the battlefield, draw a card.",Creature — Drake,,ba12c18ec97e595c05a4da1cd951a42988e876f8,Izzet Drakes,Izzet,,,
Disdainful Stroke,2,Disdainful Stroke,{1}{U},2,['Blue'],['U'],Instant,['Instant'],,Special,pFNM,Friday Night Magic,Counter target spell with converted mana cost 4 or greater.,"""You are beneath contempt. Your lineage will be forgotten.""",Svetlin Velinov,177,,,normal,,,"[{'date': '2014-09-20', 'text': ""A face-down spell has converted mana cost 0 and can't be targeted by Disdainful Stroke.""}]","[{'name': '倨傲击', 'language': 'Chinese Simplified'}, {'name': '倨傲擊', 'language': 'Chinese Traditional'}, {'name': 'Botte dédaigneuse', 'language': 'French'}, {'name': 'Verächtlicher Hieb', 'language': 'German'}, {'name': 'Fendente Sdegnoso', 'language': 'Italian'}, {'name': '軽蔑的な一撃', 'language': 'Japanese'}, {'name': '경멸의 일격', 'language': 'Korean'}, {'name': 'Golpe Desdenhoso', 'language': 'Portuguese (Brazil)'}, {'name': 'Презрительный Удар', 'language': 'Russian'}, {'name': 'Golpe altanero', 'language': 'Spanish'}]","['pFNM', 'KTK', 'C16']",,,"[{'format': 'Commander', 'legality': 'Legal'}, {'format': 'Khans of Tarkir Block', 'legality': 'Legal'}, {'format': 'Legacy', 'legality': 'Legal'}, {'format': 'Modern', 'legality': 'Legal'}, {'format': 'Vintage', 'legality': 'Legal'}]",555a4323774f82990e2ebd47b9236dafabcf8721,Izzet Drakes,,2015-02-01,Friday Night Magic prize,
Dive Down,1,Dive Down,{U},1,['Blue'],['U'],Instant,['Instant'],,Common,XLN,Ixalan,Target creature you control gets +0/+3 and gains hexproof until end of turn. (It can't be the target of spells or abilities your opponents control.),"""Seeing the river is not the same as seeing the fish.""",Magali Villeneuve,53,,,normal,435205.0,http://gatherer.wizards.com/Handlers/Image.ashx?multiverseid=435205&type=card,,"[{'name': 'Abtauchen', 'imageUrl': 'http://gatherer.wizards.com/Handlers/Image.ashx?multiverseid=435504&type=card', 'language': 'German', 'multiverseid': 435504}, {'name': 'Plongée', 'imageUrl': 'http://gatherer.wizards.com/Handlers/Image.ashx?multiverseid=435803&type=card', 'language': 'French', 'multiverseid': 435803}, {'name': 'Immergersi', 'imageUrl': 'http://gatherer.wizards.com/Handlers/Image.ashx?multiverseid=436102&type=card', 'language': 'Italian', 'multiverseid': 436102}, {'name': '潜水', 'imageUrl': 'http://gatherer.wizards.com/Handlers/Image.ashx?multiverseid=436401&type=card', 'language': 'Japanese', 'multiverseid': 436401}, {'name': '잠수', 'imageUrl': 'http://gatherer.wizards.com/Handlers/Image.ashx?multiverseid=436700&type=card', 'language': 'Korean', 'multiverseid': 436700}, {'name': 'Mergulhar', 'imageUrl': 'http://gatherer.wizards.com/Handlers/Image.ashx?multiverseid=436999&type=card', 'language': 'Portuguese (Brazil)', 'multiverseid': 436999}, {'name': 'Погружение Вглубь', 'imageUrl': 'http://gatherer.wizards.com/Handlers/Image.ashx?multiverseid=437298&type=card', 'language': 'Russian', 'multiverseid': 437298}, {'name': 'Sumergirse', 'imageUrl': 'http://gatherer.wizards.com/Handlers/Image.ashx?multiverseid=437597&type=card', 'language': 'Spanish', 'multiverseid': 437597}, {'name': '深潜', 'imageUrl': 'http://gatherer.wizards.com/Handlers/Image.ashx?multiverseid=437896&type=card', 'language': 'Chinese Simplified', 'multiverseid': 437896}, {'name': '深潛', 'imageUrl': 'http://gatherer.wizards.com/Handlers/Image.ashx?multiverseid=438195&type=card', 'language': 'Chinese Traditional', 'multiverseid': 438195}]",['XLN'],Target creature you control gets +0/+3 and gains hexproof until end of turn. (It can't be the target of spells or abilities your opponents control.),Instant,"[{'format': 'Brawl', 'legality': 'Legal'}, {'format': 'Commander', 'legality': 'Legal'}, {'format': 'Legacy', 'legality': 'Legal'}, {'format': 'Modern', 'legality': 'Legal'}, {'format': 'Standard', 'legality': 'Legal'}, {'format': 'Vintage', 'legality': 'Legal'}]",422d95822a23777b5d94436db978f81978a8cc34,Izzet Drakes,,,,
Fiery Cannonade,3,Fiery Cannonade,{2}{R},3,['Red'],['R'],Instant,['Instant'],,Uncommon,XLN,Ixalan,Fiery Cannonade deals 2 damage to each non-Pirate creature.,"Wary of the ferocious dinosaurs, the Legion of Dusk built up the walls of their fort—just in time for the pirates to burn them down.",Ben Wootten,143,,,normal,435297.0,http://gatherer.wizards.com/Handlers/Image.ashx?multiverseid=435297&type=card,,"[{'name': 'Feurige Kanonade', 'imageUrl': 'http://gatherer.wizards.com/Handlers/Image.ashx?multiverseid=435596&type=card', 'language': 'German', 'multiverseid': 435596}, {'name': 'Canonnade ardente', 'imageUrl': 'http://gatherer.wizards.com/Handlers/Image.ashx?multiverseid=435895&type=card', 'language': 'French', 'multiverseid': 435895}, {'name': 'Cannonata Fiammante', 'imageUrl': 'http://gatherer.wizards.com/Handlers/Image.ashx?multiverseid=436194&type=card', 'language': 'Italian', 'multiverseid': 436194}, {'name': '焦熱の連続砲撃', 'imageUrl': 'http://gatherer.wizards.com/Handlers/Image.ashx?multiverseid=436493&type=card', 'language': 'Japanese', 'multiverseid': 436493}, {'name': '맹렬한 연속포격', 'imageUrl': 'http://gatherer.wizards.com/Handlers/Image.ashx?multiverseid=436792&type=card', 'language': 'Korean', 'multiverseid': 436792}, {'name': 'Canhonada Ardente', 'imageUrl': 'http://gatherer.wizards.com/Handlers/Image.ashx?multiverseid=437091&type=card', 'language': 'Portuguese (Brazil)', 'multiverseid': 437091}, {'name': 'Огненная Канонада', 'imageUrl': 'http://gatherer.wizards.com/Handlers/Image.ashx?multiverseid=437390&type=card', 'language': 'Russian', 'multiverseid': 437390}, {'name': 'Cañonazo ardiente', 'imageUrl': 'http://gatherer.wizards.com/Handlers/Image.ashx?multiverseid=437689&type=card', 'language': 'Spanish', 'multiverseid': 437689}, {'name': '激烈炮击', 'imageUrl': 'http://gatherer.wizards.com/Handlers/Image.ashx?multiverseid=437988&type=card', 'language': 'Chinese Simplified', 'multiverseid': 437988}, {'name': '激烈炮擊', 'imageUrl': 'http://gatherer.wizards.com/Handlers/Image.ashx?multiverseid=438287&type=card', 'language': 'Chinese Traditional', 'multiverseid': 438287}]",['XLN'],Fiery Cannonade deals 2 damage to each non-Pirate creature.,Instant,"[{'format': 'Brawl', 'legality': 'Legal'}, {'format': 'Commander', 'legality': 'Legal'}, {'format': 'Legacy', 'legality': 'Legal'}, {'format': 'Modern', 'legality': 'Legal'}, {'format': 'Standard', 'legality': 'Legal'}, {'format': 'Vintage', 'legality': 'Legal'}]",e249e9b6ad5dece9dc166d3bcedbd8057aea420e,Izzet Drakes,,,,
Goblin Electromancer,4,Goblin Electromancer,{U}{R},2,"['Blue', 'Red']","['U', 'R']",Creature — Goblin Wizard,['Creature'],"['Goblin', 'Wizard']",Common,MM3,Modern Masters 2017 Edition,Instant and sorcery spells you cast cost {1} less to cast.,"When asked how much power is required, Izzet mages always answer ""more.""",Svetlin Velinov,166,2,2,normal,425991.0,http://gatherer.wizards.com/Handlers/Image.ashx?multiverseid=425991&type=card,"[{'date': '2017-03-14', 'text': 'Two Goblin Electromancers will make instant and sorcery spells you cast cost {2} less to cast, and so on.'}, {'date': '2017-03-14', 'text': ""Goblin Electromancer can't reduce colored mana costs or {C} in the cost of instant or sorcery spells.""}, {'date': '2017-03-14', 'text': ""If there are additional costs to cast a spell, such as a kicker cost or a cost imposed by another effect (such as the one imposed by Thalia, Guardian of Thraben's ability), apply those increases before applying cost reductions.""}, {'date': '2017-03-14', 'text': 'Goblin Electromancer can reduce alternative costs such as overload costs and flashback costs.'}]","[{'name': '鬼怪电流术士', 'imageUrl': 'http://gatherer.wizards.com/Handlers/Image.ashx?multiverseid=426240&type=card', 'language': 'Chinese Simplified', 'multiverseid': 426240}, {'name': 'ゴブリンの電術師', 'imageUrl': 'http://gatherer.wizards.com/Handlers/Image.ashx?multiverseid=426489&type=card', 'language': 'Japanese', 'multiverseid': 426489}]","['DDJ', 'RTR', 'C15', 'MM3', 'DDS']",Instant and sorcery spells you cast cost {1} less to cast.,Creature — Goblin Wizard,"[{'format': 'Commander', 'legality': 'Legal'}, {'format': 'Legacy', 'legality': 'Legal'}, {'format': 'Modern', 'legality': 'Legal'}, {'format': 'Vintage', 'legality': 'Legal'}]",4e5c3333b034da0f8ee3f0efb2a6a834c6ed683a,Izzet Drakes,,,,
Island,6,Island,,0,,['U'],Basic Land — Island,['Land'],['Island'],Basic Land,UST,Unstable,,,John Avon,213,,,normal,439602.0,http://gatherer.wizards.com/Handlers/Image.ashx?multiverseid=439602&type=card,,,"['LEA', 'LEB', '2ED', 'CED', 'CEI', '3ED', '4ED', 'ICE', 'RQS', 'pARL', 'MIR', 'ITP', '5ED', 'POR', 'TMP', 'pJGP', 'PO2', 'UGL', 'pALP', 'USG', '6ED', 'PTK', 'pGRU', 'S99', 'MMQ', 'BRB', 'pELP', 'S00', 'BTD', 'INV', '7ED', 'ODY', 'ONS', '8ED', 'MRD', 'CHK', 'UNH', '9ED', 'RAV', 'CST', 'TSP', '10E', 'MED', 'LRW', 'SHM', 'ALA', 'DD2', 'M10', 'HOP', 'ME3', 'ZEN', 'H09', 'DDE', 'ROE', 'DPA', 'ARC', 'M11', 'DDF', 'SOM', 'MBS', 'NPH', 'CMD', 'M12', 'DDH', 'ISD', 'DDI', 'AVR', 'PC2', 'M13', 'DDJ', 'RTR', 'M14', 'THS', 'C13', 'DDM', 'M15', 'DDN', 'KTK', 'C14', 'DD3_JVC', 'FRF', 'DDO', 'DTK', 'TPR', 'ORI', 'BFZ', 'C15', 'DDQ', 'SOI', 'KLD', 'C16', 'PCA', 'DDS', 'AKH', 'CMA', 'E01', 'HOU', 'C17', 'XLN', 'DDT', 'UST', 'RIX', 'DDU', 'DOM', 'BBD', 'CM2', 'GS1', 'M19', 'C18']",,Basic Land — Island,"[{'format': 'Brawl', 'legality': 'Legal'}, {'format': 'Commander', 'legality': 'Legal'}, {'format': 'Legacy', 'legality': 'Legal'}, {'format': 'Modern', 'legality': 'Legal'}, {'format': 'Standard', 'legality': 'Legal'}, {'format': 'Vintage', 'legality': 'Legal'}]",c745293c1f00ec9a2f78155322b74dc85ec4f3cb,Izzet Drakes,Blue,,,['Basic']
Izzet Guildgate,1,Izzet Guildgate,,0,,"['U', 'R']",Land — Gate,['Land'],['Gate'],Common,MM3,Modern Masters 2017 Edition,"Izzet Guildgate enters the battlefield tapped.
{T}: Add {U} or {R}.","Beyond lies the culmination of all Izzet projects, a grand experiment led by the dragon Niv-Mizzet himself.",Noah Bradley,237,,,normal,426062.0,http://gatherer.wizards.com/Handlers/Image.ashx?multiverseid=426062&type=card,"[{'date': '2013-04-15', 'text': 'The subtype Gate has no special rules significance, but other spells and abilities may refer to it.'}, {'date': '2013-04-15', 'text': 'Gate is not a basic land type.'}]","[{'name': '伊捷公会门', 'imageUrl': 'http://gatherer.wizards.com/Handlers/Image.ashx?multiverseid=426311&type=card', 'language': 'Chinese Simplified', 'multiverseid': 426311}, {'name': 'イゼットのギルド門', 'imageUrl': 'http://gatherer.wizards.com/Handlers/Image.ashx?multiverseid=426560&type=card', 'language': 'Japanese', 'multiverseid': 426560}]","['RTR', 'DGM', 'C13', 'C15', 'MM3', 'C18']","Izzet Guildgate enters the battlefield tapped.
{T}: Add {U} or {R} to your mana pool.",Land — Gate,"[{'format': 'Commander', 'legality': 'Legal'}, {'format': 'Legacy', 'legality': 'Legal'}, {'format': 'Modern', 'legality': 'Legal'}, {'format': 'Vintage', 'legality': 'Legal'}]",fd34bd9ae0b4545f6f268c7f3af5b2dec35aec65,Izzet Drakes,,,,
Lava Coil,4,Lava Coil,{1}{R},2,['Red'],['R'],Sorcery,['Sorcery'],,Uncommon,GRN,Guilds of Ravnica,"Lava Coil deals 4 damage to target creature. If that creature would die this turn, exile it instead.","""Commander, we caught the Dimir spy and took her ashes into custody.""
—Kramm, Wojek security officer",Wesley Burt,108,,,normal,452858.0,http://gatherer.wizards.com/Handlers/Image.ashx?multiverseid=452858&type=card,"[{'date': '2018-10-05', 'text': ""Lava Coil's replacement effect will exile the target creature if it would die this turn for any reason, not just due to lethal damage. It applies to the target creature even if Lava Coil deals no damage to it (due to a prevention effect).""}]","[{'name': 'Lavaschlinge', 'imageUrl': 'http://gatherer.wizards.com/Handlers/Image.ashx?multiverseid=453117&type=card', 'language': 'German', 'multiverseid': 453117}, {'name': 'Espiral de lava', 'imageUrl': 'http://gatherer.wizards.com/Handlers/Image.ashx?multiverseid=453376&type=card', 'language': 'Spanish', 'multiverseid': 453376}, {'name': 'Étreinte de lave', 'imageUrl': 'http://gatherer.wizards.com/Handlers/Image.ashx?multiverseid=453635&type=card', 'language': 'French', 'multiverseid': 453635}, {'name': 'Spira di Lava', 'imageUrl': 'http://gatherer.wizards.com/Handlers/Image.ashx?multiverseid=453894&type=card', 'language': 'Italian', 'multiverseid': 453894}, {'name': '溶岩コイル', 'imageUrl': 'http://gatherer.wizards.com/Handlers/Image.ashx?multiverseid=454153&type=card', 'language': 'Japanese', 'multiverseid': 454153}, {'name': '용암 고리', 'imageUrl': 'http://gatherer.wizards.com/Handlers/Image.ashx?multiverseid=454412&type=card', 'language': 'Korean', 'multiverseid': 454412}, {'name': 'Hélice de Lava', 'imageUrl': 'http://gatherer.wizards.com/Handlers/Image.ashx?multiverseid=454671&type=card', 'language': 'Portuguese (Brazil)', 'multiverseid': 454671}, {'name': 'Спираль Лавы', 'imageUrl': 'http://gatherer.wizards.com/Handlers/Image.ashx?multiverseid=454930&type=card', 'language': 'Russian', 'multiverseid': 454930}, {'name': '熔岩缠绕', 'imageUrl': 'http://gatherer.wizards.com/Handlers/Image.ashx?multiverseid=455189&type=card', 'language': 'Chinese Simplified', 'multiverseid': 455189}, {'name': '熔岩纏繞', 'imageUrl': 'http://gatherer.wizards.com/Handlers/Image.ashx?multiverseid=455448&type=card', 'language': 'Chinese Traditional', 'multiverseid': 455448}]",['GRN'],"Lava Coil deals 4 damage to target creature. If that creature would die this turn, exile it instead.",Sorcery,,ffd9184b169de7a6b7ea0784a6215dcdeb22d31d,Izzet Drakes,,,,
Mountain,6,Mountain,,0,,['R'],Basic Land — Mountain,['Land'],['Mountain'],Basic Land,UST,Unstable,,,John Avon,215,,,normal,439604.0,http://gatherer.wizards.com/Handlers/Image.ashx?multiverseid=439604&type=card,,,"['LEA', 'LEB', '2ED', 'CED', 'CEI', 'ARN', '3ED', '4ED', 'ICE', 'RQS', 'pARL', 'MIR', 'ITP', '5ED', 'POR', 'TMP', 'pJGP', 'PO2', 'UGL', 'pALP', 'USG', 'ATH', '6ED', 'PTK', 'pGRU', 'S99', 'MMQ', 'BRB', 'pELP', 'S00', 'BTD', 'INV', '7ED', 'ODY', 'DKM', 'ONS', '8ED', 'MRD', 'CHK', 'UNH', '9ED', 'RAV', 'CST', 'TSP', '10E', 'MED', 'LRW', 'EVG', 'SHM', 'ALA', 'DD2', 'M10', 'HOP', 'ME3', 'ZEN', 'H09', 'DDE', 'ROE', 'DPA', 'ARC', 'M11', 'SOM', 'PD2', 'MBS', 'DDG', 'NPH', 'CMD', 'M12', 'DDH', 'ISD', 'DDI', 'AVR', 'PC2', 'M13', 'DDJ', 'RTR', 'DDK', 'M14', 'DDL', 'THS', 'C13', 'M15', 'DDN', 'KTK', 'C14', 'DD3_EVG', 'DD3_JVC', 'FRF', 'DTK', 'TPR', 'ORI', 'DDP', 'BFZ', 'C15', 'SOI', 'KLD', 'C16', 'PCA', 'DDS', 'AKH', 'CMA', 'E01', 'HOU', 'C17', 'XLN', 'DDT', 'UST', 'RIX', 'DDU', 'DOM', 'BBD', 'CM2', 'GS1', 'M19', 'C18']",,Basic Land — Mountain,"[{'format': 'Brawl', 'legality': 'Legal'}, {'format': 'Commander', 'legality': 'Legal'}, {'format': 'Legacy', 'legality': 'Legal'}, {'format': 'Modern', 'legality': 'Legal'}, {'format': 'Standard', 'legality': 'Legal'}, {'format': 'Vintage', 'legality': 'Legal'}]",83345253cf2ac7c3ea2fce2fa186f7afd6a8447c,Izzet Drakes,Red,,,['Basic']
Murmuring Mystic,1,Murmuring Mystic,{3}{U},4,['Blue'],['U'],Creature — Human Wizard,['Creature'],"['Human', 'Wizard']",Uncommon,GRN,Guilds of Ravnica,"Whenever you cast an instant or sorcery spell, create a 1/1 blue Bird Illusion creature token with flying.","Rumors float through the city like crows, alighting on citizens seemingly at random.",Mark Winters,45,1,5,normal,452795.0,http://gatherer.wizards.com/Handlers/Image.ashx?multiverseid=452795&type=card,"[{'date': '2018-10-05', 'text': ""Murmuring Mystic's triggered ability resolves before the spell that caused it to trigger. It resolves even if that spell is countered.""}]","[{'name': 'Murmelnder Mystiker', 'imageUrl': 'http://gatherer.wizards.com/Handlers/Image.ashx?multiverseid=453054&type=card', 'language': 'German', 'multiverseid': 453054}, {'name': 'Místico murmurador', 'imageUrl': 'http://gatherer.wizards.com/Handlers/Image.ashx?multiverseid=453313&type=card', 'language': 'Spanish', 'multiverseid': 453313}, {'name': 'Mystique bruissant', 'imageUrl': 'http://gatherer.wizards.com/Handlers/Image.ashx?multiverseid=453572&type=card', 'language': 'French', 'multiverseid': 453572}, {'name': 'Mistico Mormorante', 'imageUrl': 'http://gatherer.wizards.com/Handlers/Image.ashx?multiverseid=453831&type=card', 'language': 'Italian', 'multiverseid': 453831}, {'name': 'つぶやく神秘家', 'imageUrl': 'http://gatherer.wizards.com/Handlers/Image.ashx?multiverseid=454090&type=card', 'language': 'Japanese', 'multiverseid': 454090}, {'name': '속삭이는 신비주의자', 'imageUrl': 'http://gatherer.wizards.com/Handlers/Image.ashx?multiverseid=454349&type=card', 'language': 'Korean', 'multiverseid': 454349}, {'name': 'Místico dos Murmúrios', 'imageUrl': 'http://gatherer.wizards.com/Handlers/Image.ashx?multiverseid=454608&type=card', 'language': 'Portuguese (Brazil)', 'multiverseid': 454608}, {'name': 'Шепчущий Мистик', 'imageUrl': 'http://gatherer.wizards.com/Handlers/Image.ashx?multiverseid=454867&type=card', 'language': 'Russian', 'multiverseid': 454867}, {'name': '细语秘教徒', 'imageUrl': 'http://gatherer.wizards.com/Handlers/Image.ashx?multiverseid=455126&type=card', 'language': 'Chinese Simplified', 'multiverseid': 455126}, {'name': '細語秘教徒', 'imageUrl': 'http://gatherer.wizards.com/Handlers/Image.ashx?multiverseid=455385&type=card', 'language': 'Chinese Traditional', 'multiverseid': 455385}]",['GRN'],"Whenever you cast an instant or sorcery spell, create a 1/1 blue Bird Illusion creature token with flying.",Creature — Human Wizard,,9c8055f33ecc7c182a704fd22ed56ac3726aab50,Izzet Drakes,,,,
Negate,2,Negate,{1}{U},2,['Blue'],['U'],Instant,['Instant'],,Special,pMPR,Magic Player Rewards,Counter target noncreature spell.,,Ralph Horsley,38,,,normal,,,"[{'date': '2009-10-01', 'text': 'A ""creature spell"" is any spell with the type creature, even if it has other types such as artifact or enchantment. Older cards of type summon are also creature spells.'}]","[{'name': '失效', 'language': 'Chinese Simplified'}, {'name': '失效', 'language': 'Chinese Traditional'}, {'name': 'Négation', 'language': 'French'}, {'name': 'Negieren', 'language': 'German'}, {'name': 'Negare', 'language': 'Italian'}, {'name': '否認', 'language': 'Japanese'}, {'name': '부인', 'language': 'Korean'}, {'name': 'Negar', 'language': 'Portuguese (Brazil)'}, {'name': 'Отвергнуть', 'language': 'Russian'}, {'name': 'Negar', 'language': 'Spanish'}]","['pMPR', 'MOR', 'M10', 'DPA', 'M11', 'M12', 'M13', 'M14', 'M15', 'DTK', 'ORI', 'OGW', 'CN2', 'AER']",,,"[{'format': 'Battle for Zendikar Block', 'legality': 'Legal'}, {'format': 'Commander', 'legality': 'Legal'}, {'format': 'Kaladesh Block', 'legality': 'Legal'}, {'format': 'Khans of Tarkir Block', 'legality': 'Legal'}, {'format': 'Legacy', 'legality': 'Legal'}, {'format': 'Lorwyn-Shadowmoor Block', 'legality': 'Legal'}, {'format': 'Modern', 'legality': 'Legal'}, {'format': 'Standard', 'legality': 'Legal'}, {'format': 'Vintage', 'legality': 'Legal'}]",9e112a6b0873fadb26fbfe8bd60b6e3d71b04f2c,Izzet Drakes,,2009,Magic Player Rewards program reward,
"Niv-Mizzet, Parun",2,"Niv-Mizzet, Parun",{U}{U}{U}{R}{R}{R},6,"['Blue', 'Red']","['U', 'R']",Legendary Creature — Dragon Wizard,['Creature'],"['Dragon', 'Wizard']",Rare,GRN,Guilds of Ravnica,"This spell can't be countered.
Flying
Whenever you draw a card, Niv-Mizzet, Parun deals 1 damage to any target.
Whenever a player casts an instant or sorcery spell, you draw a card.",,Svetlin Velinov,192,5,5,normal,452942.0,http://gatherer.wizards.com/Handlers/Image.ashx?multiverseid=452942&type=card,"[{'date': '2018-10-05', 'text': ""If an effect instructs you to draw multiple cards, Niv-Mizzet's first triggered ability triggers that many times. You choose targets for those abilities after you've drawn all of the cards.""}, {'date': '2018-10-05', 'text': 'If a spell or ability causes you to put cards into your hand without specifically using the word ""draw,"" Niv-Mizzet\'s first triggered ability won\'t trigger.'}, {'date': '2018-10-05', 'text': ""Niv-Mizzet's second triggered ability resolves before the spell that caused it to trigger. It resolves even if that spell is countered. This causes its first triggered ability to trigger, and that also resolves before the spell.""}, {'date': '2018-10-05', 'text': ""Players can cast spells and activate abilities after Niv-Mizzet's second triggered ability resolves but before the spell that caused it to trigger does. Notably, the card you draw may be able to counter that spell.""}]","[{'name': 'Niv-Mizzet der Parun', 'imageUrl': 'http://gatherer.wizards.com/Handlers/Image.ashx?multiverseid=453201&type=card', 'language': 'German', 'multiverseid': 453201}, {'name': 'Niv-Mízzet, parun', 'imageUrl': 'http://gatherer.wizards.com/Handlers/Image.ashx?multiverseid=453460&type=card', 'language': 'Spanish', 'multiverseid': 453460}, {'name': 'Niv-Mizzet, Parun', 'imageUrl': 'http://gatherer.wizards.com/Handlers/Image.ashx?multiverseid=453719&type=card', 'language': 'French', 'multiverseid': 453719}, {'name': 'Niv-Mizzet, il Parun', 'imageUrl': 'http://gatherer.wizards.com/Handlers/Image.ashx?multiverseid=453978&type=card', 'language': 'Italian', 'multiverseid': 453978}, {'name': 'パルン、ニヴ＝ミゼット', 'imageUrl': 'http://gatherer.wizards.com/Handlers/Image.ashx?multiverseid=454237&type=card', 'language': 'Japanese', 'multiverseid': 454237}, {'name': '페이런, 니브-미젯', 'imageUrl': 'http://gatherer.wizards.com/Handlers/Image.ashx?multiverseid=454496&type=card', 'language': 'Korean', 'multiverseid': 454496}, {'name': 'Niv-Mizzet, Parun', 'imageUrl': 'http://gatherer.wizards.com/Handlers/Image.ashx?multiverseid=454755&type=card', 'language': 'Portuguese (Brazil)', 'multiverseid': 454755}, {'name': 'Нив-Миззет, Отец', 'imageUrl': 'http://gatherer.wizards.com/Handlers/Image.ashx?multiverseid=455014&type=card', 'language': 'Russian', 'multiverseid': 455014}, {'name': '元祖尼米捷', 'imageUrl': 'http://gatherer.wizards.com/Handlers/Image.ashx?multiverseid=455273&type=card', 'language': 'Chinese Simplified', 'multiverseid': 455273}, {'name': '元祖尼米捷', 'imageUrl': 'http://gatherer.wizards.com/Handlers/Image.ashx?multiverseid=455532&type=card', 'language': 'Chinese Traditional', 'multiverseid': 455532}]",['GRN'],"This spell can't be countered.
Flying
Whenever you draw a card, Niv-Mizzet, Parun deals 1 damage to any target.
Whenever a player casts an instant or sorcery spell, you draw a card.",Legendary Creature — Dragon Wizard,,b246015c8f5e1bac5e99ecd337b752a2db6f0558,Izzet Drakes,Izzet,,,['Legendary']
Opt,4,Optical Optimizer,,0,,,Artifact — Contraption,['Artifact'],['Contraption'],Uncommon,UST,Unstable,"Whenever you crank Optical Optimizer, until end of turn, target creature becomes an artifact in addition to its other types and gains ""{T}: Draw a card.""",,Jason Felix,197,,,normal,439586.0,http://gatherer.wizards.com/Handlers/Image.ashx?multiverseid=439586&type=card,"[{'date': '2018-01-19', 'text': 'Contraptions are artifacts. Anything that interacts with artifacts will interact with Contraptions.'}, {'date': '2018-01-19', 'text': ""Contraptions aren't put into your main deck. They go into a separate deck called the Contraption deck.""}, {'date': '2018-01-19', 'text': 'In Constructed formats, a Contraption deck must have at least fifteen different Contraption cards and no more than one of each.'}, {'date': '2018-01-19', 'text': ""In Limited formats, a Contraption deck may include any number of Contraption cards in your card pool. You don't have to include every Contraption card you draft or open in sealed deck. In those formats, your Contraption deck may include duplicates.""}, {'date': '2018-01-19', 'text': 'In silver-bordered games using Contraptions, you have three sprockets, illustrated on the back of Contraption cards. At the start of the game, put a CRANK! counter on sprocket 3.'}, {'date': '2018-01-19', 'text': 'While Contraptions you control are on the battlefield, the Contraption deck is not, even if you are using it to signify the three sprockets.'}, {'date': '2018-01-19', 'text': 'If you or a permanent you control are instructed to assemble a Contraption, reveal the top card of your Contraption deck. Put it onto the battlefield on one of the three sprockets.'}, {'date': '2018-01-19', 'text': 'At the beginning of your upkeep, if you control any Contraptions, move the CRANK! counter to the next sprocket. You may then crank any number of Contraptions on that sprocket, causing their abilities to trigger. Cranking a Contraption is always optional.'}, {'date': '2018-01-19', 'text': 'If you crank multiple Contraptions, their abilities can be put onto the stack in any order. The ability put onto the stack will resolve first.'}, {'date': '2018-01-19', 'text': ""If a Contraption would leave the battlefield and go to any zone other than exile, it instead goes to the scrapyard, the Contraption deck's version of the graveyard. Things that affect the graveyard do not affect the scrapyard. You can exile Contraptions just fine.""}, {'date': '2018-01-19', 'text': ""If you or a permanent you control assembles a Contraption and your Contraption deck is empty, nothing happens. You don't lose the game.""}, {'date': '2018-01-19', 'text': ""Any Contraption that's on the battlefield and wasn't assembled immediately heads to the scrapyard. However, if it's a not an actual Contraption card (like Copy Artifact isn't), it goes to your graveyard as normal. Non-Contraption cards can't be in the scrapyard.""}]",,['UST'],"Whenever you crank Optical Optimizer, until end of turn, target creature becomes an artifact in addition to its other types and gains ""{T}: Draw a card.""",Artifact — Contraption,,be9420da2b8d14f99b987c9e88247da1077443fc,Izzet Drakes,Order of the Widget,,,
Radical Idea,2,Radical Idea,{1}{U},2,['Blue'],['U'],Instant,['Instant'],,Common,GRN,Guilds of Ravnica,"Draw a card.
Jump-start (You may cast this card from your graveyard by discarding a card in addition to paying its other costs. Then exile this card.)","Genius is finding the edge of what's possible, then jumping over it.",Izzy,52,,,normal,452802.0,http://gatherer.wizards.com/Handlers/Image.ashx?multiverseid=452802&type=card,"[{'date': '2018-10-05', 'text': ""You must still follow any timing restrictions and permissions, including those based on the card's type. For instance, you can cast a sorcery using jump-start only when you could normally cast a sorcery.""}, {'date': '2018-10-05', 'text': ""A spell cast using jump-start will always be exiled afterward, whether it resolves, it's countered, or it leaves the stack in some other way.""}, {'date': '2018-10-05', 'text': ""If an effect allows you to pay an alternative cost rather than a spell's mana cost, you may pay that alternative cost when you jump-start a spell. You'll still discard a card as an additional cost to cast it.""}, {'date': '2018-10-05', 'text': ""If a card with jump-start is put into your graveyard during your turn, you'll be able to cast it right away if it's legal to do so, before an opponent can take any actions.""}]","[{'name': 'Radikale Idee', 'imageUrl': 'http://gatherer.wizards.com/Handlers/Image.ashx?multiverseid=453061&type=card', 'language': 'German', 'multiverseid': 453061}, {'name': 'Idea radical', 'imageUrl': 'http://gatherer.wizards.com/Handlers/Image.ashx?multiverseid=453320&type=card', 'language': 'Spanish', 'multiverseid': 453320}, {'name': 'Idée radicale', 'imageUrl': 'http://gatherer.wizards.com/Handlers/Image.ashx?multiverseid=453579&type=card', 'language': 'French', 'multiverseid': 453579}, {'name': 'Idea Rivoluzionaria', 'imageUrl': 'http://gatherer.wizards.com/Handlers/Image.ashx?multiverseid=453838&type=card', 'language': 'Italian', 'multiverseid': 453838}, {'name': '急進思想', 'imageUrl': 'http://gatherer.wizards.com/Handlers/Image.ashx?multiverseid=454097&type=card', 'language': 'Japanese', 'multiverseid': 454097}, {'name': '과격한 생각', 'imageUrl': 'http://gatherer.wizards.com/Handlers/Image.ashx?multiverseid=454356&type=card', 'language': 'Korean', 'multiverseid': 454356}, {'name': 'Ideia Radical', 'imageUrl': 'http://gatherer.wizards.com/Handlers/Image.ashx?multiverseid=454615&type=card', 'language': 'Portuguese (Brazil)', 'multiverseid': 454615}, {'name': 'Радикальная Идея', 'imageUrl': 'http://gatherer.wizards.com/Handlers/Image.ashx?multiverseid=454874&type=card', 'language': 'Russian', 'multiverseid': 454874}, {'name': '激进创想', 'imageUrl': 'http://gatherer.wizards.com/Handlers/Image.ashx?multiverseid=455133&type=card', 'language': 'Chinese Simplified', 'multiverseid': 455133}, {'name': '激進創想', 'imageUrl': 'http://gatherer.wizards.com/Handlers/Image.ashx?multiverseid=455392&type=card', 'language': 'Chinese Traditional', 'multiverseid': 455392}]",['GRN'],"Draw a card.
Jump-start <i>(You may cast this card from your graveyard by discarding a card in addition to paying its other costs. Then exile this card.)</i>",Instant,,2a4bb8e476036b3ac7b963f801e3988313bffe8c,Izzet Drakes,Izzet,,,
Shivan Fire,2,Shivan Fire,{R},1,['Red'],['R'],Instant,['Instant'],,Common,DOM,Dominaria,"Kicker {4} (You may pay an additional {4} as you cast this spell.)
Shivan Fire deals 2 damage to target creature. If this spell was kicked, it deals 4 damage to that creature instead.",Sometimes Shivan dragons toy with their food. Other times they just cook it.,Grzegorz Rutkowski,142,,,normal,443030.0,http://gatherer.wizards.com/Handlers/Image.ashx?multiverseid=443030&type=card,,"[{'name': 'Shivanisches Feuer', 'imageUrl': 'http://gatherer.wizards.com/Handlers/Image.ashx?multiverseid=443299&type=card', 'language': 'German', 'multiverseid': 443299}, {'name': 'Fuego shivano', 'imageUrl': 'http://gatherer.wizards.com/Handlers/Image.ashx?multiverseid=443568&type=card', 'language': 'Spanish', 'multiverseid': 443568}, {'name': 'Feu shivân', 'imageUrl': 'http://gatherer.wizards.com/Handlers/Image.ashx?multiverseid=443837&type=card', 'language': 'French', 'multiverseid': 443837}, {'name': 'Fuoco di Shiv', 'imageUrl': 'http://gatherer.wizards.com/Handlers/Image.ashx?multiverseid=444106&type=card', 'language': 'Italian', 'multiverseid': 444106}, {'name': 'シヴの火', 'imageUrl': 'http://gatherer.wizards.com/Handlers/Image.ashx?multiverseid=444375&type=card', 'language': 'Japanese', 'multiverseid': 444375}, {'name': '시브의 불', 'imageUrl': 'http://gatherer.wizards.com/Handlers/Image.ashx?multiverseid=444644&type=card', 'language': 'Korean', 'multiverseid': 444644}, {'name': 'Fogo de Shiv', 'imageUrl': 'http://gatherer.wizards.com/Handlers/Image.ashx?multiverseid=444913&type=card', 'language': 'Portuguese (Brazil)', 'multiverseid': 444913}, {'name': 'Шиванский Огонь', 'imageUrl': 'http://gatherer.wizards.com/Handlers/Image.ashx?multiverseid=445182&type=card', 'language': 'Russian', 'multiverseid': 445182}, {'name': '西瓦烈焰', 'imageUrl': 'http://gatherer.wizards.com/Handlers/Image.ashx?multiverseid=445451&type=card', 'language': 'Chinese Simplified', 'multiverseid': 445451}, {'name': '西瓦烈焰', 'imageUrl': 'http://gatherer.wizards.com/Handlers/Image.ashx?multiverseid=445720&type=card', 'language': 'Chinese Traditional', 'multiverseid': 445720}]",['DOM'],"Kicker {4} (You may pay an additional {4} as you cast this spell.)
Shivan Fire deals 2 damage to target creature. If this spell was kicked, it deals 4 damage to that creature instead.",Instant,"[{'format': 'Brawl', 'legality': 'Legal'}, {'format': 'Commander', 'legality': 'Legal'}, {'format': 'Legacy', 'legality': 'Legal'}, {'format': 'Modern', 'legality': 'Legal'}, {'format': 'Vintage', 'legality': 'Legal'}]",5832f4b89d2a8cb9b6de6b970f5247231bb65a75,Izzet Drakes,,,,
Shock,4,Sudden Shock,{1}{R},2,['Red'],['R'],Instant,['Instant'],,Special,pREL,Release Events,"Split second (As long as this spell is on the stack, players can't cast spells or activate abilities that aren't mana abilities.)
Sudden Shock deals 2 damage to target creature or player.",Arc mages aren't known for their patience.,Vance Kovacs,10,,,normal,,,"[{'date': '2013-06-07', 'text': 'Players still get priority while a card with split second is on the stack.'}, {'date': '2013-06-07', 'text': ""Split second doesn't prevent players from activating mana abilities.""}, {'date': '2013-06-07', 'text': ""Split second doesn't prevent triggered abilities from triggering. If one does, its controller puts it on the stack and chooses targets for it, if any. Those abilities will resolve as normal.""}, {'date': '2013-06-07', 'text': ""Split second doesn't prevent players from performing special actions. Notably, players may turn face-down creatures face up while a spell with split second is on the stack.""}, {'date': '2013-06-07', 'text': ""Casting a spell with split second won't affect spells and abilities that are already on the stack.""}, {'date': '2013-06-07', 'text': ""If the resolution of a triggered ability involves casting a spell, that spell can't be cast if a spell with split second is on the stack.""}]","[{'name': '瞬息电震', 'language': 'Chinese Simplified'}, {'name': 'Choc soudain', 'language': 'French'}, {'name': 'Plötzlicher Schock', 'language': 'German'}, {'name': 'Shock Improvviso', 'language': 'Italian'}, {'name': '突然のショック', 'language': 'Japanese'}, {'name': 'Choque Repentino', 'language': 'Portuguese (Brazil)'}, {'name': 'Внезапный Шок', 'language': 'Russian'}, {'name': 'Choque súbito', 'language': 'Spanish'}]","['pREL', 'TSP', 'MMA']",,,"[{'format': 'Commander', 'legality': 'Legal'}, {'format': 'Legacy', 'legality': 'Legal'}, {'format': 'Modern', 'legality': 'Legal'}, {'format': 'Time Spiral Block', 'legality': 'Legal'}, {'format': 'Vintage', 'legality': 'Legal'}]",7b086c5e1da264028536ed4665173be8737a6ee1,Izzet Drakes,,2006-10-06,Time Spiral Release Event participation bonus.,
Star of Extinction,1,Star of Extinction,{5}{R}{R},7,['Red'],['R'],Sorcery,['Sorcery'],,Mythic Rare,XLN,Ixalan,Destroy target land. Star of Extinction deals 20 damage to each creature and each planeswalker.,"""The visions haunt me. I see the end of the world, brought on by the search for the Immortal Sun.""
—Shaper Pashona",Chris Rahn,161,,,normal,435315.0,http://gatherer.wizards.com/Handlers/Image.ashx?multiverseid=435315&type=card,,"[{'name': 'Meteor der Auslöschung', 'imageUrl': 'http://gatherer.wizards.com/Handlers/Image.ashx?multiverseid=435614&type=card', 'language': 'German', 'multiverseid': 435614}, {'name': ""Étoile d'extinction"", 'imageUrl': 'http://gatherer.wizards.com/Handlers/Image.ashx?multiverseid=435913&type=card', 'language': 'French', 'multiverseid': 435913}, {'name': ""Stella dell'Estinzione"", 'imageUrl': 'http://gatherer.wizards.com/Handlers/Image.ashx?multiverseid=436212&type=card', 'language': 'Italian', 'multiverseid': 436212}, {'name': '絶滅の星', 'imageUrl': 'http://gatherer.wizards.com/Handlers/Image.ashx?multiverseid=436511&type=card', 'language': 'Japanese', 'multiverseid': 436511}, {'name': '멸종의 별', 'imageUrl': 'http://gatherer.wizards.com/Handlers/Image.ashx?multiverseid=436810&type=card', 'language': 'Korean', 'multiverseid': 436810}, {'name': 'Estrela da Extinção', 'imageUrl': 'http://gatherer.wizards.com/Handlers/Image.ashx?multiverseid=437109&type=card', 'language': 'Portuguese (Brazil)', 'multiverseid': 437109}, {'name': 'Звезда Вымирания', 'imageUrl': 'http://gatherer.wizards.com/Handlers/Image.ashx?multiverseid=437408&type=card', 'language': 'Russian', 'multiverseid': 437408}, {'name': 'Meteorito exterminador', 'imageUrl': 'http://gatherer.wizards.com/Handlers/Image.ashx?multiverseid=437707&type=card', 'language': 'Spanish', 'multiverseid': 437707}, {'name': '灭绝星落', 'imageUrl': 'http://gatherer.wizards.com/Handlers/Image.ashx?multiverseid=438006&type=card', 'language': 'Chinese Simplified', 'multiverseid': 438006}, {'name': '滅絕星落', 'imageUrl': 'http://gatherer.wizards.com/Handlers/Image.ashx?multiverseid=438305&type=card', 'language': 'Chinese Traditional', 'multiverseid': 438305}]",['XLN'],Destroy target land. Star of Extinction deals 20 damage to each creature and each planeswalker.,Sorcery,"[{'format': 'Brawl', 'legality': 'Legal'}, {'format': 'Commander', 'legality': 'Legal'}, {'format': 'Legacy', 'legality': 'Legal'}, {'format': 'Modern', 'legality': 'Legal'}, {'format': 'Standard', 'legality': 'Legal'}, {'format': 'Vintage', 'legality': 'Legal'}]",0bf5be3c08f897715ce47b4889dab633ff24a3f0,Izzet Drakes,,,,
Steam Vents,4,Steam Vents,,0,,"['U', 'R']",Land — Island Mountain,['Land'],"['Island', 'Mountain']",Mythic Rare,EXP,Zendikar Expeditions,"({T}: Add {U} or {R}.)
As Steam Vents enters the battlefield, you may pay 2 life. If you don't, Steam Vents enters the battlefield tapped.",,Noah Bradley,12,,,normal,405109.0,http://gatherer.wizards.com/Handlers/Image.ashx?multiverseid=405109&type=card,"[{'date': '2005-10-01', 'text': ""Has basic land types, but isn't a basic land. Things that affect basic lands don't affect it. For example, you can't find it with Civic Wayfinder.""}, {'date': '2005-10-01', 'text': ""If another effect (such as Loxodon Gatekeeper's ability) tells you to put lands onto the battlefield tapped, it enters the battlefield tapped whether you pay 2 life or not.""}, {'date': '2005-10-01', 'text': 'If multiple permanents with ""as enters the battlefield"" effects are entering the battlefield at the same time, process those effects one at a time, then put the permanents onto the battlefield all at once. For example, if you\'re at 3 life and an effect puts two of these onto the battlefield, you can pay 2 life for only one of them, not both.'}]",,"['GPT', 'RTR', 'EXP']","As Steam Vents enters the battlefield, you may pay 2 life. If you don't, Steam Vents enters the battlefield tapped.",Land — Island Mountain,"[{'format': 'Commander', 'legality': 'Legal'}, {'format': 'Legacy', 'legality': 'Legal'}, {'format': 'Modern', 'legality': 'Legal'}, {'format': 'Vintage', 'legality': 'Legal'}]",ed8f569d8df8864c440ac4c68402e0f4b1bda2c3,Izzet Drakes,,,,
Sulfur Falls,4,Sulfur Falls,,0,,"['U', 'R']",Land,['Land'],,Rare,ISD,Innistrad,"Sulfur Falls enters the battlefield tapped unless you control an Island or a Mountain.
{T}: Add {U} or {R}.",Skirsdag cultists meet behind a waterfall's curtain and plot with demonic forces.,Cliff Childs,248,,,normal,241987.0,http://gatherer.wizards.com/Handlers/Image.ashx?multiverseid=241987&type=card,,"[{'name': '硫磺瀑布', 'imageUrl': 'http://gatherer.wizards.com/Handlers/Image.ashx?multiverseid=272219&type=card', 'language': 'Chinese Simplified', 'multiverseid': 272219}, {'name': '硫磺瀑布', 'imageUrl': 'http://gatherer.wizards.com/Handlers/Image.ashx?multiverseid=272503&type=card', 'language': 'Chinese Traditional', 'multiverseid': 272503}, {'name': 'Cascata de Enxofre', 'imageUrl': 'http://gatherer.wizards.com/Handlers/Image.ashx?multiverseid=272787&type=card', 'language': 'Portuguese (Brazil)', 'multiverseid': 272787}, {'name': 'Chutes de soufre', 'imageUrl': 'http://gatherer.wizards.com/Handlers/Image.ashx?multiverseid=273071&type=card', 'language': 'French', 'multiverseid': 273071}, {'name': 'Серный Водопад', 'imageUrl': 'http://gatherer.wizards.com/Handlers/Image.ashx?multiverseid=273355&type=card', 'language': 'Russian', 'multiverseid': 273355}, {'name': 'Schwefelfälle', 'imageUrl': 'http://gatherer.wizards.com/Handlers/Image.ashx?multiverseid=273639&type=card', 'language': 'German', 'multiverseid': 273639}, {'name': 'Cascada de azufre', 'imageUrl': 'http://gatherer.wizards.com/Handlers/Image.ashx?multiverseid=273923&type=card', 'language': 'Spanish', 'multiverseid': 273923}, {'name': 'Cascata Sulfurea', 'imageUrl': 'http://gatherer.wizards.com/Handlers/Image.ashx?multiverseid=274207&type=card', 'language': 'Italian', 'multiverseid': 274207}, {'name': '硫黄の滝', 'imageUrl': 'http://gatherer.wizards.com/Handlers/Image.ashx?multiverseid=274491&type=card', 'language': 'Japanese', 'multiverseid': 274491}]","['ISD', 'DOM']","Sulfur Falls enters the battlefield tapped unless you control an Island or a Mountain.
{T}: Add {U} or {R} to your mana pool.",Land,"[{'format': 'Brawl', 'legality': 'Legal'}, {'format': 'Commander', 'legality': 'Legal'}, {'format': 'Legacy', 'legality': 'Legal'}, {'format': 'Modern', 'legality': 'Legal'}, {'format': 'Vintage', 'legality': 'Legal'}]",578640c35971b9a1c67d5b72fd5697ca51fc65f9,Izzet Drakes,,,,
The Mirari Conjecture,1,The Mirari Conjecture,{4}{U},5,['Blue'],['U'],Enchantment — Saga,['Enchantment'],['Saga'],Rare,DOM,Dominaria,"(As this Saga enters and after your draw step, add a lore counter. Sacrifice after III.)
I — Return target instant card from your graveyard to your hand.
II — Return target sorcery card from your graveyard to your hand.
III — Until end of turn, whenever you cast an instant or sorcery spell, copy it. You may choose new targets for the copy.",,James Arnold,57,,,normal,442945.0,http://gatherer.wizards.com/Handlers/Image.ashx?multiverseid=442945&type=card,"[{'date': '2018-04-27', 'text': ""The Mirari Conjecture's final chapter ability copies any instant or sorcery spell you cast, not just those with targets.""}, {'date': '2018-04-27', 'text': 'The copy is created on the stack, so it\'s not ""cast."" Abilities that trigger when a player casts a spell won\'t trigger.'}, {'date': '2018-04-27', 'text': ""The copy will have the same targets as the spell it's copying unless you choose new ones. You may change any number of the targets, including all of them or none of them. If, for one of the targets, you can't choose a new legal target, then it remains unchanged (even if the current target is illegal).""}, {'date': '2018-04-27', 'text': 'If the spell that\'s copied is modal (that is, it says ""Choose one —"" or the like), the copy will have the same mode. A different mode can\'t be chosen.'}, {'date': '2018-04-27', 'text': ""If the spell that's copied has an X whose value was determined as it was cast (like Jaya's Immolating Inferno does), the copy will have the same value of X.""}, {'date': '2018-04-27', 'text': ""If the spell has damage divided as it was cast (like Fight with Fire does when kicked), the division can't be changed (although the targets receiving that damage still can).""}, {'date': '2018-04-27', 'text': ""The controller of a copy can't choose to pay any alternative or additional costs for the copy. However, effects based on any alternative or additional costs that were paid for the original spell are copied as though those same costs were paid for the copy.""}, {'date': '2018-04-27', 'text': ""As a Saga enters the battlefield, its controller puts a lore counter on it. As your precombat main phase begins (immediately after your draw step), you put another lore counter on each Saga you control. Putting a lore counter on a Saga in either of these ways doesn't use the stack.""}, {'date': '2018-04-27', 'text': ""Each symbol on the left of a Saga's text box represents a chapter ability. A chapter ability is a triggered ability that triggers when a lore counter that is put on the Saga causes the number of lore counters on the Saga to become equal to or greater than the ability's chapter number. Chapter abilities are put onto the stack and may be responded to.""}, {'date': '2018-04-27', 'text': ""A chapter ability doesn't trigger if a lore counter is put on a Saga that already had a number of lore counters greater than or equal to that chapter's number. For example, the third lore counter put on a Saga causes the III chapter ability to trigger, but I and II won't trigger again.""}, {'date': '2018-04-27', 'text': ""Once a chapter ability has triggered, the ability on the stack won't be affected if the Saga gains or loses counters, or if it leaves the battlefield.""}, {'date': '2018-04-27', 'text': 'If multiple chapter abilities trigger at the same time, their controller puts them on the stack in any order. If any of them require targets, those targets are chosen as you put the abilities on the stack, before any of those abilities resolve.'}, {'date': '2018-04-27', 'text': ""If counters are removed from a Saga, the appropriate chapter abilities will trigger again when the Saga receives lore counters. Removing lore counters won't cause a previous chapter ability to trigger.""}, {'date': '2018-04-27', 'text': ""Once the number of lore counters on a Saga is greater than or equal to the greatest number among its chapter abilities—in the Dominaria set, this is always three—the Saga's controller sacrifices it as soon as its chapter ability has left the stack, most likely by resolving or being countered. This state-based action doesn't use the stack.""}]","[{'name': 'Die Mirari-Hypothese', 'imageUrl': 'http://gatherer.wizards.com/Handlers/Image.ashx?multiverseid=443214&type=card', 'language': 'German', 'multiverseid': 443214}, {'name': 'La conjetura del Mirari', 'imageUrl': 'http://gatherer.wizards.com/Handlers/Image.ashx?multiverseid=443483&type=card', 'language': 'Spanish', 'multiverseid': 443483}, {'name': 'La conjecture du Mirari', 'imageUrl': 'http://gatherer.wizards.com/Handlers/Image.ashx?multiverseid=443752&type=card', 'language': 'French', 'multiverseid': 443752}, {'name': 'Congettura sul Mirari', 'imageUrl': 'http://gatherer.wizards.com/Handlers/Image.ashx?multiverseid=444021&type=card', 'language': 'Italian', 'multiverseid': 444021}, {'name': 'ミラーリ予想', 'imageUrl': 'http://gatherer.wizards.com/Handlers/Image.ashx?multiverseid=444290&type=card', 'language': 'Japanese', 'multiverseid': 444290}, {'name': '미라리의 예측', 'imageUrl': 'http://gatherer.wizards.com/Handlers/Image.ashx?multiverseid=444559&type=card', 'language': 'Korean', 'multiverseid': 444559}, {'name': 'A Conjectura do Mirari', 'imageUrl': 'http://gatherer.wizards.com/Handlers/Image.ashx?multiverseid=444828&type=card', 'language': 'Portuguese (Brazil)', 'multiverseid': 444828}, {'name': 'Гипотеза о Мирари', 'imageUrl': 'http://gatherer.wizards.com/Handlers/Image.ashx?multiverseid=445097&type=card', 'language': 'Russian', 'multiverseid': 445097}, {'name': '映奇宝珠探究', 'imageUrl': 'http://gatherer.wizards.com/Handlers/Image.ashx?multiverseid=445366&type=card', 'language': 'Chinese Simplified', 'multiverseid': 445366}, {'name': '映奇寶珠探究', 'imageUrl': 'http://gatherer.wizards.com/Handlers/Image.ashx?multiverseid=445635&type=card', 'language': 'Chinese Traditional', 'multiverseid': 445635}]",['DOM'],"(As this Saga enters and after your draw step, add a lore counter. Sacrifice after III.)
I — Return target instant card from your graveyard to your hand.
II — Return target sorcery card from your graveyard to your hand.
III — Until end of turn, whenever you cast an instant or sorcery spell, copy it. You may choose new targets for the copy.",Enchantment — Saga,"[{'format': 'Brawl', 'legality': 'Legal'}, {'format': 'Commander', 'legality': 'Legal'}, {'format': 'Legacy', 'legality': 'Legal'}, {'format': 'Modern', 'legality': 'Legal'}, {'format': 'Vintage', 'legality': 'Legal'}]",af9e5467286158430f8341ad9a6fcfb770a5dc44,Izzet Drakes,,,,
Tormenting Voice,4,Tormenting Voice,{1}{R},2,['Red'],['R'],Sorcery,['Sorcery'],,Common,IMA,Iconic Masters,"As an additional cost to cast this spell, discard a card.
Draw two cards.","""Unwelcome thoughts crowd my mind. Are they my own madness, or the whispers of another?""
—Sarkhan Vol",Volkan Baga,150,,,normal,438716.0,http://gatherer.wizards.com/Handlers/Image.ashx?multiverseid=438716&type=card,"[{'date': '2018-07-13', 'text': ""You must discard exactly one card to cast Tormenting Voice; you can't cast it without discarding a card, and you can't discard additional cards.""}]","[{'name': '苦しめる声', 'imageUrl': 'http://gatherer.wizards.com/Handlers/Image.ashx?multiverseid=438965&type=card', 'language': 'Japanese', 'multiverseid': 438965}, {'name': '折磨幽声', 'imageUrl': 'http://gatherer.wizards.com/Handlers/Image.ashx?multiverseid=439214&type=card', 'language': 'Chinese Simplified', 'multiverseid': 439214}]","['KTK', 'DTK', 'SOI', 'CN2', 'AKH', 'IMA', 'M19']","As an additional cost to cast Tormenting Voice, discard a card.
Draw two cards.",Sorcery,"[{'format': 'Brawl', 'legality': 'Legal'}, {'format': 'Commander', 'legality': 'Legal'}, {'format': 'Legacy', 'legality': 'Legal'}, {'format': 'Modern', 'legality': 'Legal'}, {'format': 'Standard', 'legality': 'Legal'}, {'format': 'Vintage', 'legality': 'Legal'}]",b509efaa38fb8a4ac0d1454c38057d4535f68f29,Izzet Drakes,,,,
