,quantity,name,manaCost,cmc,type,supertypes,types,subtypes,rarity,set,setName,text,artist,number,layout,multiverseid,imageUrl,loyalty,rulings,foreignNames,printings,originalText,originalType,legalities,id,Deck,colors,colorIdentity,watermark,flavor,releaseDate,source,names,power,toughness
Chemister's Insight,2,Chemister's Insight,{3}{U},4,Instant,,['Instant'],,Uncommon,GRN,Guilds of Ravnica,"Draw two cards.
Jump-start (You may cast this card from your graveyard by discarding a card in addition to paying its other costs. Then exile this card.)",Josh Hass,32,normal,452782.0,http://gatherer.wizards.com/Handlers/Image.ashx?multiverseid=452782&type=card,,"[{'date': '2018-10-05', 'text': ""You must still follow any timing restrictions and permissions, including those based on the card's type. For instance, you can cast a sorcery using jump-start only when you could normally cast a sorcery.""}, {'date': '2018-10-05', 'text': ""A spell cast using jump-start will always be exiled afterward, whether it resolves, it's countered, or it leaves the stack in some other way.""}, {'date': '2018-10-05', 'text': ""If an effect allows you to pay an alternative cost rather than a spell's mana cost, you may pay that alternative cost when you jump-start a spell. You'll still discard a card as an additional cost to cast it.""}, {'date': '2018-10-05', 'text': ""If a card with jump-start is put into your graveyard during your turn, you'll be able to cast it right away if it's legal to do so, before an opponent can take any actions.""}]","[{'name': 'Einblick des Chemisters', 'imageUrl': 'http://gatherer.wizards.com/Handlers/Image.ashx?multiverseid=453041&type=card', 'language': 'German', 'multiverseid': 453041}, {'name': 'Perspicacia de la quimista', 'imageUrl': 'http://gatherer.wizards.com/Handlers/Image.ashx?multiverseid=453300&type=card', 'language': 'Spanish', 'multiverseid': 453300}, {'name': 'Perspicacité du chimiste', 'imageUrl': 'http://gatherer.wizards.com/Handlers/Image.ashx?multiverseid=453559&type=card', 'language': 'French', 'multiverseid': 453559}, {'name': 'Intuizione della Chimimaga', 'imageUrl': 'http://gatherer.wizards.com/Handlers/Image.ashx?multiverseid=453818&type=card', 'language': 'Italian', 'multiverseid': 453818}, {'name': '薬術師の眼識', 'imageUrl': 'http://gatherer.wizards.com/Handlers/Image.ashx?multiverseid=454077&type=card', 'language': 'Japanese', 'multiverseid': 454077}, {'name': '화학술사의 통찰력', 'imageUrl': 'http://gatherer.wizards.com/Handlers/Image.ashx?multiverseid=454336&type=card', 'language': 'Korean', 'multiverseid': 454336}, {'name': 'Visão da Quimiomante', 'imageUrl': 'http://gatherer.wizards.com/Handlers/Image.ashx?multiverseid=454595&type=card', 'language': 'Portuguese (Brazil)', 'multiverseid': 454595}, {'name': 'Озарение Химика', 'imageUrl': 'http://gatherer.wizards.com/Handlers/Image.ashx?multiverseid=454854&type=card', 'language': 'Russian', 'multiverseid': 454854}, {'name': '化学师的洞察', 'imageUrl': 'http://gatherer.wizards.com/Handlers/Image.ashx?multiverseid=455113&type=card', 'language': 'Chinese Simplified', 'multiverseid': 455113}, {'name': '化學師的洞察', 'imageUrl': 'http://gatherer.wizards.com/Handlers/Image.ashx?multiverseid=455372&type=card', 'language': 'Chinese Traditional', 'multiverseid': 455372}]",['GRN'],"Draw two cards.
Jump-start <i>(You may cast this card from your graveyard by discarding a card in addition to paying its other costs. Then exile this card.)</i>",Instant,,303f593d68c41ec5760a2120e319b6dadaac29f8,Jeskai Control,['Blue'],['U'],Izzet,"""My specialty is theoretical universal limits and ways to circumvent them.""",,,,,
Cleansing Nova,1,Cleansing Nova,{3}{W}{W},5,Sorcery,,['Sorcery'],,Rare,M19,Core Set 2019,"Choose one —
• Destroy all creatures.
• Destroy all artifacts and enchantments.",Noah Bradley,9,normal,447145.0,http://gatherer.wizards.com/Handlers/Image.ashx?multiverseid=447145&type=card,,,"[{'name': 'Reinigende Nova', 'imageUrl': 'http://gatherer.wizards.com/Handlers/Image.ashx?multiverseid=447426&type=card', 'language': 'German', 'multiverseid': 447426}, {'name': 'Nova purificadora', 'imageUrl': 'http://gatherer.wizards.com/Handlers/Image.ashx?multiverseid=447707&type=card', 'language': 'Spanish', 'multiverseid': 447707}, {'name': 'Nova purificatrice', 'imageUrl': 'http://gatherer.wizards.com/Handlers/Image.ashx?multiverseid=447988&type=card', 'language': 'French', 'multiverseid': 447988}, {'name': 'Nova Purificatrice', 'imageUrl': 'http://gatherer.wizards.com/Handlers/Image.ashx?multiverseid=448269&type=card', 'language': 'Italian', 'multiverseid': 448269}, {'name': '浄化の輝き', 'imageUrl': 'http://gatherer.wizards.com/Handlers/Image.ashx?multiverseid=448550&type=card', 'language': 'Japanese', 'multiverseid': 448550}, {'name': '정화하는 신성', 'imageUrl': 'http://gatherer.wizards.com/Handlers/Image.ashx?multiverseid=448831&type=card', 'language': 'Korean', 'multiverseid': 448831}, {'name': 'Nova Purificadora', 'imageUrl': 'http://gatherer.wizards.com/Handlers/Image.ashx?multiverseid=449112&type=card', 'language': 'Portuguese (Brazil)', 'multiverseid': 449112}, {'name': 'Очистительная Вспышка', 'imageUrl': 'http://gatherer.wizards.com/Handlers/Image.ashx?multiverseid=449393&type=card', 'language': 'Russian', 'multiverseid': 449393}, {'name': '涤净散华', 'imageUrl': 'http://gatherer.wizards.com/Handlers/Image.ashx?multiverseid=449674&type=card', 'language': 'Chinese Simplified', 'multiverseid': 449674}, {'name': '滌淨散華', 'imageUrl': 'http://gatherer.wizards.com/Handlers/Image.ashx?multiverseid=449955&type=card', 'language': 'Chinese Traditional', 'multiverseid': 449955}]",['M19'],"Choose one —
• Destroy all creatures.
• Destroy all artifacts and enchantments.",Sorcery,"[{'format': 'Brawl', 'legality': 'Legal'}, {'format': 'Commander', 'legality': 'Legal'}, {'format': 'Legacy', 'legality': 'Legal'}, {'format': 'Modern', 'legality': 'Legal'}, {'format': 'Vintage', 'legality': 'Legal'}]",8af1190eb61d17b6d25fed50f317cd10897cc251,Jeskai Control,['White'],['W'],,"In their final moments, the demons gazed upon grace in its purest form.",,,,,
Clifftop Retreat,3,Clifftop Retreat,,0,Land,,['Land'],,Rare,ISD,Innistrad,"Clifftop Retreat enters the battlefield tapped unless you control a Mountain or a Plains.
{T}: Add {R} or {W}.",John Avon,238,normal,241980.0,http://gatherer.wizards.com/Handlers/Image.ashx?multiverseid=241980&type=card,,,"[{'name': '崖顶修行所', 'imageUrl': 'http://gatherer.wizards.com/Handlers/Image.ashx?multiverseid=272212&type=card', 'language': 'Chinese Simplified', 'multiverseid': 272212}, {'name': '崖頂修行所', 'imageUrl': 'http://gatherer.wizards.com/Handlers/Image.ashx?multiverseid=272496&type=card', 'language': 'Chinese Traditional', 'multiverseid': 272496}, {'name': 'Retiro da Falésia', 'imageUrl': 'http://gatherer.wizards.com/Handlers/Image.ashx?multiverseid=272780&type=card', 'language': 'Portuguese (Brazil)', 'multiverseid': 272780}, {'name': 'Rectorat du haut des falaises', 'imageUrl': 'http://gatherer.wizards.com/Handlers/Image.ashx?multiverseid=273064&type=card', 'language': 'French', 'multiverseid': 273064}, {'name': 'Убежище на Утесе', 'imageUrl': 'http://gatherer.wizards.com/Handlers/Image.ashx?multiverseid=273348&type=card', 'language': 'Russian', 'multiverseid': 273348}, {'name': 'Felskuppenzuflucht', 'imageUrl': 'http://gatherer.wizards.com/Handlers/Image.ashx?multiverseid=273632&type=card', 'language': 'German', 'multiverseid': 273632}, {'name': 'Refugio en la cima', 'imageUrl': 'http://gatherer.wizards.com/Handlers/Image.ashx?multiverseid=273916&type=card', 'language': 'Spanish', 'multiverseid': 273916}, {'name': 'Rifugio in Cima al Dirupo', 'imageUrl': 'http://gatherer.wizards.com/Handlers/Image.ashx?multiverseid=274200&type=card', 'language': 'Italian', 'multiverseid': 274200}, {'name': '断崖の避難所', 'imageUrl': 'http://gatherer.wizards.com/Handlers/Image.ashx?multiverseid=274484&type=card', 'language': 'Japanese', 'multiverseid': 274484}]","['ISD', 'DOM']","Clifftop Retreat enters the battlefield tapped unless you control a Mountain or a Plains.
{T}: Add {R} or {W} to your mana pool.",Land,"[{'format': 'Brawl', 'legality': 'Legal'}, {'format': 'Commander', 'legality': 'Legal'}, {'format': 'Legacy', 'legality': 'Legal'}, {'format': 'Modern', 'legality': 'Legal'}, {'format': 'Vintage', 'legality': 'Legal'}]",8c6ea3babfa8bee73b90ee6883e3731ebe535cdb,Jeskai Control,,"['R', 'W']",,"Where cathars learn to fight not only demons and vampires, but ignorance as well.",,,,,
Deafening Clarion,4,Deafening Clarion,{1}{R}{W},3,Sorcery,,['Sorcery'],,Rare,GRN,Guilds of Ravnica,"Choose one or both —
• Deafening Clarion deals 3 damage to each creature.
• Creatures you control gain lifelink until end of turn.",Adam Paquette,165,normal,452915.0,http://gatherer.wizards.com/Handlers/Image.ashx?multiverseid=452915&type=card,,"[{'date': '2018-10-05', 'text': ""Deafening Clarion's second mode affects only creatures you control at the time it resolves. Creatures you begin to control later in the turn won't gain lifelink.""}, {'date': '2018-10-05', 'text': ""A creature you control that's dealt lethal damage by Deafening Clarion's first mode will still be on the battlefield to gain lifelink from the spell's second mode before that creature dies.""}]","[{'name': 'Schmetterndes Signalhorn', 'imageUrl': 'http://gatherer.wizards.com/Handlers/Image.ashx?multiverseid=453174&type=card', 'language': 'German', 'multiverseid': 453174}, {'name': 'Clarín ensordecedor', 'imageUrl': 'http://gatherer.wizards.com/Handlers/Image.ashx?multiverseid=453433&type=card', 'language': 'Spanish', 'multiverseid': 453433}, {'name': 'Clairon assourdissant', 'imageUrl': 'http://gatherer.wizards.com/Handlers/Image.ashx?multiverseid=453692&type=card', 'language': 'French', 'multiverseid': 453692}, {'name': 'Chiarina Assordante', 'imageUrl': 'http://gatherer.wizards.com/Handlers/Image.ashx?multiverseid=453951&type=card', 'language': 'Italian', 'multiverseid': 453951}, {'name': '轟音のクラリオン', 'imageUrl': 'http://gatherer.wizards.com/Handlers/Image.ashx?multiverseid=454210&type=card', 'language': 'Japanese', 'multiverseid': 454210}, {'name': '귀를 멀게 하는 나팔 소리', 'imageUrl': 'http://gatherer.wizards.com/Handlers/Image.ashx?multiverseid=454469&type=card', 'language': 'Korean', 'multiverseid': 454469}, {'name': 'Clarim Ensurdecedor', 'imageUrl': 'http://gatherer.wizards.com/Handlers/Image.ashx?multiverseid=454728&type=card', 'language': 'Portuguese (Brazil)', 'multiverseid': 454728}, {'name': 'Оглушительный Рог', 'imageUrl': 'http://gatherer.wizards.com/Handlers/Image.ashx?multiverseid=454987&type=card', 'language': 'Russian', 'multiverseid': 454987}, {'name': '震耳号角', 'imageUrl': 'http://gatherer.wizards.com/Handlers/Image.ashx?multiverseid=455246&type=card', 'language': 'Chinese Simplified', 'multiverseid': 455246}, {'name': '震耳號角', 'imageUrl': 'http://gatherer.wizards.com/Handlers/Image.ashx?multiverseid=455505&type=card', 'language': 'Chinese Traditional', 'multiverseid': 455505}]",['GRN'],"Choose one or both —
• Deafening Clarion deals 3 damage to each creature.
• Creatures you control gain lifelink until end of turn.",Sorcery,,c338b1f73486a392305dc3e88090bf0269eed9ca,Jeskai Control,"['White', 'Red']","['W', 'R']",Boros,"""Commander, what's the signal to attack?""
""You'll know.""",,,,,
Glacial Fortress,4,Glacial Fortress,,0,Land,,['Land'],,Rare,XLN,Ixalan,"Glacial Fortress enters the battlefield tapped unless you control a Plains or an Island.
{T}: Add {W} or {U}.",James Paick,255,normal,435416.0,http://gatherer.wizards.com/Handlers/Image.ashx?multiverseid=435416&type=card,,"[{'date': '2009-10-01', 'text': ""This checks for lands you control with the land type Plains or Island, not for lands named Plains or Island. The lands it checks for don't have to be basic lands. For example, if you control Watery Grave (a nonbasic land with the land types Island and Swamp), Glacial Fortress will enter the battlefield untapped.""}, {'date': '2009-10-01', 'text': ""As this is entering the battlefield, it checks for lands that are already on the battlefield. It won't see lands that are entering the battlefield at the same time (due to Warp World, for example).""}]","[{'name': 'Gletscherfestung', 'imageUrl': 'http://gatherer.wizards.com/Handlers/Image.ashx?multiverseid=435715&type=card', 'language': 'German', 'multiverseid': 435715}, {'name': 'Forteresse glaciaire', 'imageUrl': 'http://gatherer.wizards.com/Handlers/Image.ashx?multiverseid=436014&type=card', 'language': 'French', 'multiverseid': 436014}, {'name': 'Fortezza Glaciale', 'imageUrl': 'http://gatherer.wizards.com/Handlers/Image.ashx?multiverseid=436313&type=card', 'language': 'Italian', 'multiverseid': 436313}, {'name': '氷河の城砦', 'imageUrl': 'http://gatherer.wizards.com/Handlers/Image.ashx?multiverseid=436612&type=card', 'language': 'Japanese', 'multiverseid': 436612}, {'name': '만년빙 요새', 'imageUrl': 'http://gatherer.wizards.com/Handlers/Image.ashx?multiverseid=436911&type=card', 'language': 'Korean', 'multiverseid': 436911}, {'name': 'Fortaleza Glacial', 'imageUrl': 'http://gatherer.wizards.com/Handlers/Image.ashx?multiverseid=437210&type=card', 'language': 'Portuguese (Brazil)', 'multiverseid': 437210}, {'name': 'Ледяная Крепость', 'imageUrl': 'http://gatherer.wizards.com/Handlers/Image.ashx?multiverseid=437509&type=card', 'language': 'Russian', 'multiverseid': 437509}, {'name': 'Fortaleza glacial', 'imageUrl': 'http://gatherer.wizards.com/Handlers/Image.ashx?multiverseid=437808&type=card', 'language': 'Spanish', 'multiverseid': 437808}, {'name': '冰河要塞', 'imageUrl': 'http://gatherer.wizards.com/Handlers/Image.ashx?multiverseid=438107&type=card', 'language': 'Chinese Simplified', 'multiverseid': 438107}, {'name': '冰河要塞', 'imageUrl': 'http://gatherer.wizards.com/Handlers/Image.ashx?multiverseid=438406&type=card', 'language': 'Chinese Traditional', 'multiverseid': 438406}]","['M10', 'M11', 'M12', 'M13', 'XLN']","Glacial Fortress enters the battlefield tapped unless you control a Plains or an Island.
{T}: Add {W} or {U} to your mana pool.",Land,"[{'format': 'Brawl', 'legality': 'Legal'}, {'format': 'Commander', 'legality': 'Legal'}, {'format': 'Legacy', 'legality': 'Legal'}, {'format': 'Modern', 'legality': 'Legal'}, {'format': 'Standard', 'legality': 'Legal'}, {'format': 'Vintage', 'legality': 'Legal'}]",2305beec891da57f057a500d5692fbebef68ce7b,Jeskai Control,,"['W', 'U']",,Ships blown north in their voyage across the Stormwreck Sea become trapped in the unmelting ice.,,,,,
Invoke the Divine,1,Invoke the Divine,{2}{W},3,Instant,,['Instant'],,Common,M19,Core Set 2019,Destroy target artifact or enchantment. You gain 4 life.,Magali Villeneuve,16,normal,447152.0,http://gatherer.wizards.com/Handlers/Image.ashx?multiverseid=447152&type=card,,"[{'date': '2018-07-13', 'text': ""If the target artifact or enchantment is an illegal target by the time Invoke the Divine tries to resolve, the spell doesn't resolve. You won't gain any life.""}]","[{'name': 'Göttliche Anrufung', 'imageUrl': 'http://gatherer.wizards.com/Handlers/Image.ashx?multiverseid=447433&type=card', 'language': 'German', 'multiverseid': 447433}, {'name': 'Invocar a lo divino', 'imageUrl': 'http://gatherer.wizards.com/Handlers/Image.ashx?multiverseid=447714&type=card', 'language': 'Spanish', 'multiverseid': 447714}, {'name': 'Invocation de la divinité', 'imageUrl': 'http://gatherer.wizards.com/Handlers/Image.ashx?multiverseid=447995&type=card', 'language': 'French', 'multiverseid': 447995}, {'name': 'Invocare il Divino', 'imageUrl': 'http://gatherer.wizards.com/Handlers/Image.ashx?multiverseid=448276&type=card', 'language': 'Italian', 'multiverseid': 448276}, {'name': '神聖の発動', 'imageUrl': 'http://gatherer.wizards.com/Handlers/Image.ashx?multiverseid=448557&type=card', 'language': 'Japanese', 'multiverseid': 448557}, {'name': '신성 기원', 'imageUrl': 'http://gatherer.wizards.com/Handlers/Image.ashx?multiverseid=448838&type=card', 'language': 'Korean', 'multiverseid': 448838}, {'name': 'Invocar o Divino', 'imageUrl': 'http://gatherer.wizards.com/Handlers/Image.ashx?multiverseid=449119&type=card', 'language': 'Portuguese (Brazil)', 'multiverseid': 449119}, {'name': 'Призыв к Божественному', 'imageUrl': 'http://gatherer.wizards.com/Handlers/Image.ashx?multiverseid=449400&type=card', 'language': 'Russian', 'multiverseid': 449400}, {'name': '召现神力', 'imageUrl': 'http://gatherer.wizards.com/Handlers/Image.ashx?multiverseid=449681&type=card', 'language': 'Chinese Simplified', 'multiverseid': 449681}, {'name': '召現神力', 'imageUrl': 'http://gatherer.wizards.com/Handlers/Image.ashx?multiverseid=449962&type=card', 'language': 'Chinese Traditional', 'multiverseid': 449962}]","['DOM', 'M19']",Destroy target artifact or enchantment. You gain 4 life.,Instant,"[{'format': 'Brawl', 'legality': 'Legal'}, {'format': 'Commander', 'legality': 'Legal'}, {'format': 'Legacy', 'legality': 'Legal'}, {'format': 'Modern', 'legality': 'Legal'}, {'format': 'Vintage', 'legality': 'Legal'}]",70c2298532a6439f6dd162c59873ba4199276b1c,Jeskai Control,['White'],['W'],,"""Let go of all that harms you. Cast your burdens into the darkness, and build for the faithful a house of light.""
—<i>Song of All</i>, canto 1008",,,,,
Island,5,Island,,0,Basic Land — Island,['Basic'],['Land'],['Island'],Basic Land,UST,Unstable,,John Avon,213,normal,439602.0,http://gatherer.wizards.com/Handlers/Image.ashx?multiverseid=439602&type=card,,,,"['LEA', 'LEB', '2ED', 'CED', 'CEI', '3ED', '4ED', 'ICE', 'RQS', 'pARL', 'MIR', 'ITP', '5ED', 'POR', 'TMP', 'pJGP', 'PO2', 'UGL', 'pALP', 'USG', '6ED', 'PTK', 'pGRU', 'S99', 'MMQ', 'BRB', 'pELP', 'S00', 'BTD', 'INV', '7ED', 'ODY', 'ONS', '8ED', 'MRD', 'CHK', 'UNH', '9ED', 'RAV', 'CST', 'TSP', '10E', 'MED', 'LRW', 'SHM', 'ALA', 'DD2', 'M10', 'HOP', 'ME3', 'ZEN', 'H09', 'DDE', 'ROE', 'DPA', 'ARC', 'M11', 'DDF', 'SOM', 'MBS', 'NPH', 'CMD', 'M12', 'DDH', 'ISD', 'DDI', 'AVR', 'PC2', 'M13', 'DDJ', 'RTR', 'M14', 'THS', 'C13', 'DDM', 'M15', 'DDN', 'KTK', 'C14', 'DD3_JVC', 'FRF', 'DDO', 'DTK', 'TPR', 'ORI', 'BFZ', 'C15', 'DDQ', 'SOI', 'KLD', 'C16', 'PCA', 'DDS', 'AKH', 'CMA', 'E01', 'HOU', 'C17', 'XLN', 'DDT', 'UST', 'RIX', 'DDU', 'DOM', 'BBD', 'CM2', 'GS1', 'M19', 'C18']",,Basic Land — Island,"[{'format': 'Brawl', 'legality': 'Legal'}, {'format': 'Commander', 'legality': 'Legal'}, {'format': 'Legacy', 'legality': 'Legal'}, {'format': 'Modern', 'legality': 'Legal'}, {'format': 'Standard', 'legality': 'Legal'}, {'format': 'Vintage', 'legality': 'Legal'}]",c745293c1f00ec9a2f78155322b74dc85ec4f3cb,Jeskai Control,,['U'],Blue,,,,,,
Ixalan's Binding,1,Ixalan's Binding,{3}{W},4,Enchantment,,['Enchantment'],,Uncommon,XLN,Ixalan,"When Ixalan's Binding enters the battlefield, exile target nonland permanent an opponent controls until Ixalan's Binding leaves the battlefield.
Your opponents can't cast spells with the same name as the exiled card.",Chase Stone,17,normal,435168.0,http://gatherer.wizards.com/Handlers/Image.ashx?multiverseid=435168&type=card,,"[{'date': '2017-09-29', 'text': ""If Ixalan's Binding leaves the battlefield before its triggered ability resolves, the target permanent won't be exiled.""}, {'date': '2017-09-29', 'text': ""Auras attached to the exiled permanent will be put into their owners' graveyards. Any Equipment will become unattached and remain on the battlefield. Any counters on the exiled permanent will cease to exist.""}, {'date': '2017-09-29', 'text': ""If a token is exiled this way, it will cease to exist and won't return to the battlefield.""}, {'date': '2017-09-29', 'text': ""The exiled card returns to the battlefield immediately after Ixalan's Binding leaves the battlefield. Nothing happens between the two events, including state-based actions.""}, {'date': '2017-09-29', 'text': ""If the exiled card has a different name in exile than it did on the battlefield, Ixalan's Binding stops players from casting spells with the name of that card as it exists in exile.""}, {'date': '2017-09-29', 'text': ""If the exiled card is a land card that's become a nonland permanent, Ixalan's Binding won't stop players from playing lands with that name.""}, {'date': '2017-09-29', 'text': ""If there is no exiled card (perhaps because the exiled permanent was a token or was a commander that moved to the command zone in the Commander variant), Ixalan's Binding won't stop players from casting spells.""}, {'date': '2017-09-29', 'text': ""In a multiplayer game, if Ixalan's Binding's owner leaves the game and another player owns the exiled card, the exiled card will return to the battlefield under its owner's control. Because the one-shot effect that returns the card isn't an ability that goes on the stack, it won't cease to exist along with the leaving player's spells and abilities on the stack.""}, {'date': '2018-01-19', 'text': 'There are many important moments in the story, but the most crucial—called ""story spotlights""—are shown on cards. These cards have the Planeswalker symbol in their text box; this symbol has no effect on gameplay. You can read more about these events in the official Magic fiction at http://www.mtgstory.com.'}]","[{'name': 'Ixalans Bann', 'imageUrl': 'http://gatherer.wizards.com/Handlers/Image.ashx?multiverseid=435467&type=card', 'language': 'German', 'multiverseid': 435467}, {'name': ""Entrave d'Ixalan"", 'imageUrl': 'http://gatherer.wizards.com/Handlers/Image.ashx?multiverseid=435766&type=card', 'language': 'French', 'multiverseid': 435766}, {'name': 'Vincolo di Ixalan', 'imageUrl': 'http://gatherer.wizards.com/Handlers/Image.ashx?multiverseid=436065&type=card', 'language': 'Italian', 'multiverseid': 436065}, {'name': 'イクサランの束縛', 'imageUrl': 'http://gatherer.wizards.com/Handlers/Image.ashx?multiverseid=436364&type=card', 'language': 'Japanese', 'multiverseid': 436364}, {'name': '익살란의 구속', 'imageUrl': 'http://gatherer.wizards.com/Handlers/Image.ashx?multiverseid=436663&type=card', 'language': 'Korean', 'multiverseid': 436663}, {'name': 'Aprisionamento de Ixalan', 'imageUrl': 'http://gatherer.wizards.com/Handlers/Image.ashx?multiverseid=436962&type=card', 'language': 'Portuguese (Brazil)', 'multiverseid': 436962}, {'name': 'Узы Иксалана', 'imageUrl': 'http://gatherer.wizards.com/Handlers/Image.ashx?multiverseid=437261&type=card', 'language': 'Russian', 'multiverseid': 437261}, {'name': 'Reclusión de Ixalan', 'imageUrl': 'http://gatherer.wizards.com/Handlers/Image.ashx?multiverseid=437560&type=card', 'language': 'Spanish', 'multiverseid': 437560}, {'name': '依夏兰的束缚', 'imageUrl': 'http://gatherer.wizards.com/Handlers/Image.ashx?multiverseid=437859&type=card', 'language': 'Chinese Simplified', 'multiverseid': 437859}, {'name': '依夏蘭的束縛', 'imageUrl': 'http://gatherer.wizards.com/Handlers/Image.ashx?multiverseid=438158&type=card', 'language': 'Chinese Traditional', 'multiverseid': 438158}]",['XLN'],"When Ixalan's Binding enters the battlefield, exile target nonland permanent an opponent controls until Ixalan's Binding leaves the battlefield.
Your opponents can't cast spells with the same name as the exiled card.",Enchantment,"[{'format': 'Brawl', 'legality': 'Legal'}, {'format': 'Commander', 'legality': 'Legal'}, {'format': 'Legacy', 'legality': 'Legal'}, {'format': 'Modern', 'legality': 'Legal'}, {'format': 'Standard', 'legality': 'Legal'}, {'format': 'Vintage', 'legality': 'Legal'}]",ffc0e5f27f05ce1e417651db733936ba963882c5,Jeskai Control,['White'],['W'],,Jace awoke to the certainty that he was lost.,,,,,
Justice Strike,1,Justice Strike,{R}{W},2,Instant,,['Instant'],,Uncommon,GRN,Guilds of Ravnica,Target creature deals damage to itself equal to its power.,Clint Cearley,182,normal,452932.0,http://gatherer.wizards.com/Handlers/Image.ashx?multiverseid=452932&type=card,,,"[{'name': 'Gerechter Schlag', 'imageUrl': 'http://gatherer.wizards.com/Handlers/Image.ashx?multiverseid=453191&type=card', 'language': 'German', 'multiverseid': 453191}, {'name': 'Golpe de justicia', 'imageUrl': 'http://gatherer.wizards.com/Handlers/Image.ashx?multiverseid=453450&type=card', 'language': 'Spanish', 'multiverseid': 453450}, {'name': 'Frappe de la justice', 'imageUrl': 'http://gatherer.wizards.com/Handlers/Image.ashx?multiverseid=453709&type=card', 'language': 'French', 'multiverseid': 453709}, {'name': 'Colpo della Giustizia', 'imageUrl': 'http://gatherer.wizards.com/Handlers/Image.ashx?multiverseid=453968&type=card', 'language': 'Italian', 'multiverseid': 453968}, {'name': '裁きの一撃', 'imageUrl': 'http://gatherer.wizards.com/Handlers/Image.ashx?multiverseid=454227&type=card', 'language': 'Japanese', 'multiverseid': 454227}, {'name': '정의의 일격', 'imageUrl': 'http://gatherer.wizards.com/Handlers/Image.ashx?multiverseid=454486&type=card', 'language': 'Korean', 'multiverseid': 454486}, {'name': 'Golpe da Justiça', 'imageUrl': 'http://gatherer.wizards.com/Handlers/Image.ashx?multiverseid=454745&type=card', 'language': 'Portuguese (Brazil)', 'multiverseid': 454745}, {'name': 'Удар Правосудия', 'imageUrl': 'http://gatherer.wizards.com/Handlers/Image.ashx?multiverseid=455004&type=card', 'language': 'Russian', 'multiverseid': 455004}, {'name': '正义一击', 'imageUrl': 'http://gatherer.wizards.com/Handlers/Image.ashx?multiverseid=455263&type=card', 'language': 'Chinese Simplified', 'multiverseid': 455263}, {'name': '正義一擊', 'imageUrl': 'http://gatherer.wizards.com/Handlers/Image.ashx?multiverseid=455522&type=card', 'language': 'Chinese Traditional', 'multiverseid': 455522}]",['GRN'],Target creature deals damage to itself equal to its power.,Instant,,3096876a5f92bfa5a5e8bf1f6cc73414a2cbbff9,Jeskai Control,"['White', 'Red']","['W', 'R']",Boros,"""Those who show no mercy to the weak deserve no mercy from the strong.""
—Firemane Kavrova",,,,,
"Karn, Scion of Urza",2,"Karn, Scion of Urza",{4},4,Legendary Planeswalker — Karn,['Legendary'],['Planeswalker'],['Karn'],Mythic Rare,DOM,Dominaria,"+1: Reveal the top two cards of your library. An opponent chooses one of them. Put that card into your hand and exile the other with a silver counter on it.
−1: Put a card you own with a silver counter on it from exile into your hand.
−2: Create a 0/0 colorless Construct artifact creature token with ""This creature gets +1/+1 for each artifact you control.""",Chase Stone,1,normal,442889.0,http://gatherer.wizards.com/Handlers/Image.ashx?multiverseid=442889&type=card,5.0,"[{'date': '2018-04-27', 'text': ""A token created by Karn's last ability will count itself, so it'll be at least 1/1.""}, {'date': '2018-04-27', 'text': ""Karn is colorless but not an artifact. The Construct tokens created by Karn's last ability don't count Karn.""}]","[{'name': 'Karn, Urzas Spross', 'imageUrl': 'http://gatherer.wizards.com/Handlers/Image.ashx?multiverseid=443158&type=card', 'language': 'German', 'multiverseid': 443158}, {'name': 'Karn, vástago de Urza', 'imageUrl': 'http://gatherer.wizards.com/Handlers/Image.ashx?multiverseid=443427&type=card', 'language': 'Spanish', 'multiverseid': 443427}, {'name': ""Karn, scion d'Urza"", 'imageUrl': 'http://gatherer.wizards.com/Handlers/Image.ashx?multiverseid=443696&type=card', 'language': 'French', 'multiverseid': 443696}, {'name': 'Karn, Discendente di Urza', 'imageUrl': 'http://gatherer.wizards.com/Handlers/Image.ashx?multiverseid=443965&type=card', 'language': 'Italian', 'multiverseid': 443965}, {'name': 'ウルザの後継、カーン', 'imageUrl': 'http://gatherer.wizards.com/Handlers/Image.ashx?multiverseid=444234&type=card', 'language': 'Japanese', 'multiverseid': 444234}, {'name': '우르자의 후예, 카른', 'imageUrl': 'http://gatherer.wizards.com/Handlers/Image.ashx?multiverseid=444503&type=card', 'language': 'Korean', 'multiverseid': 444503}, {'name': 'Karn, Rebento de Urza', 'imageUrl': 'http://gatherer.wizards.com/Handlers/Image.ashx?multiverseid=444772&type=card', 'language': 'Portuguese (Brazil)', 'multiverseid': 444772}, {'name': 'Карн, Детище Урзы', 'imageUrl': 'http://gatherer.wizards.com/Handlers/Image.ashx?multiverseid=445041&type=card', 'language': 'Russian', 'multiverseid': 445041}, {'name': '克撒传人卡恩', 'imageUrl': 'http://gatherer.wizards.com/Handlers/Image.ashx?multiverseid=445310&type=card', 'language': 'Chinese Simplified', 'multiverseid': 445310}, {'name': '克撒傳人卡恩', 'imageUrl': 'http://gatherer.wizards.com/Handlers/Image.ashx?multiverseid=445579&type=card', 'language': 'Chinese Traditional', 'multiverseid': 445579}]",['DOM'],"+1: Reveal the top two cards of your library. An opponent chooses one of them. Put that card into your hand and exile the other with a silver counter on it.
−1: Put a card you own with a silver counter on it from exile into your hand.
−2: Create a 0/0 colorless Construct artifact creature token with ""This creature gets +1/+1 for each artifact you control.""",Legendary Planeswalker — Karn,"[{'format': 'Brawl', 'legality': 'Legal'}, {'format': 'Commander', 'legality': 'Legal'}, {'format': 'Legacy', 'legality': 'Legal'}, {'format': 'Modern', 'legality': 'Legal'}, {'format': 'Vintage', 'legality': 'Legal'}]",7ababfd0c14d280fcef808e67f61b20d50f841d3,Jeskai Control,,,,,,,,,
Legion Warboss,3,Legion Warboss,{2}{R},3,Creature — Goblin Soldier,,['Creature'],"['Goblin', 'Soldier']",Rare,GRN,Guilds of Ravnica,"Mentor (Whenever this creature attacks, put a +1/+1 counter on target attacking creature with lesser power.)
At the beginning of combat on your turn, create a 1/1 red Goblin creature token. That token gains haste until end of turn and attacks this combat if able.",Alex Konstad,109,normal,452859.0,http://gatherer.wizards.com/Handlers/Image.ashx?multiverseid=452859&type=card,,"[{'date': '2018-10-05', 'text': ""If the token can't attack for any reason (such as becoming tapped), then it doesn't attack. If there's a cost associated with having it attack, its controller isn't forced to pay that cost, so it doesn't have to attack in that case either.""}, {'date': '2018-10-05', 'text': ""Mentor compares the power of the creature with mentor with that of the target creature at two different times: once as the triggered ability is put onto the stack, and once as the triggered ability resolves. If you wish to raise a creature's power so its mentor ability can target a bigger creature, the last chance you have to do so is during the beginning of combat step.""}, {'date': '2018-10-05', 'text': ""If the target creature's power is no longer less than the attacking creature's power as the ability resolves, mentor doesn't add a +1/+1 counter. For example, if two 3/3 creatures with mentor attack and both mentor triggers target the same 2/2 creature, the first to resolve puts a +1/+1 counter on it and the second does nothing.""}, {'date': '2018-10-05', 'text': 'If the creature with mentor leaves the battlefield with mentor on the stack, use its power as that creature last existed on the battlefield to determine whether the target creature has less power.'}]","[{'name': 'Kriegsboss der Legion', 'imageUrl': 'http://gatherer.wizards.com/Handlers/Image.ashx?multiverseid=453118&type=card', 'language': 'German', 'multiverseid': 453118}, {'name': 'Jefe de guerra de la Legión', 'imageUrl': 'http://gatherer.wizards.com/Handlers/Image.ashx?multiverseid=453377&type=card', 'language': 'Spanish', 'multiverseid': 453377}, {'name': 'Patron de guerre de la Légion', 'imageUrl': 'http://gatherer.wizards.com/Handlers/Image.ashx?multiverseid=453636&type=card', 'language': 'French', 'multiverseid': 453636}, {'name': 'Capoguerra della Legione', 'imageUrl': 'http://gatherer.wizards.com/Handlers/Image.ashx?multiverseid=453895&type=card', 'language': 'Italian', 'multiverseid': 453895}, {'name': '軍勢の戦親分', 'imageUrl': 'http://gatherer.wizards.com/Handlers/Image.ashx?multiverseid=454154&type=card', 'language': 'Japanese', 'multiverseid': 454154}, {'name': '군단 전쟁대장', 'imageUrl': 'http://gatherer.wizards.com/Handlers/Image.ashx?multiverseid=454413&type=card', 'language': 'Korean', 'multiverseid': 454413}, {'name': 'Chefe-de-guerra da Legião', 'imageUrl': 'http://gatherer.wizards.com/Handlers/Image.ashx?multiverseid=454672&type=card', 'language': 'Portuguese (Brazil)', 'multiverseid': 454672}, {'name': 'Воевода Легиона', 'imageUrl': 'http://gatherer.wizards.com/Handlers/Image.ashx?multiverseid=454931&type=card', 'language': 'Russian', 'multiverseid': 454931}, {'name': '教团战首', 'imageUrl': 'http://gatherer.wizards.com/Handlers/Image.ashx?multiverseid=455190&type=card', 'language': 'Chinese Simplified', 'multiverseid': 455190}, {'name': '教團戰首', 'imageUrl': 'http://gatherer.wizards.com/Handlers/Image.ashx?multiverseid=455449&type=card', 'language': 'Chinese Traditional', 'multiverseid': 455449}]",['GRN'],"Mentor <i>(Whenever this creature attacks, put a +1/+1 counter on target attacking creature with lesser power.)</i>
At the beginning of combat on your turn, create a 1/1 red Goblin creature token. That token gains haste until end of turn and attacks this combat if able.",Creature — Goblin Soldier,,3ce25fc8c0690d86820e6e9c577a881af78d1bc1,Jeskai Control,['Red'],['R'],Boros,,,,,2,2
Lyra Dawnbringer,2,Lyra Dawnbringer,{3}{W}{W},5,Legendary Creature — Angel,['Legendary'],['Creature'],['Angel'],Mythic Rare,DOM,Dominaria,"Flying, first strike, lifelink
Other Angels you control get +1/+1 and have lifelink.",Chris Rahn,26,normal,442914.0,http://gatherer.wizards.com/Handlers/Image.ashx?multiverseid=442914&type=card,,"[{'date': '2018-04-27', 'text': 'Multiple instances of lifelink on the same creature are redundant.'}, {'date': '2018-04-27', 'text': ""Because damage remains marked on a creature until it's removed as the turn ends, nonlethal damage dealt to an Angel you control may become lethal if Lyra leaves the battlefield during that turn.""}]","[{'name': 'Lyra Morgenbringer', 'imageUrl': 'http://gatherer.wizards.com/Handlers/Image.ashx?multiverseid=443183&type=card', 'language': 'German', 'multiverseid': 443183}, {'name': 'Lyra Portaalba', 'imageUrl': 'http://gatherer.wizards.com/Handlers/Image.ashx?multiverseid=443452&type=card', 'language': 'Spanish', 'multiverseid': 443452}, {'name': 'Lyra Aubevenant', 'imageUrl': 'http://gatherer.wizards.com/Handlers/Image.ashx?multiverseid=443721&type=card', 'language': 'French', 'multiverseid': 443721}, {'name': 'Lyra Dawnbringer', 'imageUrl': 'http://gatherer.wizards.com/Handlers/Image.ashx?multiverseid=443990&type=card', 'language': 'Italian', 'multiverseid': 443990}, {'name': '黎明をもたらす者ライラ', 'imageUrl': 'http://gatherer.wizards.com/Handlers/Image.ashx?multiverseid=444259&type=card', 'language': 'Japanese', 'multiverseid': 444259}, {'name': '여명을 가져오는 자 리라', 'imageUrl': 'http://gatherer.wizards.com/Handlers/Image.ashx?multiverseid=444528&type=card', 'language': 'Korean', 'multiverseid': 444528}, {'name': 'Lyra, Portadora da Alvorada', 'imageUrl': 'http://gatherer.wizards.com/Handlers/Image.ashx?multiverseid=444797&type=card', 'language': 'Portuguese (Brazil)', 'multiverseid': 444797}, {'name': 'Лира, Приносящая Рассвет', 'imageUrl': 'http://gatherer.wizards.com/Handlers/Image.ashx?multiverseid=445066&type=card', 'language': 'Russian', 'multiverseid': 445066}, {'name': '黎明使者莱拉', 'imageUrl': 'http://gatherer.wizards.com/Handlers/Image.ashx?multiverseid=445335&type=card', 'language': 'Chinese Simplified', 'multiverseid': 445335}, {'name': '黎明使者萊拉', 'imageUrl': 'http://gatherer.wizards.com/Handlers/Image.ashx?multiverseid=445604&type=card', 'language': 'Chinese Traditional', 'multiverseid': 445604}]",['DOM'],"Flying, first strike, lifelink
Other Angels you control get +1/+1 and have lifelink.",Legendary Creature — Angel,"[{'format': 'Brawl', 'legality': 'Legal'}, {'format': 'Commander', 'legality': 'Legal'}, {'format': 'Legacy', 'legality': 'Legal'}, {'format': 'Modern', 'legality': 'Legal'}, {'format': 'Vintage', 'legality': 'Legal'}]",c06606b54af9f396fb40e19f3720b8541703b87e,Jeskai Control,['White'],['W'],,"""You are not alone. You never were.""",,,,5,5
Negate,2,Negate,{1}{U},2,Instant,,['Instant'],,Special,pMPR,Magic Player Rewards,Counter target noncreature spell.,Ralph Horsley,38,normal,,,,"[{'date': '2009-10-01', 'text': 'A ""creature spell"" is any spell with the type creature, even if it has other types such as artifact or enchantment. Older cards of type summon are also creature spells.'}]","[{'name': '失效', 'language': 'Chinese Simplified'}, {'name': '失效', 'language': 'Chinese Traditional'}, {'name': 'Négation', 'language': 'French'}, {'name': 'Negieren', 'language': 'German'}, {'name': 'Negare', 'language': 'Italian'}, {'name': '否認', 'language': 'Japanese'}, {'name': '부인', 'language': 'Korean'}, {'name': 'Negar', 'language': 'Portuguese (Brazil)'}, {'name': 'Отвергнуть', 'language': 'Russian'}, {'name': 'Negar', 'language': 'Spanish'}]","['pMPR', 'MOR', 'M10', 'DPA', 'M11', 'M12', 'M13', 'M14', 'M15', 'DTK', 'ORI', 'OGW', 'CN2', 'AER']",,,"[{'format': 'Battle for Zendikar Block', 'legality': 'Legal'}, {'format': 'Commander', 'legality': 'Legal'}, {'format': 'Kaladesh Block', 'legality': 'Legal'}, {'format': 'Khans of Tarkir Block', 'legality': 'Legal'}, {'format': 'Legacy', 'legality': 'Legal'}, {'format': 'Lorwyn-Shadowmoor Block', 'legality': 'Legal'}, {'format': 'Modern', 'legality': 'Legal'}, {'format': 'Standard', 'legality': 'Legal'}, {'format': 'Vintage', 'legality': 'Legal'}]",9e112a6b0873fadb26fbfe8bd60b6e3d71b04f2c,Jeskai Control,['Blue'],['U'],,,2009,Magic Player Rewards program reward,,,
Nexus of Fate,4,Nexus of Fate,{5}{U}{U},7,Instant,,['Instant'],,Mythic Rare,M19,Core Set 2019,"Take an extra turn after this one.
If Nexus of Fate would be put into a graveyard from anywhere, reveal Nexus of Fate and shuffle it into its owner's library instead.",Mike Bierek,306,normal,450253.0,http://gatherer.wizards.com/Handlers/Image.ashx?multiverseid=450253&type=card,,"[{'date': '2018-07-13', 'text': ""Nexus of Fate's last ability applies if it would be put into a graveyard in any way, including while it's resolving.""}]","[{'name': 'Nexus des Schicksals', 'imageUrl': 'http://gatherer.wizards.com/Handlers/Image.ashx?multiverseid=450287&type=card', 'language': 'German', 'multiverseid': 450287}, {'name': 'Nexo del destino', 'imageUrl': 'http://gatherer.wizards.com/Handlers/Image.ashx?multiverseid=450321&type=card', 'language': 'Spanish', 'multiverseid': 450321}, {'name': 'Nexus du destin', 'imageUrl': 'http://gatherer.wizards.com/Handlers/Image.ashx?multiverseid=450355&type=card', 'language': 'French', 'multiverseid': 450355}, {'name': 'Fulcro del Destino', 'imageUrl': 'http://gatherer.wizards.com/Handlers/Image.ashx?multiverseid=450389&type=card', 'language': 'Italian', 'multiverseid': 450389}, {'name': '運命のきずな', 'imageUrl': 'http://gatherer.wizards.com/Handlers/Image.ashx?multiverseid=450423&type=card', 'language': 'Japanese', 'multiverseid': 450423}, {'name': '운명의 결합점', 'imageUrl': 'http://gatherer.wizards.com/Handlers/Image.ashx?multiverseid=450457&type=card', 'language': 'Korean', 'multiverseid': 450457}, {'name': 'Nexo do Destino', 'imageUrl': 'http://gatherer.wizards.com/Handlers/Image.ashx?multiverseid=450491&type=card', 'language': 'Portuguese (Brazil)', 'multiverseid': 450491}, {'name': 'Нексус Судьбы', 'imageUrl': 'http://gatherer.wizards.com/Handlers/Image.ashx?multiverseid=450525&type=card', 'language': 'Russian', 'multiverseid': 450525}, {'name': '龙命连结点', 'imageUrl': 'http://gatherer.wizards.com/Handlers/Image.ashx?multiverseid=450559&type=card', 'language': 'Chinese Simplified', 'multiverseid': 450559}, {'name': '龍命連結點', 'imageUrl': 'http://gatherer.wizards.com/Handlers/Image.ashx?multiverseid=450593&type=card', 'language': 'Chinese Traditional', 'multiverseid': 450593}]",['M19'],"Take an extra turn after this one.
If Nexus of Fate would be put into a graveyard from anywhere, reveal Nexus of Fate and shuffle it into its owner's library instead.",Instant,"[{'format': 'Brawl', 'legality': 'Legal'}, {'format': 'Commander', 'legality': 'Legal'}, {'format': 'Legacy', 'legality': 'Legal'}, {'format': 'Modern', 'legality': 'Legal'}, {'format': 'Vintage', 'legality': 'Legal'}]",b9f0cd581eff3ec5b187f8c05fbd30c48d1a8a4a,Jeskai Control,['Blue'],['U'],,Sarkhan wandered into a tomb and back in time.,,,,,
"Niv-Mizzet, Parun",1,"Niv-Mizzet, Parun",{U}{U}{U}{R}{R}{R},6,Legendary Creature — Dragon Wizard,['Legendary'],['Creature'],"['Dragon', 'Wizard']",Rare,GRN,Guilds of Ravnica,"This spell can't be countered.
Flying
Whenever you draw a card, Niv-Mizzet, Parun deals 1 damage to any target.
Whenever a player casts an instant or sorcery spell, you draw a card.",Svetlin Velinov,192,normal,452942.0,http://gatherer.wizards.com/Handlers/Image.ashx?multiverseid=452942&type=card,,"[{'date': '2018-10-05', 'text': ""If an effect instructs you to draw multiple cards, Niv-Mizzet's first triggered ability triggers that many times. You choose targets for those abilities after you've drawn all of the cards.""}, {'date': '2018-10-05', 'text': 'If a spell or ability causes you to put cards into your hand without specifically using the word ""draw,"" Niv-Mizzet\'s first triggered ability won\'t trigger.'}, {'date': '2018-10-05', 'text': ""Niv-Mizzet's second triggered ability resolves before the spell that caused it to trigger. It resolves even if that spell is countered. This causes its first triggered ability to trigger, and that also resolves before the spell.""}, {'date': '2018-10-05', 'text': ""Players can cast spells and activate abilities after Niv-Mizzet's second triggered ability resolves but before the spell that caused it to trigger does. Notably, the card you draw may be able to counter that spell.""}]","[{'name': 'Niv-Mizzet der Parun', 'imageUrl': 'http://gatherer.wizards.com/Handlers/Image.ashx?multiverseid=453201&type=card', 'language': 'German', 'multiverseid': 453201}, {'name': 'Niv-Mízzet, parun', 'imageUrl': 'http://gatherer.wizards.com/Handlers/Image.ashx?multiverseid=453460&type=card', 'language': 'Spanish', 'multiverseid': 453460}, {'name': 'Niv-Mizzet, Parun', 'imageUrl': 'http://gatherer.wizards.com/Handlers/Image.ashx?multiverseid=453719&type=card', 'language': 'French', 'multiverseid': 453719}, {'name': 'Niv-Mizzet, il Parun', 'imageUrl': 'http://gatherer.wizards.com/Handlers/Image.ashx?multiverseid=453978&type=card', 'language': 'Italian', 'multiverseid': 453978}, {'name': 'パルン、ニヴ＝ミゼット', 'imageUrl': 'http://gatherer.wizards.com/Handlers/Image.ashx?multiverseid=454237&type=card', 'language': 'Japanese', 'multiverseid': 454237}, {'name': '페이런, 니브-미젯', 'imageUrl': 'http://gatherer.wizards.com/Handlers/Image.ashx?multiverseid=454496&type=card', 'language': 'Korean', 'multiverseid': 454496}, {'name': 'Niv-Mizzet, Parun', 'imageUrl': 'http://gatherer.wizards.com/Handlers/Image.ashx?multiverseid=454755&type=card', 'language': 'Portuguese (Brazil)', 'multiverseid': 454755}, {'name': 'Нив-Миззет, Отец', 'imageUrl': 'http://gatherer.wizards.com/Handlers/Image.ashx?multiverseid=455014&type=card', 'language': 'Russian', 'multiverseid': 455014}, {'name': '元祖尼米捷', 'imageUrl': 'http://gatherer.wizards.com/Handlers/Image.ashx?multiverseid=455273&type=card', 'language': 'Chinese Simplified', 'multiverseid': 455273}, {'name': '元祖尼米捷', 'imageUrl': 'http://gatherer.wizards.com/Handlers/Image.ashx?multiverseid=455532&type=card', 'language': 'Chinese Traditional', 'multiverseid': 455532}]",['GRN'],"This spell can't be countered.
Flying
Whenever you draw a card, Niv-Mizzet, Parun deals 1 damage to any target.
Whenever a player casts an instant or sorcery spell, you draw a card.",Legendary Creature — Dragon Wizard,,b246015c8f5e1bac5e99ecd337b752a2db6f0558,Jeskai Control,"['Blue', 'Red']","['U', 'R']",Izzet,,,,,5,5
Opt,4,Optical Optimizer,,0,Artifact — Contraption,,['Artifact'],['Contraption'],Uncommon,UST,Unstable,"Whenever you crank Optical Optimizer, until end of turn, target creature becomes an artifact in addition to its other types and gains ""{T}: Draw a card.""",Jason Felix,197,normal,439586.0,http://gatherer.wizards.com/Handlers/Image.ashx?multiverseid=439586&type=card,,"[{'date': '2018-01-19', 'text': 'Contraptions are artifacts. Anything that interacts with artifacts will interact with Contraptions.'}, {'date': '2018-01-19', 'text': ""Contraptions aren't put into your main deck. They go into a separate deck called the Contraption deck.""}, {'date': '2018-01-19', 'text': 'In Constructed formats, a Contraption deck must have at least fifteen different Contraption cards and no more than one of each.'}, {'date': '2018-01-19', 'text': ""In Limited formats, a Contraption deck may include any number of Contraption cards in your card pool. You don't have to include every Contraption card you draft or open in sealed deck. In those formats, your Contraption deck may include duplicates.""}, {'date': '2018-01-19', 'text': 'In silver-bordered games using Contraptions, you have three sprockets, illustrated on the back of Contraption cards. At the start of the game, put a CRANK! counter on sprocket 3.'}, {'date': '2018-01-19', 'text': 'While Contraptions you control are on the battlefield, the Contraption deck is not, even if you are using it to signify the three sprockets.'}, {'date': '2018-01-19', 'text': 'If you or a permanent you control are instructed to assemble a Contraption, reveal the top card of your Contraption deck. Put it onto the battlefield on one of the three sprockets.'}, {'date': '2018-01-19', 'text': 'At the beginning of your upkeep, if you control any Contraptions, move the CRANK! counter to the next sprocket. You may then crank any number of Contraptions on that sprocket, causing their abilities to trigger. Cranking a Contraption is always optional.'}, {'date': '2018-01-19', 'text': 'If you crank multiple Contraptions, their abilities can be put onto the stack in any order. The ability put onto the stack will resolve first.'}, {'date': '2018-01-19', 'text': ""If a Contraption would leave the battlefield and go to any zone other than exile, it instead goes to the scrapyard, the Contraption deck's version of the graveyard. Things that affect the graveyard do not affect the scrapyard. You can exile Contraptions just fine.""}, {'date': '2018-01-19', 'text': ""If you or a permanent you control assembles a Contraption and your Contraption deck is empty, nothing happens. You don't lose the game.""}, {'date': '2018-01-19', 'text': ""Any Contraption that's on the battlefield and wasn't assembled immediately heads to the scrapyard. However, if it's a not an actual Contraption card (like Copy Artifact isn't), it goes to your graveyard as normal. Non-Contraption cards can't be in the scrapyard.""}]",,['UST'],"Whenever you crank Optical Optimizer, until end of turn, target creature becomes an artifact in addition to its other types and gains ""{T}: Draw a card.""",Artifact — Contraption,,be9420da2b8d14f99b987c9e88247da1077443fc,Jeskai Control,,,Order of the Widget,,,,,,
Plains,1,Plains,,0,Basic Land — Plains,['Basic'],['Land'],['Plains'],Basic Land,UST,Unstable,,John Avon,212,normal,439601.0,http://gatherer.wizards.com/Handlers/Image.ashx?multiverseid=439601&type=card,,,,"['LEA', 'LEB', '2ED', 'CED', 'CEI', '3ED', '4ED', 'ICE', 'RQS', 'pARL', 'MIR', 'ITP', '5ED', 'POR', 'pPRE', 'TMP', 'pJGP', 'PO2', 'UGL', 'pALP', 'USG', 'ATH', '6ED', 'PTK', 'pGRU', 'S99', 'MMQ', 'BRB', 'pELP', 'S00', 'INV', '7ED', 'ODY', 'ONS', '8ED', 'MRD', 'CHK', 'UNH', '9ED', 'RAV', 'CST', 'TSP', '10E', 'MED', 'LRW', 'SHM', 'ALA', 'DDC', 'M10', 'HOP', 'ME3', 'ZEN', 'H09', 'DDE', 'ROE', 'ARC', 'M11', 'DDF', 'SOM', 'MBS', 'DDG', 'NPH', 'CMD', 'M12', 'DDH', 'ISD', 'DDI', 'AVR', 'PC2', 'M13', 'RTR', 'DDK', 'M14', 'DDL', 'THS', 'C13', 'MD1', 'M15', 'DDN', 'KTK', 'C14', 'DD3_DVD', 'FRF', 'DDO', 'DTK', 'TPR', 'ORI', 'DDP', 'BFZ', 'C15', 'DDQ', 'SOI', 'KLD', 'C16', 'PCA', 'AKH', 'CMA', 'E01', 'HOU', 'C17', 'XLN', 'UST', 'RIX', 'DOM', 'BBD', 'CM2', 'GS1', 'M19', 'C18']",,Basic Land — Plains,"[{'format': 'Brawl', 'legality': 'Legal'}, {'format': 'Commander', 'legality': 'Legal'}, {'format': 'Legacy', 'legality': 'Legal'}, {'format': 'Modern', 'legality': 'Legal'}, {'format': 'Standard', 'legality': 'Legal'}, {'format': 'Vintage', 'legality': 'Legal'}]",501440ed1f0814e9ba812ad9f36ff69053fd0b42,Jeskai Control,,['W'],White,,,,,,
"Ral, Izzet Viceroy",1,"Ral, Izzet Viceroy",{3}{U}{R},5,Legendary Planeswalker — Ral,['Legendary'],['Planeswalker'],['Ral'],Mythic Rare,GRN,Guilds of Ravnica,"+1: Look at the top two cards of your library. Put one of them into your hand and the other into your graveyard.
−3: Ral, Izzet Viceroy deals damage to target creature equal to the total number of instant and sorcery cards you own in exile and in your graveyard.
−8: You get an emblem with ""Whenever you cast an instant or sorcery spell, this emblem deals 4 damage to any target and you draw two cards.""",Kieran Yanner,195,normal,452945.0,http://gatherer.wizards.com/Handlers/Image.ashx?multiverseid=452945&type=card,5.0,"[{'date': '2018-10-05', 'text': ""If you have only one card in your library, Ral's first ability puts it into your hand. Nothing is put into your graveyard.""}, {'date': '2018-10-05', 'text': ""If any exiled cards you own are face down, they have no characteristics. If they're normally instants or sorceries, they won't be counted for Ral's second ability.""}, {'date': '2018-10-05', 'text': ""The emblem created by Ral's last ability is colorless. The damage it deals is from a colorless source.""}, {'date': '2018-10-05', 'text': ""The triggered ability of Ral's emblem resolves before the spell that caused it to trigger. It resolves even if that spell is countered.""}, {'date': '2018-10-05', 'text': ""If the target permanent or player becomes an illegal target for the triggered ability of Ral's emblem, the ability doesn't resolve. You don't draw two cards.""}]","[{'name': 'Ral, Izzet-Statthalter', 'imageUrl': 'http://gatherer.wizards.com/Handlers/Image.ashx?multiverseid=453204&type=card', 'language': 'German', 'multiverseid': 453204}, {'name': 'Ral, virrey ízzet', 'imageUrl': 'http://gatherer.wizards.com/Handlers/Image.ashx?multiverseid=453463&type=card', 'language': 'Spanish', 'multiverseid': 453463}, {'name': ""Ral, vice-roi d'Izzet"", 'imageUrl': 'http://gatherer.wizards.com/Handlers/Image.ashx?multiverseid=453722&type=card', 'language': 'French', 'multiverseid': 453722}, {'name': 'Ral, Viceré Izzet', 'imageUrl': 'http://gatherer.wizards.com/Handlers/Image.ashx?multiverseid=453981&type=card', 'language': 'Italian', 'multiverseid': 453981}, {'name': 'イゼット副長、ラル', 'imageUrl': 'http://gatherer.wizards.com/Handlers/Image.ashx?multiverseid=454240&type=card', 'language': 'Japanese', 'multiverseid': 454240}, {'name': '이젯 총독, 랄', 'imageUrl': 'http://gatherer.wizards.com/Handlers/Image.ashx?multiverseid=454499&type=card', 'language': 'Korean', 'multiverseid': 454499}, {'name': 'Ral, Vice-rei Izzet', 'imageUrl': 'http://gatherer.wizards.com/Handlers/Image.ashx?multiverseid=454758&type=card', 'language': 'Portuguese (Brazil)', 'multiverseid': 454758}, {'name': 'Рал, Наместник Иззетов', 'imageUrl': 'http://gatherer.wizards.com/Handlers/Image.ashx?multiverseid=455017&type=card', 'language': 'Russian', 'multiverseid': 455017}, {'name': '伊捷总督拉尔', 'imageUrl': 'http://gatherer.wizards.com/Handlers/Image.ashx?multiverseid=455276&type=card', 'language': 'Chinese Simplified', 'multiverseid': 455276}, {'name': '伊捷總督拉爾', 'imageUrl': 'http://gatherer.wizards.com/Handlers/Image.ashx?multiverseid=455535&type=card', 'language': 'Chinese Traditional', 'multiverseid': 455535}]",['GRN'],"+1: Look at the top two cards of your library. Put one of them into your hand and the other into your graveyard.
−3: Ral, Izzet Viceroy deals damage to target creature equal to the total number of instant and sorcery cards you own in exile and in your graveyard.
−8: You get an emblem with ""Whenever you cast an instant or sorcery spell, this emblem deals 4 damage to any target and you draw two cards.""",Legendary Planeswalker — Ral,,29e8caee7e56328bd4b18115a388cc5b7bf415f3,Jeskai Control,"['Blue', 'Red']","['U', 'R']",,,,,,,
Revitalize,3,Revitalize,{1}{W},2,Instant,,['Instant'],,Common,M19,Core Set 2019,"You gain 3 life.
Draw a card.",Matt Stewart,35,normal,447171.0,http://gatherer.wizards.com/Handlers/Image.ashx?multiverseid=447171&type=card,,,"[{'name': 'Revitalisieren', 'imageUrl': 'http://gatherer.wizards.com/Handlers/Image.ashx?multiverseid=447452&type=card', 'language': 'German', 'multiverseid': 447452}, {'name': 'Revivificar', 'imageUrl': 'http://gatherer.wizards.com/Handlers/Image.ashx?multiverseid=447733&type=card', 'language': 'Spanish', 'multiverseid': 447733}, {'name': 'Revitaliser', 'imageUrl': 'http://gatherer.wizards.com/Handlers/Image.ashx?multiverseid=448014&type=card', 'language': 'French', 'multiverseid': 448014}, {'name': 'Rivitalizzare', 'imageUrl': 'http://gatherer.wizards.com/Handlers/Image.ashx?multiverseid=448295&type=card', 'language': 'Italian', 'multiverseid': 448295}, {'name': '活力回復', 'imageUrl': 'http://gatherer.wizards.com/Handlers/Image.ashx?multiverseid=448576&type=card', 'language': 'Japanese', 'multiverseid': 448576}, {'name': '재활', 'imageUrl': 'http://gatherer.wizards.com/Handlers/Image.ashx?multiverseid=448857&type=card', 'language': 'Korean', 'multiverseid': 448857}, {'name': 'Revitalizar', 'imageUrl': 'http://gatherer.wizards.com/Handlers/Image.ashx?multiverseid=449138&type=card', 'language': 'Portuguese (Brazil)', 'multiverseid': 449138}, {'name': 'Восстановление Сил', 'imageUrl': 'http://gatherer.wizards.com/Handlers/Image.ashx?multiverseid=449419&type=card', 'language': 'Russian', 'multiverseid': 449419}, {'name': '再现活力', 'imageUrl': 'http://gatherer.wizards.com/Handlers/Image.ashx?multiverseid=449700&type=card', 'language': 'Chinese Simplified', 'multiverseid': 449700}, {'name': '再現活力', 'imageUrl': 'http://gatherer.wizards.com/Handlers/Image.ashx?multiverseid=449981&type=card', 'language': 'Chinese Traditional', 'multiverseid': 449981}]",['M19'],"You gain 3 life.
Draw a card.",Instant,"[{'format': 'Brawl', 'legality': 'Legal'}, {'format': 'Commander', 'legality': 'Legal'}, {'format': 'Legacy', 'legality': 'Legal'}, {'format': 'Modern', 'legality': 'Legal'}, {'format': 'Vintage', 'legality': 'Legal'}]",99928e530a308f7fe6948a335fdb4b9b70c66925,Jeskai Control,['White'],['W'],,"""A potion is no substitute for a skilled surgeon, but it will hold your bits in.""
—Torricks, battlefield medic",,,,,
Sacred Foundry,4,Sacred Foundry,,0,Land — Mountain Plains,,['Land'],"['Mountain', 'Plains']",Mythic Rare,EXP,Zendikar Expeditions,"({T}: Add {R} or {W}.)
As Sacred Foundry enters the battlefield, you may pay 2 life. If you don't, Sacred Foundry enters the battlefield tapped.",Noah Bradley,14,normal,405106.0,http://gatherer.wizards.com/Handlers/Image.ashx?multiverseid=405106&type=card,,"[{'date': '2005-10-01', 'text': ""Has basic land types, but isn't a basic land. Things that affect basic lands don't affect it. For example, you can't find it with Civic Wayfinder.""}, {'date': '2005-10-01', 'text': ""If another effect (such as Loxodon Gatekeeper's ability) tells you to put lands onto the battlefield tapped, it enters the battlefield tapped whether you pay 2 life or not.""}, {'date': '2005-10-01', 'text': 'If multiple permanents with ""as enters the battlefield"" effects are entering the battlefield at the same time, process those effects one at a time, then put the permanents onto the battlefield all at once. For example, if you\'re at 3 life and an effect puts two of these onto the battlefield, you can pay 2 life for only one of them, not both.'}]",,"['RAV', 'GTC', 'EXP']","As Sacred Foundry enters the battlefield, you may pay 2 life. If you don't, Sacred Foundry enters the battlefield tapped.",Land — Mountain Plains,"[{'format': 'Commander', 'legality': 'Legal'}, {'format': 'Legacy', 'legality': 'Legal'}, {'format': 'Modern', 'legality': 'Legal'}, {'format': 'Vintage', 'legality': 'Legal'}]",9cf179b4d5fa96385266a319f0107c179515486e,Jeskai Control,,"['W', 'R']",,,,,,,
Seal Away,2,Seal Away,{1}{W},2,Enchantment,,['Enchantment'],,Uncommon,DOM,Dominaria,"Flash
When Seal Away enters the battlefield, exile target tapped creature an opponent controls until Seal Away leaves the battlefield.",Joseph Meehan,31,normal,442919.0,http://gatherer.wizards.com/Handlers/Image.ashx?multiverseid=442919&type=card,,"[{'date': '2018-04-27', 'text': ""If Seal Away leaves the battlefield before its triggered ability resolves, the target creature won't be exiled.""}, {'date': '2018-04-27', 'text': ""Auras attached to the exiled creature will be put into their owners' graveyards. Any Equipment will become unattached and remain on the battlefield. Any counters on the exiled creature will cease to exist. When the card returns to the battlefield, it will be a new object with no connection to the card that was exiled.""}, {'date': '2018-04-27', 'text': ""If a token is exiled this way, it will cease to exist and won't return to the battlefield.""}]","[{'name': 'Versiegelung', 'imageUrl': 'http://gatherer.wizards.com/Handlers/Image.ashx?multiverseid=443188&type=card', 'language': 'German', 'multiverseid': 443188}, {'name': 'Sellar', 'imageUrl': 'http://gatherer.wizards.com/Handlers/Image.ashx?multiverseid=443457&type=card', 'language': 'Spanish', 'multiverseid': 443457}, {'name': 'Sceller', 'imageUrl': 'http://gatherer.wizards.com/Handlers/Image.ashx?multiverseid=443726&type=card', 'language': 'French', 'multiverseid': 443726}, {'name': 'Sigillare', 'imageUrl': 'http://gatherer.wizards.com/Handlers/Image.ashx?multiverseid=443995&type=card', 'language': 'Italian', 'multiverseid': 443995}, {'name': '封じ込め', 'imageUrl': 'http://gatherer.wizards.com/Handlers/Image.ashx?multiverseid=444264&type=card', 'language': 'Japanese', 'multiverseid': 444264}, {'name': '떼어내기', 'imageUrl': 'http://gatherer.wizards.com/Handlers/Image.ashx?multiverseid=444533&type=card', 'language': 'Korean', 'multiverseid': 444533}, {'name': 'Selar', 'imageUrl': 'http://gatherer.wizards.com/Handlers/Image.ashx?multiverseid=444802&type=card', 'language': 'Portuguese (Brazil)', 'multiverseid': 444802}, {'name': 'Запечатать', 'imageUrl': 'http://gatherer.wizards.com/Handlers/Image.ashx?multiverseid=445071&type=card', 'language': 'Russian', 'multiverseid': 445071}, {'name': '摘离', 'imageUrl': 'http://gatherer.wizards.com/Handlers/Image.ashx?multiverseid=445340&type=card', 'language': 'Chinese Simplified', 'multiverseid': 445340}, {'name': '摘離', 'imageUrl': 'http://gatherer.wizards.com/Handlers/Image.ashx?multiverseid=445609&type=card', 'language': 'Chinese Traditional', 'multiverseid': 445609}]",['DOM'],"Flash
When Seal Away enters the battlefield, exile target tapped creature an opponent controls until Seal Away leaves the battlefield.",Enchantment,"[{'format': 'Brawl', 'legality': 'Legal'}, {'format': 'Commander', 'legality': 'Legal'}, {'format': 'Legacy', 'legality': 'Legal'}, {'format': 'Modern', 'legality': 'Legal'}, {'format': 'Vintage', 'legality': 'Legal'}]",3265a78b2cacb0079b79a5fe1660d59b73fe3cee,Jeskai Control,['White'],['W'],,An ancient nemesis rendered harmless long ago.,,,,,
Search for Azcanta,2,Search for Azcanta,{1}{U},2,Legendary Enchantment,['Legendary'],['Enchantment'],,Rare,XLN,Ixalan,"At the beginning of your upkeep, look at the top card of your library. You may put it into your graveyard. Then if you have seven or more cards in your graveyard, you may transform Search for Azcanta.",Magali Villeneuve,74a,double-faced,435226.0,http://gatherer.wizards.com/Handlers/Image.ashx?multiverseid=435226&type=card,,"[{'date': '2017-09-29', 'text': ""If a seventh card is put into your graveyard by something other than resolving Search for Azcanta's triggered ability, you won't transform it yet. You'll have to wait until your next upkeep.""}, {'date': '2017-09-29', 'text': 'If you have seven or more cards in your graveyard, you may transform Search for Azcanta while resolving its triggered ability even if you choose not to put the top card of your library into your graveyard.'}, {'date': '2017-09-29', 'text': ""If you don't put the top card of your library into your graveyard while resolving Search for Azcanta's triggered ability, you'll leave it on top of your library (and probably draw it during your draw step).""}, {'date': '2018-01-19', 'text': 'For more information on double-faced cards, see the Ixalan mechanics article (http://magic.wizards.com/en/articles/archive/feature/ixalan-mechanics).'}]","[{'name': 'Suche nach Azcanta', 'imageUrl': 'http://gatherer.wizards.com/Handlers/Image.ashx?multiverseid=435525&type=card', 'language': 'German', 'multiverseid': 435525}, {'name': ""À la recherche d'Azcanta"", 'imageUrl': 'http://gatherer.wizards.com/Handlers/Image.ashx?multiverseid=435824&type=card', 'language': 'French', 'multiverseid': 435824}, {'name': 'In Cerca di Azcanta', 'imageUrl': 'http://gatherer.wizards.com/Handlers/Image.ashx?multiverseid=436123&type=card', 'language': 'Italian', 'multiverseid': 436123}, {'name': 'アズカンタの探索', 'imageUrl': 'http://gatherer.wizards.com/Handlers/Image.ashx?multiverseid=436422&type=card', 'language': 'Japanese', 'multiverseid': 436422}, {'name': '아즈칸타 탐색', 'imageUrl': 'http://gatherer.wizards.com/Handlers/Image.ashx?multiverseid=436721&type=card', 'language': 'Korean', 'multiverseid': 436721}, {'name': 'Busca por Azcanta', 'imageUrl': 'http://gatherer.wizards.com/Handlers/Image.ashx?multiverseid=437020&type=card', 'language': 'Portuguese (Brazil)', 'multiverseid': 437020}, {'name': 'Поиски Асканты', 'imageUrl': 'http://gatherer.wizards.com/Handlers/Image.ashx?multiverseid=437319&type=card', 'language': 'Russian', 'multiverseid': 437319}, {'name': 'En busca de Azcanta', 'imageUrl': 'http://gatherer.wizards.com/Handlers/Image.ashx?multiverseid=437618&type=card', 'language': 'Spanish', 'multiverseid': 437618}, {'name': '探寻阿兹坎特', 'imageUrl': 'http://gatherer.wizards.com/Handlers/Image.ashx?multiverseid=437917&type=card', 'language': 'Chinese Simplified', 'multiverseid': 437917}, {'name': '探尋阿茲坎特', 'imageUrl': 'http://gatherer.wizards.com/Handlers/Image.ashx?multiverseid=438216&type=card', 'language': 'Chinese Traditional', 'multiverseid': 438216}]",['XLN'],"At the beginning of your upkeep, look at the top card of your library. You may put it into your graveyard. Then if you have seven or more cards in your graveyard, you may transform Search for Azcanta.",Legendary Enchantment,"[{'format': 'Brawl', 'legality': 'Legal'}, {'format': 'Commander', 'legality': 'Legal'}, {'format': 'Legacy', 'legality': 'Legal'}, {'format': 'Modern', 'legality': 'Legal'}, {'format': 'Standard', 'legality': 'Legal'}, {'format': 'Vintage', 'legality': 'Legal'}]",31e234354fe4639ea7d1f1373a08514dde7930d4,Jeskai Control,['Blue'],['U'],,The Sunken Ruin houses all the learning of a long-forgotten age.,,,"['Search for Azcanta', 'Azcanta, the Sunken Ruin']",,
Settle the Wreckage,1,Settle the Wreckage,{2}{W}{W},4,Instant,,['Instant'],,Rare,XLN,Ixalan,"Exile all attacking creatures target player controls. That player may search their library for that many basic land cards, put those cards onto the battlefield tapped, then shuffle their library.",Dimitar,34,normal,435186.0,http://gatherer.wizards.com/Handlers/Image.ashx?multiverseid=435186&type=card,,"[{'date': '2017-09-29', 'text': 'Settle the Wreckage targets only the player. Creatures with hexproof that player controls will be exiled as this spell resolves.'}, {'date': '2017-09-29', 'text': ""That player can find fewer basic land cards than the number of exiled creatures, whether because they want to or because they don't have that many basic land cards left.""}, {'date': '2017-09-29', 'text': ""The number of lands that player may find is the number of attacking creatures that were exiled, even if some of those creatures were tokens, weren't creature cards, or didn't end up in exile (most likely because one was that player's commander in the Commander variant).""}]","[{'name': 'Schiffbruch erleiden', 'imageUrl': 'http://gatherer.wizards.com/Handlers/Image.ashx?multiverseid=435485&type=card', 'language': 'German', 'multiverseid': 435485}, {'name': 'Aménagement des décombres', 'imageUrl': 'http://gatherer.wizards.com/Handlers/Image.ashx?multiverseid=435784&type=card', 'language': 'French', 'multiverseid': 435784}, {'name': 'Incagliare il Relitto', 'imageUrl': 'http://gatherer.wizards.com/Handlers/Image.ashx?multiverseid=436083&type=card', 'language': 'Italian', 'multiverseid': 436083}, {'name': '残骸の漂着', 'imageUrl': 'http://gatherer.wizards.com/Handlers/Image.ashx?multiverseid=436382&type=card', 'language': 'Japanese', 'multiverseid': 436382}, {'name': '잔해 가라앉히기', 'imageUrl': 'http://gatherer.wizards.com/Handlers/Image.ashx?multiverseid=436681&type=card', 'language': 'Korean', 'multiverseid': 436681}, {'name': 'Assentar nos Destroços', 'imageUrl': 'http://gatherer.wizards.com/Handlers/Image.ashx?multiverseid=436980&type=card', 'language': 'Portuguese (Brazil)', 'multiverseid': 436980}, {'name': 'Подстроенное Крушение', 'imageUrl': 'http://gatherer.wizards.com/Handlers/Image.ashx?multiverseid=437279&type=card', 'language': 'Russian', 'multiverseid': 437279}, {'name': 'Naufragio consumado', 'imageUrl': 'http://gatherer.wizards.com/Handlers/Image.ashx?multiverseid=437578&type=card', 'language': 'Spanish', 'multiverseid': 437578}, {'name': '处理残迹', 'imageUrl': 'http://gatherer.wizards.com/Handlers/Image.ashx?multiverseid=437877&type=card', 'language': 'Chinese Simplified', 'multiverseid': 437877}, {'name': '處理殘跡', 'imageUrl': 'http://gatherer.wizards.com/Handlers/Image.ashx?multiverseid=438176&type=card', 'language': 'Chinese Traditional', 'multiverseid': 438176}]",['XLN'],"Exile all attacking creatures target player controls. That player may search his or her library for that many basic land cards, put those cards onto the battlefield tapped, then shuffle his or her library.",Instant,"[{'format': 'Brawl', 'legality': 'Legal'}, {'format': 'Commander', 'legality': 'Legal'}, {'format': 'Legacy', 'legality': 'Legal'}, {'format': 'Modern', 'legality': 'Legal'}, {'format': 'Standard', 'legality': 'Legal'}, {'format': 'Vintage', 'legality': 'Legal'}]",c175f28537e504024851fc280f7b945c14cd14ca,Jeskai Control,['White'],['W'],,,,,,,
Shivan Fire,2,Shivan Fire,{R},1,Instant,,['Instant'],,Common,DOM,Dominaria,"Kicker {4} (You may pay an additional {4} as you cast this spell.)
Shivan Fire deals 2 damage to target creature. If this spell was kicked, it deals 4 damage to that creature instead.",Grzegorz Rutkowski,142,normal,443030.0,http://gatherer.wizards.com/Handlers/Image.ashx?multiverseid=443030&type=card,,,"[{'name': 'Shivanisches Feuer', 'imageUrl': 'http://gatherer.wizards.com/Handlers/Image.ashx?multiverseid=443299&type=card', 'language': 'German', 'multiverseid': 443299}, {'name': 'Fuego shivano', 'imageUrl': 'http://gatherer.wizards.com/Handlers/Image.ashx?multiverseid=443568&type=card', 'language': 'Spanish', 'multiverseid': 443568}, {'name': 'Feu shivân', 'imageUrl': 'http://gatherer.wizards.com/Handlers/Image.ashx?multiverseid=443837&type=card', 'language': 'French', 'multiverseid': 443837}, {'name': 'Fuoco di Shiv', 'imageUrl': 'http://gatherer.wizards.com/Handlers/Image.ashx?multiverseid=444106&type=card', 'language': 'Italian', 'multiverseid': 444106}, {'name': 'シヴの火', 'imageUrl': 'http://gatherer.wizards.com/Handlers/Image.ashx?multiverseid=444375&type=card', 'language': 'Japanese', 'multiverseid': 444375}, {'name': '시브의 불', 'imageUrl': 'http://gatherer.wizards.com/Handlers/Image.ashx?multiverseid=444644&type=card', 'language': 'Korean', 'multiverseid': 444644}, {'name': 'Fogo de Shiv', 'imageUrl': 'http://gatherer.wizards.com/Handlers/Image.ashx?multiverseid=444913&type=card', 'language': 'Portuguese (Brazil)', 'multiverseid': 444913}, {'name': 'Шиванский Огонь', 'imageUrl': 'http://gatherer.wizards.com/Handlers/Image.ashx?multiverseid=445182&type=card', 'language': 'Russian', 'multiverseid': 445182}, {'name': '西瓦烈焰', 'imageUrl': 'http://gatherer.wizards.com/Handlers/Image.ashx?multiverseid=445451&type=card', 'language': 'Chinese Simplified', 'multiverseid': 445451}, {'name': '西瓦烈焰', 'imageUrl': 'http://gatherer.wizards.com/Handlers/Image.ashx?multiverseid=445720&type=card', 'language': 'Chinese Traditional', 'multiverseid': 445720}]",['DOM'],"Kicker {4} (You may pay an additional {4} as you cast this spell.)
Shivan Fire deals 2 damage to target creature. If this spell was kicked, it deals 4 damage to that creature instead.",Instant,"[{'format': 'Brawl', 'legality': 'Legal'}, {'format': 'Commander', 'legality': 'Legal'}, {'format': 'Legacy', 'legality': 'Legal'}, {'format': 'Modern', 'legality': 'Legal'}, {'format': 'Vintage', 'legality': 'Legal'}]",5832f4b89d2a8cb9b6de6b970f5247231bb65a75,Jeskai Control,['Red'],['R'],,Sometimes Shivan dragons toy with their food. Other times they just cook it.,,,,,
Spell Pierce,2,Spell Pierce,{U},1,Instant,,['Instant'],,Common,MM3,Modern Masters 2017 Edition,Counter target noncreature spell unless its controller pays {2}.,Vance Kovacs,51,normal,425876.0,http://gatherer.wizards.com/Handlers/Image.ashx?multiverseid=425876&type=card,,,"[{'name': '点破咒语', 'imageUrl': 'http://gatherer.wizards.com/Handlers/Image.ashx?multiverseid=426125&type=card', 'language': 'Chinese Simplified', 'multiverseid': 426125}, {'name': '呪文貫き', 'imageUrl': 'http://gatherer.wizards.com/Handlers/Image.ashx?multiverseid=426374&type=card', 'language': 'Japanese', 'multiverseid': 426374}]","['ZEN', 'MM3', 'MPS_AKH', 'XLN']",Counter target noncreature spell unless its controller pays {2}.,Instant,"[{'format': 'Brawl', 'legality': 'Legal'}, {'format': 'Commander', 'legality': 'Legal'}, {'format': 'Legacy', 'legality': 'Legal'}, {'format': 'Modern', 'legality': 'Legal'}, {'format': 'Standard', 'legality': 'Legal'}, {'format': 'Vintage', 'legality': 'Legal'}]",716a6bd20052429b2f0930268ef8c9d1b5ba5d2a,Jeskai Control,['Blue'],['U'],,"""There's a hole in your plan.""
—Noyan Dar, Tazeem lullmage",,,,,
Star of Extinction,1,Star of Extinction,{5}{R}{R},7,Sorcery,,['Sorcery'],,Mythic Rare,XLN,Ixalan,Destroy target land. Star of Extinction deals 20 damage to each creature and each planeswalker.,Chris Rahn,161,normal,435315.0,http://gatherer.wizards.com/Handlers/Image.ashx?multiverseid=435315&type=card,,,"[{'name': 'Meteor der Auslöschung', 'imageUrl': 'http://gatherer.wizards.com/Handlers/Image.ashx?multiverseid=435614&type=card', 'language': 'German', 'multiverseid': 435614}, {'name': ""Étoile d'extinction"", 'imageUrl': 'http://gatherer.wizards.com/Handlers/Image.ashx?multiverseid=435913&type=card', 'language': 'French', 'multiverseid': 435913}, {'name': ""Stella dell'Estinzione"", 'imageUrl': 'http://gatherer.wizards.com/Handlers/Image.ashx?multiverseid=436212&type=card', 'language': 'Italian', 'multiverseid': 436212}, {'name': '絶滅の星', 'imageUrl': 'http://gatherer.wizards.com/Handlers/Image.ashx?multiverseid=436511&type=card', 'language': 'Japanese', 'multiverseid': 436511}, {'name': '멸종의 별', 'imageUrl': 'http://gatherer.wizards.com/Handlers/Image.ashx?multiverseid=436810&type=card', 'language': 'Korean', 'multiverseid': 436810}, {'name': 'Estrela da Extinção', 'imageUrl': 'http://gatherer.wizards.com/Handlers/Image.ashx?multiverseid=437109&type=card', 'language': 'Portuguese (Brazil)', 'multiverseid': 437109}, {'name': 'Звезда Вымирания', 'imageUrl': 'http://gatherer.wizards.com/Handlers/Image.ashx?multiverseid=437408&type=card', 'language': 'Russian', 'multiverseid': 437408}, {'name': 'Meteorito exterminador', 'imageUrl': 'http://gatherer.wizards.com/Handlers/Image.ashx?multiverseid=437707&type=card', 'language': 'Spanish', 'multiverseid': 437707}, {'name': '灭绝星落', 'imageUrl': 'http://gatherer.wizards.com/Handlers/Image.ashx?multiverseid=438006&type=card', 'language': 'Chinese Simplified', 'multiverseid': 438006}, {'name': '滅絕星落', 'imageUrl': 'http://gatherer.wizards.com/Handlers/Image.ashx?multiverseid=438305&type=card', 'language': 'Chinese Traditional', 'multiverseid': 438305}]",['XLN'],Destroy target land. Star of Extinction deals 20 damage to each creature and each planeswalker.,Sorcery,"[{'format': 'Brawl', 'legality': 'Legal'}, {'format': 'Commander', 'legality': 'Legal'}, {'format': 'Legacy', 'legality': 'Legal'}, {'format': 'Modern', 'legality': 'Legal'}, {'format': 'Standard', 'legality': 'Legal'}, {'format': 'Vintage', 'legality': 'Legal'}]",0bf5be3c08f897715ce47b4889dab633ff24a3f0,Jeskai Control,['Red'],['R'],,"""The visions haunt me. I see the end of the world, brought on by the search for the Immortal Sun.""
—Shaper Pashona",,,,,
Steam Vents,4,Steam Vents,,0,Land — Island Mountain,,['Land'],"['Island', 'Mountain']",Mythic Rare,EXP,Zendikar Expeditions,"({T}: Add {U} or {R}.)
As Steam Vents enters the battlefield, you may pay 2 life. If you don't, Steam Vents enters the battlefield tapped.",Noah Bradley,12,normal,405109.0,http://gatherer.wizards.com/Handlers/Image.ashx?multiverseid=405109&type=card,,"[{'date': '2005-10-01', 'text': ""Has basic land types, but isn't a basic land. Things that affect basic lands don't affect it. For example, you can't find it with Civic Wayfinder.""}, {'date': '2005-10-01', 'text': ""If another effect (such as Loxodon Gatekeeper's ability) tells you to put lands onto the battlefield tapped, it enters the battlefield tapped whether you pay 2 life or not.""}, {'date': '2005-10-01', 'text': 'If multiple permanents with ""as enters the battlefield"" effects are entering the battlefield at the same time, process those effects one at a time, then put the permanents onto the battlefield all at once. For example, if you\'re at 3 life and an effect puts two of these onto the battlefield, you can pay 2 life for only one of them, not both.'}]",,"['GPT', 'RTR', 'EXP']","As Steam Vents enters the battlefield, you may pay 2 life. If you don't, Steam Vents enters the battlefield tapped.",Land — Island Mountain,"[{'format': 'Commander', 'legality': 'Legal'}, {'format': 'Legacy', 'legality': 'Legal'}, {'format': 'Modern', 'legality': 'Legal'}, {'format': 'Vintage', 'legality': 'Legal'}]",ed8f569d8df8864c440ac4c68402e0f4b1bda2c3,Jeskai Control,,"['U', 'R']",,,,,,,
Sulfur Falls,4,Sulfur Falls,,0,Land,,['Land'],,Rare,ISD,Innistrad,"Sulfur Falls enters the battlefield tapped unless you control an Island or a Mountain.
{T}: Add {U} or {R}.",Cliff Childs,248,normal,241987.0,http://gatherer.wizards.com/Handlers/Image.ashx?multiverseid=241987&type=card,,,"[{'name': '硫磺瀑布', 'imageUrl': 'http://gatherer.wizards.com/Handlers/Image.ashx?multiverseid=272219&type=card', 'language': 'Chinese Simplified', 'multiverseid': 272219}, {'name': '硫磺瀑布', 'imageUrl': 'http://gatherer.wizards.com/Handlers/Image.ashx?multiverseid=272503&type=card', 'language': 'Chinese Traditional', 'multiverseid': 272503}, {'name': 'Cascata de Enxofre', 'imageUrl': 'http://gatherer.wizards.com/Handlers/Image.ashx?multiverseid=272787&type=card', 'language': 'Portuguese (Brazil)', 'multiverseid': 272787}, {'name': 'Chutes de soufre', 'imageUrl': 'http://gatherer.wizards.com/Handlers/Image.ashx?multiverseid=273071&type=card', 'language': 'French', 'multiverseid': 273071}, {'name': 'Серный Водопад', 'imageUrl': 'http://gatherer.wizards.com/Handlers/Image.ashx?multiverseid=273355&type=card', 'language': 'Russian', 'multiverseid': 273355}, {'name': 'Schwefelfälle', 'imageUrl': 'http://gatherer.wizards.com/Handlers/Image.ashx?multiverseid=273639&type=card', 'language': 'German', 'multiverseid': 273639}, {'name': 'Cascada de azufre', 'imageUrl': 'http://gatherer.wizards.com/Handlers/Image.ashx?multiverseid=273923&type=card', 'language': 'Spanish', 'multiverseid': 273923}, {'name': 'Cascata Sulfurea', 'imageUrl': 'http://gatherer.wizards.com/Handlers/Image.ashx?multiverseid=274207&type=card', 'language': 'Italian', 'multiverseid': 274207}, {'name': '硫黄の滝', 'imageUrl': 'http://gatherer.wizards.com/Handlers/Image.ashx?multiverseid=274491&type=card', 'language': 'Japanese', 'multiverseid': 274491}]","['ISD', 'DOM']","Sulfur Falls enters the battlefield tapped unless you control an Island or a Mountain.
{T}: Add {U} or {R} to your mana pool.",Land,"[{'format': 'Brawl', 'legality': 'Legal'}, {'format': 'Commander', 'legality': 'Legal'}, {'format': 'Legacy', 'legality': 'Legal'}, {'format': 'Modern', 'legality': 'Legal'}, {'format': 'Vintage', 'legality': 'Legal'}]",578640c35971b9a1c67d5b72fd5697ca51fc65f9,Jeskai Control,,"['U', 'R']",,Skirsdag cultists meet behind a waterfall's curtain and plot with demonic forces.,,,,,
"Teferi, Hero of Dominaria",4,"Teferi, Hero of Dominaria",{3}{W}{U},5,Legendary Planeswalker — Teferi,['Legendary'],['Planeswalker'],['Teferi'],Mythic Rare,DOM,Dominaria,"+1: Draw a card. At the beginning of the next end step, untap two lands.
−3: Put target nonland permanent into its owner's library third from the top.
−8: You get an emblem with ""Whenever you draw a card, exile target permanent an opponent controls.""",Chris Rallis,207,normal,443095.0,http://gatherer.wizards.com/Handlers/Image.ashx?multiverseid=443095&type=card,4.0,"[{'date': '2018-04-27', 'text': ""You don't decide which two lands to untap until the next end step.""}, {'date': '2018-04-27', 'text': ""You choose the target for the triggered ability of Teferi's emblem after you've seen the card you drew.""}, {'date': '2018-06-08', 'text': ""You can't choose to untap a permanent that's already untapped. If you control no tapped lands while Teferi's delayed triggered ability is resolving, you must untap lands another player controls if able.""}]","[{'name': 'Teferi, Held Dominarias', 'imageUrl': 'http://gatherer.wizards.com/Handlers/Image.ashx?multiverseid=443364&type=card', 'language': 'German', 'multiverseid': 443364}, {'name': 'Teferi, héroe de Dominaria', 'imageUrl': 'http://gatherer.wizards.com/Handlers/Image.ashx?multiverseid=443633&type=card', 'language': 'Spanish', 'multiverseid': 443633}, {'name': 'Téfeiri, héros de Dominaria', 'imageUrl': 'http://gatherer.wizards.com/Handlers/Image.ashx?multiverseid=443902&type=card', 'language': 'French', 'multiverseid': 443902}, {'name': 'Teferi, Eroe di Dominaria', 'imageUrl': 'http://gatherer.wizards.com/Handlers/Image.ashx?multiverseid=444171&type=card', 'language': 'Italian', 'multiverseid': 444171}, {'name': 'ドミナリアの英雄、テフェリー', 'imageUrl': 'http://gatherer.wizards.com/Handlers/Image.ashx?multiverseid=444440&type=card', 'language': 'Japanese', 'multiverseid': 444440}, {'name': '도미나리아의 영웅, 테페리', 'imageUrl': 'http://gatherer.wizards.com/Handlers/Image.ashx?multiverseid=444709&type=card', 'language': 'Korean', 'multiverseid': 444709}, {'name': 'Teferi, Herói de Dominária', 'imageUrl': 'http://gatherer.wizards.com/Handlers/Image.ashx?multiverseid=444978&type=card', 'language': 'Portuguese (Brazil)', 'multiverseid': 444978}, {'name': 'Тефери, Герой Доминарии', 'imageUrl': 'http://gatherer.wizards.com/Handlers/Image.ashx?multiverseid=445247&type=card', 'language': 'Russian', 'multiverseid': 445247}, {'name': '多明纳里亚英雄泰菲力', 'imageUrl': 'http://gatherer.wizards.com/Handlers/Image.ashx?multiverseid=445516&type=card', 'language': 'Chinese Simplified', 'multiverseid': 445516}, {'name': '多明納里亞英雄泰菲力', 'imageUrl': 'http://gatherer.wizards.com/Handlers/Image.ashx?multiverseid=445785&type=card', 'language': 'Chinese Traditional', 'multiverseid': 445785}]",['DOM'],"+1: Draw a card. At the beginning of the next end step, untap two lands.
−3: Put target nonland permanent into its owner's library third from the top.
−8: You get an emblem with ""Whenever you draw a card, exile target permanent an opponent controls.""",Legendary Planeswalker — Teferi,"[{'format': 'Brawl', 'legality': 'Legal'}, {'format': 'Commander', 'legality': 'Legal'}, {'format': 'Legacy', 'legality': 'Legal'}, {'format': 'Modern', 'legality': 'Legal'}, {'format': 'Vintage', 'legality': 'Legal'}]",2b29a163ca16bf8411cca3944f10d6f632de9f7c,Jeskai Control,"['White', 'Blue']","['W', 'U']",,,,,,,
Treasure Map,2,Treasure Map,{2},2,Artifact,,['Artifact'],,Rare,XLN,Ixalan,"{1}, {T}: Scry 1. Put a landmark counter on Treasure Map. Then if there are three or more landmark counters on it, remove those counters, transform Treasure Map, and create three colorless Treasure artifact tokens with ""{T}, Sacrifice this artifact: Add one mana of any color.""",Cliff Childs,250a,double-faced,435410.0,http://gatherer.wizards.com/Handlers/Image.ashx?multiverseid=435410&type=card,,"[{'date': '2017-09-29', 'text': ""If a third landmark counter is put on Treasure Map by something other than the resolution of its first ability (as modified by any applicable replacement effects), you won't remove those counters, transform Treasure Map, or get Treasures yet. You'll have to wait until you activate its first ability again.""}, {'date': '2017-09-29', 'text': ""If Treasure Map leaves the battlefield before its ability resolves, you can't put a landmark counter on it. However, if it somehow already had three landmark counters on it before it left the battlefield, you'll get three Treasures.""}, {'date': '2018-01-19', 'text': 'For more information on double-faced cards, see the Ixalan mechanics article (http://magic.wizards.com/en/articles/archive/feature/ixalan-mechanics).'}]","[{'name': 'Schatzkarte', 'imageUrl': 'http://gatherer.wizards.com/Handlers/Image.ashx?multiverseid=435709&type=card', 'language': 'German', 'multiverseid': 435709}, {'name': 'Carte au trésor', 'imageUrl': 'http://gatherer.wizards.com/Handlers/Image.ashx?multiverseid=436008&type=card', 'language': 'French', 'multiverseid': 436008}, {'name': 'Mappa del Tesoro', 'imageUrl': 'http://gatherer.wizards.com/Handlers/Image.ashx?multiverseid=436307&type=card', 'language': 'Italian', 'multiverseid': 436307}, {'name': '宝物の地図', 'imageUrl': 'http://gatherer.wizards.com/Handlers/Image.ashx?multiverseid=436606&type=card', 'language': 'Japanese', 'multiverseid': 436606}, {'name': '보물 지도', 'imageUrl': 'http://gatherer.wizards.com/Handlers/Image.ashx?multiverseid=436905&type=card', 'language': 'Korean', 'multiverseid': 436905}, {'name': 'Mapa do Tesouro', 'imageUrl': 'http://gatherer.wizards.com/Handlers/Image.ashx?multiverseid=437204&type=card', 'language': 'Portuguese (Brazil)', 'multiverseid': 437204}, {'name': 'Карта Сокровищ', 'imageUrl': 'http://gatherer.wizards.com/Handlers/Image.ashx?multiverseid=437503&type=card', 'language': 'Russian', 'multiverseid': 437503}, {'name': 'Mapa del tesoro', 'imageUrl': 'http://gatherer.wizards.com/Handlers/Image.ashx?multiverseid=437802&type=card', 'language': 'Spanish', 'multiverseid': 437802}, {'name': '藏宝图', 'imageUrl': 'http://gatherer.wizards.com/Handlers/Image.ashx?multiverseid=438101&type=card', 'language': 'Chinese Simplified', 'multiverseid': 438101}, {'name': '藏寶圖', 'imageUrl': 'http://gatherer.wizards.com/Handlers/Image.ashx?multiverseid=438400&type=card', 'language': 'Chinese Traditional', 'multiverseid': 438400}]",['XLN'],"{1}, {T}: Scry 1. Put a landmark counter on Treasure Map. Then if there are three or more landmark counters on it, remove those counters, transform Treasure Map, and create three colorless Treasure artifact tokens with ""{T}, Sacrifice this artifact: Add one mana of any color to your mana pool.""",Artifact,"[{'format': 'Brawl', 'legality': 'Legal'}, {'format': 'Commander', 'legality': 'Legal'}, {'format': 'Legacy', 'legality': 'Legal'}, {'format': 'Modern', 'legality': 'Legal'}, {'format': 'Standard', 'legality': 'Legal'}, {'format': 'Vintage', 'legality': 'Legal'}]",a467f34738df708c49082c63bf70400ffe6e5527,Jeskai Control,,,,,,,"['Treasure Map', 'Treasure Cove']",,
