,quantity,name,manaCost,cmc,colors,colorIdentity,type,types,subtypes,rarity,set,setName,text,flavor,artist,number,power,toughness,layout,multiverseid,imageUrl,foreignNames,printings,originalText,originalType,legalities,id,Deck,rulings,releaseDate,source,watermark,supertypes,names
Banefire,2,Banefire,{X}{R},1,['Red'],['R'],Sorcery,['Sorcery'],,Rare,MM2,Modern Masters 2015 Edition,"Banefire deals X damage to any target.
If X is 5 or more, this spell can't be countered and the damage can't be prevented.","For Sarkhan Vol, the dragon is the purest expression of life's savage splendor.",Raymond Swanland,104,,,normal,397676.0,http://gatherer.wizards.com/Handlers/Image.ashx?multiverseid=397676&type=card,"[{'name': '禁咒焰', 'imageUrl': 'http://gatherer.wizards.com/Handlers/Image.ashx?multiverseid=397925&type=card', 'language': 'Chinese Simplified', 'multiverseid': 397925}, {'name': '苦悩火', 'imageUrl': 'http://gatherer.wizards.com/Handlers/Image.ashx?multiverseid=398174&type=card', 'language': 'Japanese', 'multiverseid': 398174}]","['CON', 'DPA', 'DDN', 'MM2', 'M19']","Banefire deals X damage to target creature or player.
If X is 5 or more, Banefire can't be countered by spells or abilities and the damage can't be prevented.",Sorcery,"[{'format': 'Brawl', 'legality': 'Legal'}, {'format': 'Commander', 'legality': 'Legal'}, {'format': 'Legacy', 'legality': 'Legal'}, {'format': 'Modern', 'legality': 'Legal'}, {'format': 'Vintage', 'legality': 'Legal'}]",5a9fba04d7452555b99cce4fd7f0b8ea2b6493ae,Mono-Red Aggro,"[{'date': '2018-07-13', 'text': 'To determine whether it can be countered and its damage can be prevented, Banefire checks the number you chose for X, not the amount of mana you actually spent or the amount of damage it will actually deal.'}, {'date': '2018-07-13', 'text': ""Banefire can be targeted by spells that try to counter it regardless of what the value of X is. If X is 5 or more, those spells will still resolve, but the part of their effect that would counter Banefire won't do anything. Any other effects those spells have will work as normal.""}, {'date': '2018-07-13', 'text': ""If its target is illegal by the time Banefire tries to resolve, the spell isn't countered, but it doesn't resolve. The target won't be dealt damage.""}]",,,,,
Experimental Frenzy,4,Experimental Frenzy,{3}{R},4,['Red'],['R'],Enchantment,['Enchantment'],,Rare,GRN,Guilds of Ravnica,"You may look at the top card of your library any time.
You may play the top card of your library.
You can't play cards from your hand.
{3}{R}: Destroy Experimental Frenzy.",Turns out coffee is the weird aunt of invention.,Simon Dominic,99,,,normal,452849.0,http://gatherer.wizards.com/Handlers/Image.ashx?multiverseid=452849&type=card,"[{'name': 'Experimentierfreude', 'imageUrl': 'http://gatherer.wizards.com/Handlers/Image.ashx?multiverseid=453108&type=card', 'language': 'German', 'multiverseid': 453108}, {'name': 'Frenesí experimental', 'imageUrl': 'http://gatherer.wizards.com/Handlers/Image.ashx?multiverseid=453367&type=card', 'language': 'Spanish', 'multiverseid': 453367}, {'name': 'Frénésie expérimentale', 'imageUrl': 'http://gatherer.wizards.com/Handlers/Image.ashx?multiverseid=453626&type=card', 'language': 'French', 'multiverseid': 453626}, {'name': 'Frenesia Sperimentale', 'imageUrl': 'http://gatherer.wizards.com/Handlers/Image.ashx?multiverseid=453885&type=card', 'language': 'Italian', 'multiverseid': 453885}, {'name': '実験の狂乱', 'imageUrl': 'http://gatherer.wizards.com/Handlers/Image.ashx?multiverseid=454144&type=card', 'language': 'Japanese', 'multiverseid': 454144}, {'name': '실험적인 광분', 'imageUrl': 'http://gatherer.wizards.com/Handlers/Image.ashx?multiverseid=454403&type=card', 'language': 'Korean', 'multiverseid': 454403}, {'name': 'Frenesi Experimental', 'imageUrl': 'http://gatherer.wizards.com/Handlers/Image.ashx?multiverseid=454662&type=card', 'language': 'Portuguese (Brazil)', 'multiverseid': 454662}, {'name': 'Лихорадка Экспериментов', 'imageUrl': 'http://gatherer.wizards.com/Handlers/Image.ashx?multiverseid=454921&type=card', 'language': 'Russian', 'multiverseid': 454921}, {'name': '实验性狂乱', 'imageUrl': 'http://gatherer.wizards.com/Handlers/Image.ashx?multiverseid=455180&type=card', 'language': 'Chinese Simplified', 'multiverseid': 455180}, {'name': '實驗性狂亂', 'imageUrl': 'http://gatherer.wizards.com/Handlers/Image.ashx?multiverseid=455439&type=card', 'language': 'Chinese Traditional', 'multiverseid': 455439}]",['GRN'],"You may look at the top card of your library any time.
You may play the top card of your library.
You can't play cards from your hand.
{3}{R}: Destroy Experimental Frenzy.",Enchantment,,1cc3e03c8e9fe88abd35228b9816f7cad38167ca,Mono-Red Aggro,"[{'date': '2018-10-05', 'text': ""Experimental Frenzy lets you look at the top card of your library whenever you want (with one restriction—see below), even if you don't have priority. This action doesn't use the stack. Knowing what that card is becomes part of the information you have access to, just like you can look at the cards in your hand.""}, {'date': '2018-10-05', 'text': ""If the top card of your library changes while you're casting a spell or activating an ability, you can't look at the new top card until you finish casting that spell or activating that ability. This means that if you cast the top card of your library, you can't look at the next one until you're done paying for that spell.""}, {'date': '2018-10-05', 'text': 'You must follow the normal timing permissions and restrictions of the cards you play from your library.'}, {'date': '2018-10-05', 'text': 'You can play a land card on top of your library only if you have available land plays remaining.'}, {'date': '2018-10-05', 'text': ""You'll still pay all costs for a spell you cast from your library, including additional costs. You may also pay alternative costs.""}, {'date': '2018-10-05', 'text': ""You can't cast spells or play lands from your hand, but you may take other actions with those cards (such as discarding them to activate their cycling or bloodrush abilities).""}]",,,,,
Fanatical Firebrand,4,Fanatical Firebrand,{R},1,['Red'],['R'],Creature — Goblin Pirate,['Creature'],"['Goblin', 'Pirate']",Common,RIX,Rivals of Ixalan,"Haste
{T}, Sacrifice Fanatical Firebrand: It deals 1 damage to any target.","""The Brazen Coalition is a firecannon pointed at our enemies. Goblins like him are the spark to its powder.""
—Admiral Beckett Brass",Wayne Reynolds,101,1,1,normal,439758.0,http://gatherer.wizards.com/Handlers/Image.ashx?multiverseid=439758&type=card,"[{'name': 'Fanatischer Hitzkopf', 'imageUrl': 'http://gatherer.wizards.com/Handlers/Image.ashx?multiverseid=439961&type=card', 'language': 'German', 'multiverseid': 439961}, {'name': 'Fanático flamígero', 'imageUrl': 'http://gatherer.wizards.com/Handlers/Image.ashx?multiverseid=440164&type=card', 'language': 'Spanish', 'multiverseid': 440164}, {'name': 'Brandon fanatique', 'imageUrl': 'http://gatherer.wizards.com/Handlers/Image.ashx?multiverseid=440367&type=card', 'language': 'French', 'multiverseid': 440367}, {'name': 'Aizzatore Fanatico', 'imageUrl': 'http://gatherer.wizards.com/Handlers/Image.ashx?multiverseid=440570&type=card', 'language': 'Italian', 'multiverseid': 440570}, {'name': '狂信的扇動者', 'imageUrl': 'http://gatherer.wizards.com/Handlers/Image.ashx?multiverseid=440773&type=card', 'language': 'Japanese', 'multiverseid': 440773}, {'name': '광적인 선동가', 'imageUrl': 'http://gatherer.wizards.com/Handlers/Image.ashx?multiverseid=440976&type=card', 'language': 'Korean', 'multiverseid': 440976}, {'name': 'Instigador Fanático', 'imageUrl': 'http://gatherer.wizards.com/Handlers/Image.ashx?multiverseid=441179&type=card', 'language': 'Portuguese (Brazil)', 'multiverseid': 441179}, {'name': 'Фанатик-Поджигатель', 'imageUrl': 'http://gatherer.wizards.com/Handlers/Image.ashx?multiverseid=441382&type=card', 'language': 'Russian', 'multiverseid': 441382}, {'name': '狂热惹事鬼', 'imageUrl': 'http://gatherer.wizards.com/Handlers/Image.ashx?multiverseid=441585&type=card', 'language': 'Chinese Simplified', 'multiverseid': 441585}, {'name': '狂熱惹事鬼', 'imageUrl': 'http://gatherer.wizards.com/Handlers/Image.ashx?multiverseid=441788&type=card', 'language': 'Chinese Traditional', 'multiverseid': 441788}]",['RIX'],"Haste
{T}, Sacrifice Fanatical Firebrand: It deals 1 damage to target creature or player.",Creature — Goblin Pirate,"[{'format': 'Brawl', 'legality': 'Legal'}, {'format': 'Commander', 'legality': 'Legal'}, {'format': 'Legacy', 'legality': 'Legal'}, {'format': 'Modern', 'legality': 'Legal'}, {'format': 'Vintage', 'legality': 'Legal'}]",24e1a9e7388453823502677e85fb72a62a4c4bdc,Mono-Red Aggro,,,,,,
Fiery Cannonade,3,Fiery Cannonade,{2}{R},3,['Red'],['R'],Instant,['Instant'],,Uncommon,XLN,Ixalan,Fiery Cannonade deals 2 damage to each non-Pirate creature.,"Wary of the ferocious dinosaurs, the Legion of Dusk built up the walls of their fort—just in time for the pirates to burn them down.",Ben Wootten,143,,,normal,435297.0,http://gatherer.wizards.com/Handlers/Image.ashx?multiverseid=435297&type=card,"[{'name': 'Feurige Kanonade', 'imageUrl': 'http://gatherer.wizards.com/Handlers/Image.ashx?multiverseid=435596&type=card', 'language': 'German', 'multiverseid': 435596}, {'name': 'Canonnade ardente', 'imageUrl': 'http://gatherer.wizards.com/Handlers/Image.ashx?multiverseid=435895&type=card', 'language': 'French', 'multiverseid': 435895}, {'name': 'Cannonata Fiammante', 'imageUrl': 'http://gatherer.wizards.com/Handlers/Image.ashx?multiverseid=436194&type=card', 'language': 'Italian', 'multiverseid': 436194}, {'name': '焦熱の連続砲撃', 'imageUrl': 'http://gatherer.wizards.com/Handlers/Image.ashx?multiverseid=436493&type=card', 'language': 'Japanese', 'multiverseid': 436493}, {'name': '맹렬한 연속포격', 'imageUrl': 'http://gatherer.wizards.com/Handlers/Image.ashx?multiverseid=436792&type=card', 'language': 'Korean', 'multiverseid': 436792}, {'name': 'Canhonada Ardente', 'imageUrl': 'http://gatherer.wizards.com/Handlers/Image.ashx?multiverseid=437091&type=card', 'language': 'Portuguese (Brazil)', 'multiverseid': 437091}, {'name': 'Огненная Канонада', 'imageUrl': 'http://gatherer.wizards.com/Handlers/Image.ashx?multiverseid=437390&type=card', 'language': 'Russian', 'multiverseid': 437390}, {'name': 'Cañonazo ardiente', 'imageUrl': 'http://gatherer.wizards.com/Handlers/Image.ashx?multiverseid=437689&type=card', 'language': 'Spanish', 'multiverseid': 437689}, {'name': '激烈炮击', 'imageUrl': 'http://gatherer.wizards.com/Handlers/Image.ashx?multiverseid=437988&type=card', 'language': 'Chinese Simplified', 'multiverseid': 437988}, {'name': '激烈炮擊', 'imageUrl': 'http://gatherer.wizards.com/Handlers/Image.ashx?multiverseid=438287&type=card', 'language': 'Chinese Traditional', 'multiverseid': 438287}]",['XLN'],Fiery Cannonade deals 2 damage to each non-Pirate creature.,Instant,"[{'format': 'Brawl', 'legality': 'Legal'}, {'format': 'Commander', 'legality': 'Legal'}, {'format': 'Legacy', 'legality': 'Legal'}, {'format': 'Modern', 'legality': 'Legal'}, {'format': 'Standard', 'legality': 'Legal'}, {'format': 'Vintage', 'legality': 'Legal'}]",e249e9b6ad5dece9dc166d3bcedbd8057aea420e,Mono-Red Aggro,,,,,,
Fight with Fire,2,Fight with Fire,{2}{R},3,['Red'],['R'],Sorcery,['Sorcery'],,Uncommon,DOM,Dominaria,"Kicker {5}{R} (You may pay an additional {5}{R} as you cast this spell.)
Fight with Fire deals 5 damage to target creature. If this spell was kicked, it deals 10 damage divided as you choose among any number of targets instead. (Those targets can include players and planeswalkers.)",,Yongjae Choi,119,,,normal,443007.0,http://gatherer.wizards.com/Handlers/Image.ashx?multiverseid=443007&type=card,"[{'name': 'Mit Feuer bekämpfen', 'imageUrl': 'http://gatherer.wizards.com/Handlers/Image.ashx?multiverseid=443276&type=card', 'language': 'German', 'multiverseid': 443276}, {'name': 'Combatir con fuego', 'imageUrl': 'http://gatherer.wizards.com/Handlers/Image.ashx?multiverseid=443545&type=card', 'language': 'Spanish', 'multiverseid': 443545}, {'name': 'Combat par le feu', 'imageUrl': 'http://gatherer.wizards.com/Handlers/Image.ashx?multiverseid=443814&type=card', 'language': 'French', 'multiverseid': 443814}, {'name': 'Combattere con il Fuoco', 'imageUrl': 'http://gatherer.wizards.com/Handlers/Image.ashx?multiverseid=444083&type=card', 'language': 'Italian', 'multiverseid': 444083}, {'name': '火による戦い', 'imageUrl': 'http://gatherer.wizards.com/Handlers/Image.ashx?multiverseid=444352&type=card', 'language': 'Japanese', 'multiverseid': 444352}, {'name': '불과 싸우기', 'imageUrl': 'http://gatherer.wizards.com/Handlers/Image.ashx?multiverseid=444621&type=card', 'language': 'Korean', 'multiverseid': 444621}, {'name': 'Enfrentar com Fogo', 'imageUrl': 'http://gatherer.wizards.com/Handlers/Image.ashx?multiverseid=444890&type=card', 'language': 'Portuguese (Brazil)', 'multiverseid': 444890}, {'name': 'Бороться Огнем', 'imageUrl': 'http://gatherer.wizards.com/Handlers/Image.ashx?multiverseid=445159&type=card', 'language': 'Russian', 'multiverseid': 445159}, {'name': '耀火扬威', 'imageUrl': 'http://gatherer.wizards.com/Handlers/Image.ashx?multiverseid=445428&type=card', 'language': 'Chinese Simplified', 'multiverseid': 445428}, {'name': '耀火揚威', 'imageUrl': 'http://gatherer.wizards.com/Handlers/Image.ashx?multiverseid=445697&type=card', 'language': 'Chinese Traditional', 'multiverseid': 445697}]",['DOM'],"Kicker {5}{R} (You may pay an additional {5}{R} as you cast this spell.)
Fight with Fire deals 5 damage to target creature. If this spell was kicked, it deals 10 damage divided as you choose among any number of targets instead. (Those targets can include players and planeswalkers.)",Sorcery,"[{'format': 'Brawl', 'legality': 'Legal'}, {'format': 'Commander', 'legality': 'Legal'}, {'format': 'Legacy', 'legality': 'Legal'}, {'format': 'Modern', 'legality': 'Legal'}, {'format': 'Vintage', 'legality': 'Legal'}]",ddc71502e87e8f9c8d90805e6d40c03ab9d78eaa,Mono-Red Aggro,"[{'date': '2018-04-27', 'text': 'If Fight with Fire is kicked, it can target creatures, players, and planeswalkers.'}, {'date': '2018-04-27', 'text': 'You choose how many targets Fight with Fire has and how the damage is divided as you put the spell onto the stack. Each target must receive at least 1 damage if Fight with Fire is kicked.'}, {'date': '2018-04-27', 'text': 'If some of the targets are illegal targets as Fight with Fire tries to resolve, the original division of damage still applies and the damage that would have been dealt to the illegal targets is lost.'}]",,,,,
Ghitu Lavarunner,4,Ghitu Lavarunner,{R},1,['Red'],['R'],Creature — Human Wizard,['Creature'],"['Human', 'Wizard']",Common,DOM,Dominaria,"As long as there are two or more instant and/or sorcery cards in your graveyard, Ghitu Lavarunner gets +1/+0 and has haste.",Tolarians teach the theory of pyromancy. The Ghitu prefer applied research.,Jesper Ejsing,127,1,2,normal,443015.0,http://gatherer.wizards.com/Handlers/Image.ashx?multiverseid=443015&type=card,"[{'name': 'Ghitu-Lavaläufer', 'imageUrl': 'http://gatherer.wizards.com/Handlers/Image.ashx?multiverseid=443284&type=card', 'language': 'German', 'multiverseid': 443284}, {'name': 'Corredor de lava ghitu', 'imageUrl': 'http://gatherer.wizards.com/Handlers/Image.ashx?multiverseid=443553&type=card', 'language': 'Spanish', 'multiverseid': 443553}, {'name': 'Coureur des laves guitûk', 'imageUrl': 'http://gatherer.wizards.com/Handlers/Image.ashx?multiverseid=443822&type=card', 'language': 'French', 'multiverseid': 443822}, {'name': 'Calcalava Ghitu', 'imageUrl': 'http://gatherer.wizards.com/Handlers/Image.ashx?multiverseid=444091&type=card', 'language': 'Italian', 'multiverseid': 444091}, {'name': 'ギトゥの溶岩走り', 'imageUrl': 'http://gatherer.wizards.com/Handlers/Image.ashx?multiverseid=444360&type=card', 'language': 'Japanese', 'multiverseid': 444360}, {'name': '기투 용암질주꾼', 'imageUrl': 'http://gatherer.wizards.com/Handlers/Image.ashx?multiverseid=444629&type=card', 'language': 'Korean', 'multiverseid': 444629}, {'name': 'Corredor de Lava Ghitu', 'imageUrl': 'http://gatherer.wizards.com/Handlers/Image.ashx?multiverseid=444898&type=card', 'language': 'Portuguese (Brazil)', 'multiverseid': 444898}, {'name': 'Гиту, Бегущий по Лаве', 'imageUrl': 'http://gatherer.wizards.com/Handlers/Image.ashx?multiverseid=445167&type=card', 'language': 'Russian', 'multiverseid': 445167}, {'name': '基图奔熔客', 'imageUrl': 'http://gatherer.wizards.com/Handlers/Image.ashx?multiverseid=445436&type=card', 'language': 'Chinese Simplified', 'multiverseid': 445436}, {'name': '基圖奔熔客', 'imageUrl': 'http://gatherer.wizards.com/Handlers/Image.ashx?multiverseid=445705&type=card', 'language': 'Chinese Traditional', 'multiverseid': 445705}]",['DOM'],"As long as there are two or more instant and/or sorcery cards in your graveyard, Ghitu Lavarunner gets +1/+0 and has haste.",Creature — Human Wizard,"[{'format': 'Brawl', 'legality': 'Legal'}, {'format': 'Commander', 'legality': 'Legal'}, {'format': 'Legacy', 'legality': 'Legal'}, {'format': 'Modern', 'legality': 'Legal'}, {'format': 'Vintage', 'legality': 'Legal'}]",9a93ffa41d40cde6c0232ffe0ef679a30b145aff,Mono-Red Aggro,"[{'date': '2018-04-27', 'text': ""If Ghitu Lavarunner loses haste after being declared as an attacker on the turn it comes under your control, it will continue to attack. It won't be removed from combat. On the other hand, if it loses haste before your declare attackers step, it won't be able to attack.""}]",,,,,
Goblin Chainwhirler,4,Goblin Chainwhirler,{R}{R}{R},3,['Red'],['R'],Creature — Goblin Warrior,['Creature'],"['Goblin', 'Warrior']",Rare,DOM,Dominaria,"First strike
When Goblin Chainwhirler enters the battlefield, it deals 1 damage to each opponent and each creature and planeswalker they control.","""The trick is, once you get moving, don't stop!""",Svetlin Velinov,129,3,3,normal,443017.0,http://gatherer.wizards.com/Handlers/Image.ashx?multiverseid=443017&type=card,"[{'name': 'Goblin-Kettenschwingerin', 'imageUrl': 'http://gatherer.wizards.com/Handlers/Image.ashx?multiverseid=443286&type=card', 'language': 'German', 'multiverseid': 443286}, {'name': 'Trasgo portacadenas', 'imageUrl': 'http://gatherer.wizards.com/Handlers/Image.ashx?multiverseid=443555&type=card', 'language': 'Spanish', 'multiverseid': 443555}, {'name': 'Tournoyeur de chaînes gobelin', 'imageUrl': 'http://gatherer.wizards.com/Handlers/Image.ashx?multiverseid=443824&type=card', 'language': 'French', 'multiverseid': 443824}, {'name': 'Goblin Lanciacatene', 'imageUrl': 'http://gatherer.wizards.com/Handlers/Image.ashx?multiverseid=444093&type=card', 'language': 'Italian', 'multiverseid': 444093}, {'name': 'ゴブリンの鎖回し', 'imageUrl': 'http://gatherer.wizards.com/Handlers/Image.ashx?multiverseid=444362&type=card', 'language': 'Japanese', 'multiverseid': 444362}, {'name': '고블린 사슬회전꾼', 'imageUrl': 'http://gatherer.wizards.com/Handlers/Image.ashx?multiverseid=444631&type=card', 'language': 'Korean', 'multiverseid': 444631}, {'name': 'Goblin Lança-correntes', 'imageUrl': 'http://gatherer.wizards.com/Handlers/Image.ashx?multiverseid=444900&type=card', 'language': 'Portuguese (Brazil)', 'multiverseid': 444900}, {'name': 'Гоблин-Цепехлест', 'imageUrl': 'http://gatherer.wizards.com/Handlers/Image.ashx?multiverseid=445169&type=card', 'language': 'Russian', 'multiverseid': 445169}, {'name': '舞链鬼怪', 'imageUrl': 'http://gatherer.wizards.com/Handlers/Image.ashx?multiverseid=445438&type=card', 'language': 'Chinese Simplified', 'multiverseid': 445438}, {'name': '舞鏈鬼怪', 'imageUrl': 'http://gatherer.wizards.com/Handlers/Image.ashx?multiverseid=445707&type=card', 'language': 'Chinese Traditional', 'multiverseid': 445707}]",['DOM'],"First strike
When Goblin Chainwhirler enters the battlefield, it deals 1 damage to each opponent and each creature and planeswalker they control.",Creature — Goblin Warrior,"[{'format': 'Brawl', 'legality': 'Legal'}, {'format': 'Commander', 'legality': 'Legal'}, {'format': 'Legacy', 'legality': 'Legal'}, {'format': 'Modern', 'legality': 'Legal'}, {'format': 'Vintage', 'legality': 'Legal'}]",224b7895f6c1bc04a79eadc1459a31f5ea4cfca8,Mono-Red Aggro,"[{'date': '2018-04-27', 'text': ""If the damage Goblin Chainwhirler would deal to a player is prevented, it still deals 1 damage to that player's creatures and planeswalkers.""}, {'date': '2018-04-27', 'text': ""In a Two-Headed Giant game, the Goblin Chainwhirler's last ability causes the opposing team to lose 2 life.""}]",,,,,
Lava Coil,4,Lava Coil,{1}{R},2,['Red'],['R'],Sorcery,['Sorcery'],,Uncommon,GRN,Guilds of Ravnica,"Lava Coil deals 4 damage to target creature. If that creature would die this turn, exile it instead.","""Commander, we caught the Dimir spy and took her ashes into custody.""
—Kramm, Wojek security officer",Wesley Burt,108,,,normal,452858.0,http://gatherer.wizards.com/Handlers/Image.ashx?multiverseid=452858&type=card,"[{'name': 'Lavaschlinge', 'imageUrl': 'http://gatherer.wizards.com/Handlers/Image.ashx?multiverseid=453117&type=card', 'language': 'German', 'multiverseid': 453117}, {'name': 'Espiral de lava', 'imageUrl': 'http://gatherer.wizards.com/Handlers/Image.ashx?multiverseid=453376&type=card', 'language': 'Spanish', 'multiverseid': 453376}, {'name': 'Étreinte de lave', 'imageUrl': 'http://gatherer.wizards.com/Handlers/Image.ashx?multiverseid=453635&type=card', 'language': 'French', 'multiverseid': 453635}, {'name': 'Spira di Lava', 'imageUrl': 'http://gatherer.wizards.com/Handlers/Image.ashx?multiverseid=453894&type=card', 'language': 'Italian', 'multiverseid': 453894}, {'name': '溶岩コイル', 'imageUrl': 'http://gatherer.wizards.com/Handlers/Image.ashx?multiverseid=454153&type=card', 'language': 'Japanese', 'multiverseid': 454153}, {'name': '용암 고리', 'imageUrl': 'http://gatherer.wizards.com/Handlers/Image.ashx?multiverseid=454412&type=card', 'language': 'Korean', 'multiverseid': 454412}, {'name': 'Hélice de Lava', 'imageUrl': 'http://gatherer.wizards.com/Handlers/Image.ashx?multiverseid=454671&type=card', 'language': 'Portuguese (Brazil)', 'multiverseid': 454671}, {'name': 'Спираль Лавы', 'imageUrl': 'http://gatherer.wizards.com/Handlers/Image.ashx?multiverseid=454930&type=card', 'language': 'Russian', 'multiverseid': 454930}, {'name': '熔岩缠绕', 'imageUrl': 'http://gatherer.wizards.com/Handlers/Image.ashx?multiverseid=455189&type=card', 'language': 'Chinese Simplified', 'multiverseid': 455189}, {'name': '熔岩纏繞', 'imageUrl': 'http://gatherer.wizards.com/Handlers/Image.ashx?multiverseid=455448&type=card', 'language': 'Chinese Traditional', 'multiverseid': 455448}]",['GRN'],"Lava Coil deals 4 damage to target creature. If that creature would die this turn, exile it instead.",Sorcery,,ffd9184b169de7a6b7ea0784a6215dcdeb22d31d,Mono-Red Aggro,"[{'date': '2018-10-05', 'text': ""Lava Coil's replacement effect will exile the target creature if it would die this turn for any reason, not just due to lethal damage. It applies to the target creature even if Lava Coil deals no damage to it (due to a prevention effect).""}]",,,,,
Lightning Strike,4,Lightning Strike,{1}{R},2,['Red'],['R'],Instant,['Instant'],,Uncommon,XLN,Ixalan,Lightning Strike deals 3 damage to any target.,"""Storm on the horizon, cap'n!""
—Grick Doobin, last words",Craig J Spearing,149,,,normal,435303.0,http://gatherer.wizards.com/Handlers/Image.ashx?multiverseid=435303&type=card,"[{'name': 'Blitzeinschlag', 'imageUrl': 'http://gatherer.wizards.com/Handlers/Image.ashx?multiverseid=435602&type=card', 'language': 'German', 'multiverseid': 435602}, {'name': 'Frappe foudroyante', 'imageUrl': 'http://gatherer.wizards.com/Handlers/Image.ashx?multiverseid=435901&type=card', 'language': 'French', 'multiverseid': 435901}, {'name': 'Colpo di Fulmine', 'imageUrl': 'http://gatherer.wizards.com/Handlers/Image.ashx?multiverseid=436200&type=card', 'language': 'Italian', 'multiverseid': 436200}, {'name': '稲妻の一撃', 'imageUrl': 'http://gatherer.wizards.com/Handlers/Image.ashx?multiverseid=436499&type=card', 'language': 'Japanese', 'multiverseid': 436499}, {'name': '번개 강타', 'imageUrl': 'http://gatherer.wizards.com/Handlers/Image.ashx?multiverseid=436798&type=card', 'language': 'Korean', 'multiverseid': 436798}, {'name': 'Golpe Relampejante', 'imageUrl': 'http://gatherer.wizards.com/Handlers/Image.ashx?multiverseid=437097&type=card', 'language': 'Portuguese (Brazil)', 'multiverseid': 437097}, {'name': 'Удар Грома', 'imageUrl': 'http://gatherer.wizards.com/Handlers/Image.ashx?multiverseid=437396&type=card', 'language': 'Russian', 'multiverseid': 437396}, {'name': 'Descarga de rayos', 'imageUrl': 'http://gatherer.wizards.com/Handlers/Image.ashx?multiverseid=437695&type=card', 'language': 'Spanish', 'multiverseid': 437695}, {'name': '闪电炼击', 'imageUrl': 'http://gatherer.wizards.com/Handlers/Image.ashx?multiverseid=437994&type=card', 'language': 'Chinese Simplified', 'multiverseid': 437994}, {'name': '閃電煉擊', 'imageUrl': 'http://gatherer.wizards.com/Handlers/Image.ashx?multiverseid=438293&type=card', 'language': 'Chinese Traditional', 'multiverseid': 438293}]","['THS', 'M15', 'XLN', 'M19']",Lightning Strike deals 3 damage to target creature or player.,Instant,"[{'format': 'Brawl', 'legality': 'Legal'}, {'format': 'Commander', 'legality': 'Legal'}, {'format': 'Legacy', 'legality': 'Legal'}, {'format': 'Modern', 'legality': 'Legal'}, {'format': 'Standard', 'legality': 'Legal'}, {'format': 'Vintage', 'legality': 'Legal'}]",df09b21224c174712277c8d10440f0fbe11fe2d6,Mono-Red Aggro,,,,,,
Mountain,1,Mountain,,0,,['R'],Basic Land — Mountain,['Land'],['Mountain'],Basic Land,UST,Unstable,,,John Avon,215,,,normal,439604.0,http://gatherer.wizards.com/Handlers/Image.ashx?multiverseid=439604&type=card,,"['LEA', 'LEB', '2ED', 'CED', 'CEI', 'ARN', '3ED', '4ED', 'ICE', 'RQS', 'pARL', 'MIR', 'ITP', '5ED', 'POR', 'TMP', 'pJGP', 'PO2', 'UGL', 'pALP', 'USG', 'ATH', '6ED', 'PTK', 'pGRU', 'S99', 'MMQ', 'BRB', 'pELP', 'S00', 'BTD', 'INV', '7ED', 'ODY', 'DKM', 'ONS', '8ED', 'MRD', 'CHK', 'UNH', '9ED', 'RAV', 'CST', 'TSP', '10E', 'MED', 'LRW', 'EVG', 'SHM', 'ALA', 'DD2', 'M10', 'HOP', 'ME3', 'ZEN', 'H09', 'DDE', 'ROE', 'DPA', 'ARC', 'M11', 'SOM', 'PD2', 'MBS', 'DDG', 'NPH', 'CMD', 'M12', 'DDH', 'ISD', 'DDI', 'AVR', 'PC2', 'M13', 'DDJ', 'RTR', 'DDK', 'M14', 'DDL', 'THS', 'C13', 'M15', 'DDN', 'KTK', 'C14', 'DD3_EVG', 'DD3_JVC', 'FRF', 'DTK', 'TPR', 'ORI', 'DDP', 'BFZ', 'C15', 'SOI', 'KLD', 'C16', 'PCA', 'DDS', 'AKH', 'CMA', 'E01', 'HOU', 'C17', 'XLN', 'DDT', 'UST', 'RIX', 'DDU', 'DOM', 'BBD', 'CM2', 'GS1', 'M19', 'C18']",,Basic Land — Mountain,"[{'format': 'Brawl', 'legality': 'Legal'}, {'format': 'Commander', 'legality': 'Legal'}, {'format': 'Legacy', 'legality': 'Legal'}, {'format': 'Modern', 'legality': 'Legal'}, {'format': 'Standard', 'legality': 'Legal'}, {'format': 'Vintage', 'legality': 'Legal'}]",83345253cf2ac7c3ea2fce2fa186f7afd6a8447c,Mono-Red Aggro,,,,Red,['Basic'],
Risk Factor,2,Risk Factor,{2}{R},3,['Red'],['R'],Instant,['Instant'],,Rare,GRN,Guilds of Ravnica,"Target opponent may have Risk Factor deal 4 damage to them. If that player doesn't, you draw three cards.
Jump-start (You may cast this card from your graveyard by discarding a card in addition to paying its other costs. Then exile this card.)",,Chris Seaman,113,,,normal,452863.0,http://gatherer.wizards.com/Handlers/Image.ashx?multiverseid=452863&type=card,"[{'name': 'Risikofaktor', 'imageUrl': 'http://gatherer.wizards.com/Handlers/Image.ashx?multiverseid=453122&type=card', 'language': 'German', 'multiverseid': 453122}, {'name': 'Factor de riesgo', 'imageUrl': 'http://gatherer.wizards.com/Handlers/Image.ashx?multiverseid=453381&type=card', 'language': 'Spanish', 'multiverseid': 453381}, {'name': 'Facteur de risque', 'imageUrl': 'http://gatherer.wizards.com/Handlers/Image.ashx?multiverseid=453640&type=card', 'language': 'French', 'multiverseid': 453640}, {'name': 'Fattore di Rischio', 'imageUrl': 'http://gatherer.wizards.com/Handlers/Image.ashx?multiverseid=453899&type=card', 'language': 'Italian', 'multiverseid': 453899}, {'name': '危険因子', 'imageUrl': 'http://gatherer.wizards.com/Handlers/Image.ashx?multiverseid=454158&type=card', 'language': 'Japanese', 'multiverseid': 454158}, {'name': '위험 인자', 'imageUrl': 'http://gatherer.wizards.com/Handlers/Image.ashx?multiverseid=454417&type=card', 'language': 'Korean', 'multiverseid': 454417}, {'name': 'Fator de Risco', 'imageUrl': 'http://gatherer.wizards.com/Handlers/Image.ashx?multiverseid=454676&type=card', 'language': 'Portuguese (Brazil)', 'multiverseid': 454676}, {'name': 'Фактор Риска', 'imageUrl': 'http://gatherer.wizards.com/Handlers/Image.ashx?multiverseid=454935&type=card', 'language': 'Russian', 'multiverseid': 454935}, {'name': '风险因素', 'imageUrl': 'http://gatherer.wizards.com/Handlers/Image.ashx?multiverseid=455194&type=card', 'language': 'Chinese Simplified', 'multiverseid': 455194}, {'name': '風險因素', 'imageUrl': 'http://gatherer.wizards.com/Handlers/Image.ashx?multiverseid=455453&type=card', 'language': 'Chinese Traditional', 'multiverseid': 455453}]",['GRN'],"Target opponent may have Risk Factor deal 4 damage to them. If that player doesn't, you draw three cards.
Jump-start <i>(You may cast this card from your graveyard by discarding a card in addition to paying its other costs. Then exile this card.)</i>",Instant,,c2e897dff3f2afbeffad2fc24025348d781492ee,Mono-Red Aggro,"[{'date': '2018-10-05', 'text': ""If the target player is an illegal target by the time Risk Factor tries to resolve, the spell doesn't resolve. You don't draw three cards.""}, {'date': '2018-10-05', 'text': ""You must still follow any timing restrictions and permissions, including those based on the card's type. For instance, you can cast a sorcery using jump-start only when you could normally cast a sorcery.""}, {'date': '2018-10-05', 'text': ""A spell cast using jump-start will always be exiled afterward, whether it resolves, it's countered, or it leaves the stack in some other way.""}, {'date': '2018-10-05', 'text': ""If an effect allows you to pay an alternative cost rather than a spell's mana cost, you may pay that alternative cost when you jump-start a spell. You'll still discard a card as an additional cost to cast it.""}, {'date': '2018-10-05', 'text': ""If a card with jump-start is put into your graveyard during your turn, you'll be able to cast it right away if it's legal to do so, before an opponent can take any actions.""}]",,,Izzet,,
Runaway Steam-Kin,4,Runaway Steam-Kin,{1}{R},2,['Red'],['R'],Creature — Elemental,['Creature'],['Elemental'],Rare,GRN,Guilds of Ravnica,"Whenever you cast a red spell, if Runaway Steam-Kin has fewer than three +1/+1 counters on it, put a +1/+1 counter on Runaway Steam-Kin.
Remove three +1/+1 counters from Runaway Steam-Kin: Add {R}{R}{R}.",,Jason Felix,115,1,1,normal,452865.0,http://gatherer.wizards.com/Handlers/Image.ashx?multiverseid=452865&type=card,"[{'name': 'Durchgebrannter Dampfsippler', 'imageUrl': 'http://gatherer.wizards.com/Handlers/Image.ashx?multiverseid=453124&type=card', 'language': 'German', 'multiverseid': 453124}, {'name': 'Vaporeador a la fuga', 'imageUrl': 'http://gatherer.wizards.com/Handlers/Image.ashx?multiverseid=453383&type=card', 'language': 'Spanish', 'multiverseid': 453383}, {'name': 'Sangvapeur bouillonnant', 'imageUrl': 'http://gatherer.wizards.com/Handlers/Image.ashx?multiverseid=453642&type=card', 'language': 'French', 'multiverseid': 453642}, {'name': 'Vaporigeno in Fuga', 'imageUrl': 'http://gatherer.wizards.com/Handlers/Image.ashx?multiverseid=453901&type=card', 'language': 'Italian', 'multiverseid': 453901}, {'name': '遁走する蒸気族', 'imageUrl': 'http://gatherer.wizards.com/Handlers/Image.ashx?multiverseid=454160&type=card', 'language': 'Japanese', 'multiverseid': 454160}, {'name': '고삐 풀린 증기생명체', 'imageUrl': 'http://gatherer.wizards.com/Handlers/Image.ashx?multiverseid=454419&type=card', 'language': 'Korean', 'multiverseid': 454419}, {'name': 'Vapóreo em Fuga', 'imageUrl': 'http://gatherer.wizards.com/Handlers/Image.ashx?multiverseid=454678&type=card', 'language': 'Portuguese (Brazil)', 'multiverseid': 454678}, {'name': 'Сбежавший Паровик', 'imageUrl': 'http://gatherer.wizards.com/Handlers/Image.ashx?multiverseid=454937&type=card', 'language': 'Russian', 'multiverseid': 454937}, {'name': '落跑汽身', 'imageUrl': 'http://gatherer.wizards.com/Handlers/Image.ashx?multiverseid=455196&type=card', 'language': 'Chinese Simplified', 'multiverseid': 455196}, {'name': '落跑汽身', 'imageUrl': 'http://gatherer.wizards.com/Handlers/Image.ashx?multiverseid=455455&type=card', 'language': 'Chinese Traditional', 'multiverseid': 455455}]",['GRN'],"Whenever you cast a red spell, if Runaway Steam-Kin has fewer than three +1/+1 counters on it, put a +1/+1 counter on Runaway Steam-Kin.
Remove three +1/+1 counters from Runaway Steam-Kin: Add {R}{R}{R}.",Creature — Elemental,,97f49a0be0ae5615357bd13b52bc1b2e0e5b5571,Mono-Red Aggro,"[{'date': '2018-10-05', 'text': ""Runaway Steam-Kin has to be on the battlefield for its ability to trigger. Casting it won't trigger its own ability.""}, {'date': '2018-10-05', 'text': ""Runaway Steam-Kin's triggered ability resolves before the spell that caused it to trigger. It resolves even if that spell is countered.""}, {'date': '2018-10-05', 'text': ""If Runaway Steam-Kin has three or more +1/+1 counters on it after you're done paying for a red spell, its ability doesn't trigger at all. If it has three or more +1/+1 counters on it as its triggered ability resolves, it doesn't get a +1/+1 counter.""}]",,,,,
Shock,4,Sudden Shock,{1}{R},2,['Red'],['R'],Instant,['Instant'],,Special,pREL,Release Events,"Split second (As long as this spell is on the stack, players can't cast spells or activate abilities that aren't mana abilities.)
Sudden Shock deals 2 damage to target creature or player.",Arc mages aren't known for their patience.,Vance Kovacs,10,,,normal,,,"[{'name': '瞬息电震', 'language': 'Chinese Simplified'}, {'name': 'Choc soudain', 'language': 'French'}, {'name': 'Plötzlicher Schock', 'language': 'German'}, {'name': 'Shock Improvviso', 'language': 'Italian'}, {'name': '突然のショック', 'language': 'Japanese'}, {'name': 'Choque Repentino', 'language': 'Portuguese (Brazil)'}, {'name': 'Внезапный Шок', 'language': 'Russian'}, {'name': 'Choque súbito', 'language': 'Spanish'}]","['pREL', 'TSP', 'MMA']",,,"[{'format': 'Commander', 'legality': 'Legal'}, {'format': 'Legacy', 'legality': 'Legal'}, {'format': 'Modern', 'legality': 'Legal'}, {'format': 'Time Spiral Block', 'legality': 'Legal'}, {'format': 'Vintage', 'legality': 'Legal'}]",7b086c5e1da264028536ed4665173be8737a6ee1,Mono-Red Aggro,"[{'date': '2013-06-07', 'text': 'Players still get priority while a card with split second is on the stack.'}, {'date': '2013-06-07', 'text': ""Split second doesn't prevent players from activating mana abilities.""}, {'date': '2013-06-07', 'text': ""Split second doesn't prevent triggered abilities from triggering. If one does, its controller puts it on the stack and chooses targets for it, if any. Those abilities will resolve as normal.""}, {'date': '2013-06-07', 'text': ""Split second doesn't prevent players from performing special actions. Notably, players may turn face-down creatures face up while a spell with split second is on the stack.""}, {'date': '2013-06-07', 'text': ""Casting a spell with split second won't affect spells and abilities that are already on the stack.""}, {'date': '2013-06-07', 'text': ""If the resolution of a triggered ability involves casting a spell, that spell can't be cast if a spell with split second is on the stack.""}]",2006-10-06,Time Spiral Release Event participation bonus.,,,
Treasure Map,3,Treasure Map,{2},2,,,Artifact,['Artifact'],,Rare,XLN,Ixalan,"{1}, {T}: Scry 1. Put a landmark counter on Treasure Map. Then if there are three or more landmark counters on it, remove those counters, transform Treasure Map, and create three colorless Treasure artifact tokens with ""{T}, Sacrifice this artifact: Add one mana of any color.""",,Cliff Childs,250a,,,double-faced,435410.0,http://gatherer.wizards.com/Handlers/Image.ashx?multiverseid=435410&type=card,"[{'name': 'Schatzkarte', 'imageUrl': 'http://gatherer.wizards.com/Handlers/Image.ashx?multiverseid=435709&type=card', 'language': 'German', 'multiverseid': 435709}, {'name': 'Carte au trésor', 'imageUrl': 'http://gatherer.wizards.com/Handlers/Image.ashx?multiverseid=436008&type=card', 'language': 'French', 'multiverseid': 436008}, {'name': 'Mappa del Tesoro', 'imageUrl': 'http://gatherer.wizards.com/Handlers/Image.ashx?multiverseid=436307&type=card', 'language': 'Italian', 'multiverseid': 436307}, {'name': '宝物の地図', 'imageUrl': 'http://gatherer.wizards.com/Handlers/Image.ashx?multiverseid=436606&type=card', 'language': 'Japanese', 'multiverseid': 436606}, {'name': '보물 지도', 'imageUrl': 'http://gatherer.wizards.com/Handlers/Image.ashx?multiverseid=436905&type=card', 'language': 'Korean', 'multiverseid': 436905}, {'name': 'Mapa do Tesouro', 'imageUrl': 'http://gatherer.wizards.com/Handlers/Image.ashx?multiverseid=437204&type=card', 'language': 'Portuguese (Brazil)', 'multiverseid': 437204}, {'name': 'Карта Сокровищ', 'imageUrl': 'http://gatherer.wizards.com/Handlers/Image.ashx?multiverseid=437503&type=card', 'language': 'Russian', 'multiverseid': 437503}, {'name': 'Mapa del tesoro', 'imageUrl': 'http://gatherer.wizards.com/Handlers/Image.ashx?multiverseid=437802&type=card', 'language': 'Spanish', 'multiverseid': 437802}, {'name': '藏宝图', 'imageUrl': 'http://gatherer.wizards.com/Handlers/Image.ashx?multiverseid=438101&type=card', 'language': 'Chinese Simplified', 'multiverseid': 438101}, {'name': '藏寶圖', 'imageUrl': 'http://gatherer.wizards.com/Handlers/Image.ashx?multiverseid=438400&type=card', 'language': 'Chinese Traditional', 'multiverseid': 438400}]",['XLN'],"{1}, {T}: Scry 1. Put a landmark counter on Treasure Map. Then if there are three or more landmark counters on it, remove those counters, transform Treasure Map, and create three colorless Treasure artifact tokens with ""{T}, Sacrifice this artifact: Add one mana of any color to your mana pool.""",Artifact,"[{'format': 'Brawl', 'legality': 'Legal'}, {'format': 'Commander', 'legality': 'Legal'}, {'format': 'Legacy', 'legality': 'Legal'}, {'format': 'Modern', 'legality': 'Legal'}, {'format': 'Standard', 'legality': 'Legal'}, {'format': 'Vintage', 'legality': 'Legal'}]",a467f34738df708c49082c63bf70400ffe6e5527,Mono-Red Aggro,"[{'date': '2017-09-29', 'text': ""If a third landmark counter is put on Treasure Map by something other than the resolution of its first ability (as modified by any applicable replacement effects), you won't remove those counters, transform Treasure Map, or get Treasures yet. You'll have to wait until you activate its first ability again.""}, {'date': '2017-09-29', 'text': ""If Treasure Map leaves the battlefield before its ability resolves, you can't put a landmark counter on it. However, if it somehow already had three landmark counters on it before it left the battlefield, you'll get three Treasures.""}, {'date': '2018-01-19', 'text': 'For more information on double-faced cards, see the Ixalan mechanics article (http://magic.wizards.com/en/articles/archive/feature/ixalan-mechanics).'}]",,,,,"['Treasure Map', 'Treasure Cove']"
Viashino Pyromancer,4,Viashino Pyromancer,{1}{R},2,['Red'],['R'],Creature — Viashino Wizard,['Creature'],"['Viashino', 'Wizard']",Common,M19,Core Set 2019,"When Viashino Pyromancer enters the battlefield, it deals 2 damage to target player or planeswalker.","""I trained with the Ghitu, and I respect the fire as they do.""",Jesper Ejsing,166,2,1,normal,447302.0,http://gatherer.wizards.com/Handlers/Image.ashx?multiverseid=447302&type=card,"[{'name': 'Viashino-Pyromagier', 'imageUrl': 'http://gatherer.wizards.com/Handlers/Image.ashx?multiverseid=447583&type=card', 'language': 'German', 'multiverseid': 447583}, {'name': 'Piromante viashino', 'imageUrl': 'http://gatherer.wizards.com/Handlers/Image.ashx?multiverseid=447864&type=card', 'language': 'Spanish', 'multiverseid': 447864}, {'name': 'Pyromancien viashino', 'imageUrl': 'http://gatherer.wizards.com/Handlers/Image.ashx?multiverseid=448145&type=card', 'language': 'French', 'multiverseid': 448145}, {'name': 'Piromante Viashino', 'imageUrl': 'http://gatherer.wizards.com/Handlers/Image.ashx?multiverseid=448426&type=card', 'language': 'Italian', 'multiverseid': 448426}, {'name': 'ヴィーアシーノの紅蓮術師', 'imageUrl': 'http://gatherer.wizards.com/Handlers/Image.ashx?multiverseid=448707&type=card', 'language': 'Japanese', 'multiverseid': 448707}, {'name': '비아시노 화염술사', 'imageUrl': 'http://gatherer.wizards.com/Handlers/Image.ashx?multiverseid=448988&type=card', 'language': 'Korean', 'multiverseid': 448988}, {'name': 'Piromante Viashino', 'imageUrl': 'http://gatherer.wizards.com/Handlers/Image.ashx?multiverseid=449269&type=card', 'language': 'Portuguese (Brazil)', 'multiverseid': 449269}, {'name': 'Виашино-Пиромант', 'imageUrl': 'http://gatherer.wizards.com/Handlers/Image.ashx?multiverseid=449550&type=card', 'language': 'Russian', 'multiverseid': 449550}, {'name': '舞火凡尔西诺', 'imageUrl': 'http://gatherer.wizards.com/Handlers/Image.ashx?multiverseid=449831&type=card', 'language': 'Chinese Simplified', 'multiverseid': 449831}, {'name': '舞火凡爾西諾', 'imageUrl': 'http://gatherer.wizards.com/Handlers/Image.ashx?multiverseid=450112&type=card', 'language': 'Chinese Traditional', 'multiverseid': 450112}]",['M19'],"When Viashino Pyromancer enters the battlefield, it deals 2 damage to target player or planeswalker.",Creature — Viashino Wizard,"[{'format': 'Brawl', 'legality': 'Legal'}, {'format': 'Commander', 'legality': 'Legal'}, {'format': 'Legacy', 'legality': 'Legal'}, {'format': 'Modern', 'legality': 'Legal'}, {'format': 'Vintage', 'legality': 'Legal'}]",878c3fa78d64ddcfd2cd5c45d466f9cff20da561,Mono-Red Aggro,,,,,,
Wizard's Lightning,4,Wizard's Lightning,{2}{R},3,['Red'],['R'],Instant,['Instant'],,Uncommon,DOM,Dominaria,"This spell costs {2} less to cast if you control a Wizard.
Wizard's Lightning deals 3 damage to any target.","""The study of magic began when the first mage taught herself to throw lightning.""
—Naban, dean of iteration",Grzegorz Rutkowski,152,,,normal,443040.0,http://gatherer.wizards.com/Handlers/Image.ashx?multiverseid=443040&type=card,"[{'name': 'Blitz des Zauberers', 'imageUrl': 'http://gatherer.wizards.com/Handlers/Image.ashx?multiverseid=443309&type=card', 'language': 'German', 'multiverseid': 443309}, {'name': 'Rayo del hechicero', 'imageUrl': 'http://gatherer.wizards.com/Handlers/Image.ashx?multiverseid=443578&type=card', 'language': 'Spanish', 'multiverseid': 443578}, {'name': 'Éclair de sorcier', 'imageUrl': 'http://gatherer.wizards.com/Handlers/Image.ashx?multiverseid=443847&type=card', 'language': 'French', 'multiverseid': 443847}, {'name': 'Folgore dello Stregone', 'imageUrl': 'http://gatherer.wizards.com/Handlers/Image.ashx?multiverseid=444116&type=card', 'language': 'Italian', 'multiverseid': 444116}, {'name': '魔術師の稲妻', 'imageUrl': 'http://gatherer.wizards.com/Handlers/Image.ashx?multiverseid=444385&type=card', 'language': 'Japanese', 'multiverseid': 444385}, {'name': '마법사의 번개', 'imageUrl': 'http://gatherer.wizards.com/Handlers/Image.ashx?multiverseid=444654&type=card', 'language': 'Korean', 'multiverseid': 444654}, {'name': 'Relâmpago do Mago', 'imageUrl': 'http://gatherer.wizards.com/Handlers/Image.ashx?multiverseid=444923&type=card', 'language': 'Portuguese (Brazil)', 'multiverseid': 444923}, {'name': 'Чародейская Молния', 'imageUrl': 'http://gatherer.wizards.com/Handlers/Image.ashx?multiverseid=445192&type=card', 'language': 'Russian', 'multiverseid': 445192}, {'name': '法师雷击', 'imageUrl': 'http://gatherer.wizards.com/Handlers/Image.ashx?multiverseid=445461&type=card', 'language': 'Chinese Simplified', 'multiverseid': 445461}, {'name': '法師雷擊', 'imageUrl': 'http://gatherer.wizards.com/Handlers/Image.ashx?multiverseid=445730&type=card', 'language': 'Chinese Traditional', 'multiverseid': 445730}]",['DOM'],"This spell costs {2} less to cast if you control a Wizard.
Wizard's Lightning deals 3 damage to any target.",Instant,"[{'format': 'Brawl', 'legality': 'Legal'}, {'format': 'Commander', 'legality': 'Legal'}, {'format': 'Legacy', 'legality': 'Legal'}, {'format': 'Modern', 'legality': 'Legal'}, {'format': 'Vintage', 'legality': 'Legal'}]",65e112a7f18f949bedfeaadb873e9975656a2ad3,Mono-Red Aggro,"[{'date': '2018-04-27', 'text': ""Once you announce that you're casting Wizard's Lightning, no player may take other actions until the spell's been paid for. Notably, players can't try to raise the spell's cost by removing your Wizards.""}]",,,,,
