,quantity,name,manaCost,cmc,colors,colorIdentity,type,types,subtypes,rarity,set,setName,text,flavor,artist,number,power,toughness,layout,multiverseid,imageUrl,foreignNames,printings,originalText,originalType,legalities,id,Deck,rulings,watermark,supertypes,releaseDate,source
Chart a Course,2,Chart a Course,{1}{U},2,['Blue'],['U'],Sorcery,['Sorcery'],,Uncommon,XLN,Ixalan,Draw two cards. Then discard a card unless you attacked with a creature this turn.,"While other pirates prowl for treasure, Captain Parrish plunders secrets.",James Ryman,48,,,normal,435200.0,http://gatherer.wizards.com/Handlers/Image.ashx?multiverseid=435200&type=card,"[{'name': 'Den Kurs festlegen', 'imageUrl': 'http://gatherer.wizards.com/Handlers/Image.ashx?multiverseid=435499&type=card', 'language': 'German', 'multiverseid': 435499}, {'name': 'Tracer un cap', 'imageUrl': 'http://gatherer.wizards.com/Handlers/Image.ashx?multiverseid=435798&type=card', 'language': 'French', 'multiverseid': 435798}, {'name': 'Tracciare la Rotta', 'imageUrl': 'http://gatherer.wizards.com/Handlers/Image.ashx?multiverseid=436097&type=card', 'language': 'Italian', 'multiverseid': 436097}, {'name': '航路の作成', 'imageUrl': 'http://gatherer.wizards.com/Handlers/Image.ashx?multiverseid=436396&type=card', 'language': 'Japanese', 'multiverseid': 436396}, {'name': '진로 계획', 'imageUrl': 'http://gatherer.wizards.com/Handlers/Image.ashx?multiverseid=436695&type=card', 'language': 'Korean', 'multiverseid': 436695}, {'name': 'Traçar uma Rota', 'imageUrl': 'http://gatherer.wizards.com/Handlers/Image.ashx?multiverseid=436994&type=card', 'language': 'Portuguese (Brazil)', 'multiverseid': 436994}, {'name': 'Проложить Курс', 'imageUrl': 'http://gatherer.wizards.com/Handlers/Image.ashx?multiverseid=437293&type=card', 'language': 'Russian', 'multiverseid': 437293}, {'name': 'Trazar la ruta', 'imageUrl': 'http://gatherer.wizards.com/Handlers/Image.ashx?multiverseid=437592&type=card', 'language': 'Spanish', 'multiverseid': 437592}, {'name': '规划航路', 'imageUrl': 'http://gatherer.wizards.com/Handlers/Image.ashx?multiverseid=437891&type=card', 'language': 'Chinese Simplified', 'multiverseid': 437891}, {'name': '規劃航路', 'imageUrl': 'http://gatherer.wizards.com/Handlers/Image.ashx?multiverseid=438190&type=card', 'language': 'Chinese Traditional', 'multiverseid': 438190}]",['XLN'],Draw two cards. Then discard a card unless you attacked with a creature this turn.,Sorcery,"[{'format': 'Brawl', 'legality': 'Legal'}, {'format': 'Commander', 'legality': 'Legal'}, {'format': 'Legacy', 'legality': 'Legal'}, {'format': 'Modern', 'legality': 'Legal'}, {'format': 'Standard', 'legality': 'Legal'}, {'format': 'Vintage', 'legality': 'Legal'}]",adb8a102c0662ead16cf5677abe79693bfbd483d,Mono-Blue Tempo,,,,,
Curious Obsession,4,Curious Obsession,{U},1,['Blue'],['U'],Enchantment — Aura,['Enchantment'],['Aura'],Uncommon,RIX,Rivals of Ixalan,"Enchant creature
Enchanted creature gets +1/+1 and has ""Whenever this creature deals combat damage to a player, you may draw a card.""
At the beginning of your end step, if you didn't attack with a creature this turn, sacrifice Curious Obsession.",,Daniel Ljunggren,35,,,normal,439692.0,http://gatherer.wizards.com/Handlers/Image.ashx?multiverseid=439692&type=card,"[{'name': 'Zwanghafte Neugier', 'imageUrl': 'http://gatherer.wizards.com/Handlers/Image.ashx?multiverseid=439895&type=card', 'language': 'German', 'multiverseid': 439895}, {'name': 'Curiosidad obsesiva', 'imageUrl': 'http://gatherer.wizards.com/Handlers/Image.ashx?multiverseid=440098&type=card', 'language': 'Spanish', 'multiverseid': 440098}, {'name': 'Obsession curieuse', 'imageUrl': 'http://gatherer.wizards.com/Handlers/Image.ashx?multiverseid=440301&type=card', 'language': 'French', 'multiverseid': 440301}, {'name': 'Curiosa Ossessione', 'imageUrl': 'http://gatherer.wizards.com/Handlers/Image.ashx?multiverseid=440504&type=card', 'language': 'Italian', 'multiverseid': 440504}, {'name': '執着的探訪', 'imageUrl': 'http://gatherer.wizards.com/Handlers/Image.ashx?multiverseid=440707&type=card', 'language': 'Japanese', 'multiverseid': 440707}, {'name': '호기심에 대한 집착', 'imageUrl': 'http://gatherer.wizards.com/Handlers/Image.ashx?multiverseid=440910&type=card', 'language': 'Korean', 'multiverseid': 440910}, {'name': 'Obsessão Curiosa', 'imageUrl': 'http://gatherer.wizards.com/Handlers/Image.ashx?multiverseid=441113&type=card', 'language': 'Portuguese (Brazil)', 'multiverseid': 441113}, {'name': 'Пытливая Одержимость', 'imageUrl': 'http://gatherer.wizards.com/Handlers/Image.ashx?multiverseid=441316&type=card', 'language': 'Russian', 'multiverseid': 441316}, {'name': '好奇求索', 'imageUrl': 'http://gatherer.wizards.com/Handlers/Image.ashx?multiverseid=441519&type=card', 'language': 'Chinese Simplified', 'multiverseid': 441519}, {'name': '好奇求索', 'imageUrl': 'http://gatherer.wizards.com/Handlers/Image.ashx?multiverseid=441722&type=card', 'language': 'Chinese Traditional', 'multiverseid': 441722}]",['RIX'],"Enchant creature
Enchanted creature gets +1/+1 and has ""Whenever this creature deals combat damage to a player, you may draw a card.""
At the beginning of your end step, if you didn't attack with a creature this turn, sacrifice Curious Obsession.",Enchantment — Aura,"[{'format': 'Brawl', 'legality': 'Legal'}, {'format': 'Commander', 'legality': 'Legal'}, {'format': 'Legacy', 'legality': 'Legal'}, {'format': 'Modern', 'legality': 'Legal'}, {'format': 'Vintage', 'legality': 'Legal'}]",6dcdb37bb663cbb4644e2d27a0af41c67cf24dd4,Mono-Blue Tempo,"[{'date': '2018-01-19', 'text': ""Curious Obsession's last ability is satisfied if any creature has attacked, similar to raid abilities. The creature it enchants doesn't have to have attacked.""}]",,,,
Deep Freeze,2,Deep Freeze,{2}{U},3,['Blue'],['U'],Enchantment — Aura,['Enchantment'],['Aura'],Common,DOM,Dominaria,"Enchant creature
Enchanted creature has base power and toughness 0/4, has defender, loses all other abilities, and is a blue Wall in addition to its other colors and types.","For cryomancers, studying the Ice Age isn't just an academic exercise.",Svetlin Velinov,50,,,normal,442938.0,http://gatherer.wizards.com/Handlers/Image.ashx?multiverseid=442938&type=card,"[{'name': 'Froststarre', 'imageUrl': 'http://gatherer.wizards.com/Handlers/Image.ashx?multiverseid=443207&type=card', 'language': 'German', 'multiverseid': 443207}, {'name': 'Congelación total', 'imageUrl': 'http://gatherer.wizards.com/Handlers/Image.ashx?multiverseid=443476&type=card', 'language': 'Spanish', 'multiverseid': 443476}, {'name': 'Congélation', 'imageUrl': 'http://gatherer.wizards.com/Handlers/Image.ashx?multiverseid=443745&type=card', 'language': 'French', 'multiverseid': 443745}, {'name': 'Gelo Profondo', 'imageUrl': 'http://gatherer.wizards.com/Handlers/Image.ashx?multiverseid=444014&type=card', 'language': 'Italian', 'multiverseid': 444014}, {'name': '氷結', 'imageUrl': 'http://gatherer.wizards.com/Handlers/Image.ashx?multiverseid=444283&type=card', 'language': 'Japanese', 'multiverseid': 444283}, {'name': '급속 냉동', 'imageUrl': 'http://gatherer.wizards.com/Handlers/Image.ashx?multiverseid=444552&type=card', 'language': 'Korean', 'multiverseid': 444552}, {'name': 'Congelamento Profundo', 'imageUrl': 'http://gatherer.wizards.com/Handlers/Image.ashx?multiverseid=444821&type=card', 'language': 'Portuguese (Brazil)', 'multiverseid': 444821}, {'name': 'Глубокая Заморозка', 'imageUrl': 'http://gatherer.wizards.com/Handlers/Image.ashx?multiverseid=445090&type=card', 'language': 'Russian', 'multiverseid': 445090}, {'name': '急冻深寒', 'imageUrl': 'http://gatherer.wizards.com/Handlers/Image.ashx?multiverseid=445359&type=card', 'language': 'Chinese Simplified', 'multiverseid': 445359}, {'name': '急凍深寒', 'imageUrl': 'http://gatherer.wizards.com/Handlers/Image.ashx?multiverseid=445628&type=card', 'language': 'Chinese Traditional', 'multiverseid': 445628}]",['DOM'],"Enchant creature
Enchanted creature has base power and toughness 0/4, has defender, loses all other abilities, and is a blue Wall in addition to its other colors and types.",Enchantment — Aura,"[{'format': 'Brawl', 'legality': 'Legal'}, {'format': 'Commander', 'legality': 'Legal'}, {'format': 'Legacy', 'legality': 'Legal'}, {'format': 'Modern', 'legality': 'Legal'}, {'format': 'Vintage', 'legality': 'Legal'}]",337f36d106a1b7c0eea2df52990ece7e5276f188,Mono-Blue Tempo,"[{'date': '2018-04-27', 'text': ""Deep Freeze overwrites all previous effects that set the creature's base power and toughness to specific values. Any power- or toughness-setting effects that start to apply after the ability resolves will overwrite this effect.""}, {'date': '2018-04-27', 'text': ""Effects that modify a creature's power and/or toughness, such as the effect of Titanic Growth, will apply to the creature no matter when they started to take effect. The same is true for any counters that change its power and/or toughness and effects that switch its power and toughness.""}, {'date': '2018-04-27', 'text': ""If the enchanted creature has an ability that grants abilities to other objects, Deep Freeze's effect will stop it from doing so. If the enchanted creature gains an ability after Deep Freeze resolves, it will keep that ability.""}]",,,,
Diamond Mare,2,Diamond Mare,{2},2,,,Artifact Creature — Horse,"['Artifact', 'Creature']",['Horse'],Uncommon,M19,Core Set 2019,"As Diamond Mare enters the battlefield, choose a color.
Whenever you cast a spell of the chosen color, you gain 1 life.","When it passes, rainbows follow.",Alayna Danner,231,1,3,normal,447368.0,http://gatherer.wizards.com/Handlers/Image.ashx?multiverseid=447368&type=card,"[{'name': 'Diamantross', 'imageUrl': 'http://gatherer.wizards.com/Handlers/Image.ashx?multiverseid=447649&type=card', 'language': 'German', 'multiverseid': 447649}, {'name': 'Corcel del diamante', 'imageUrl': 'http://gatherer.wizards.com/Handlers/Image.ashx?multiverseid=447930&type=card', 'language': 'Spanish', 'multiverseid': 447930}, {'name': 'Jument du diamant', 'imageUrl': 'http://gatherer.wizards.com/Handlers/Image.ashx?multiverseid=448211&type=card', 'language': 'French', 'multiverseid': 448211}, {'name': 'Destriero di Diamante', 'imageUrl': 'http://gatherer.wizards.com/Handlers/Image.ashx?multiverseid=448492&type=card', 'language': 'Italian', 'multiverseid': 448492}, {'name': '金剛牝馬', 'imageUrl': 'http://gatherer.wizards.com/Handlers/Image.ashx?multiverseid=448773&type=card', 'language': 'Japanese', 'multiverseid': 448773}, {'name': '다이아몬드 암말', 'imageUrl': 'http://gatherer.wizards.com/Handlers/Image.ashx?multiverseid=449054&type=card', 'language': 'Korean', 'multiverseid': 449054}, {'name': 'Égua de Diamante', 'imageUrl': 'http://gatherer.wizards.com/Handlers/Image.ashx?multiverseid=449335&type=card', 'language': 'Portuguese (Brazil)', 'multiverseid': 449335}, {'name': 'Кобылица Сияния', 'imageUrl': 'http://gatherer.wizards.com/Handlers/Image.ashx?multiverseid=449616&type=card', 'language': 'Russian', 'multiverseid': 449616}, {'name': '晶钻牝马', 'imageUrl': 'http://gatherer.wizards.com/Handlers/Image.ashx?multiverseid=449897&type=card', 'language': 'Chinese Simplified', 'multiverseid': 449897}, {'name': '晶鑽牝馬', 'imageUrl': 'http://gatherer.wizards.com/Handlers/Image.ashx?multiverseid=450178&type=card', 'language': 'Chinese Traditional', 'multiverseid': 450178}]",['M19'],"As Diamond Mare enters the battlefield, choose a color.
Whenever you cast a spell of the chosen color, you gain 1 life.",Artifact Creature — Horse,"[{'format': 'Brawl', 'legality': 'Legal'}, {'format': 'Commander', 'legality': 'Legal'}, {'format': 'Legacy', 'legality': 'Legal'}, {'format': 'Modern', 'legality': 'Legal'}, {'format': 'Vintage', 'legality': 'Legal'}]",7ede4e59750b284acacd85abbc222d758240eaab,Mono-Blue Tempo,,,,,
Dive Down,4,Dive Down,{U},1,['Blue'],['U'],Instant,['Instant'],,Common,XLN,Ixalan,Target creature you control gets +0/+3 and gains hexproof until end of turn. (It can't be the target of spells or abilities your opponents control.),"""Seeing the river is not the same as seeing the fish.""",Magali Villeneuve,53,,,normal,435205.0,http://gatherer.wizards.com/Handlers/Image.ashx?multiverseid=435205&type=card,"[{'name': 'Abtauchen', 'imageUrl': 'http://gatherer.wizards.com/Handlers/Image.ashx?multiverseid=435504&type=card', 'language': 'German', 'multiverseid': 435504}, {'name': 'Plongée', 'imageUrl': 'http://gatherer.wizards.com/Handlers/Image.ashx?multiverseid=435803&type=card', 'language': 'French', 'multiverseid': 435803}, {'name': 'Immergersi', 'imageUrl': 'http://gatherer.wizards.com/Handlers/Image.ashx?multiverseid=436102&type=card', 'language': 'Italian', 'multiverseid': 436102}, {'name': '潜水', 'imageUrl': 'http://gatherer.wizards.com/Handlers/Image.ashx?multiverseid=436401&type=card', 'language': 'Japanese', 'multiverseid': 436401}, {'name': '잠수', 'imageUrl': 'http://gatherer.wizards.com/Handlers/Image.ashx?multiverseid=436700&type=card', 'language': 'Korean', 'multiverseid': 436700}, {'name': 'Mergulhar', 'imageUrl': 'http://gatherer.wizards.com/Handlers/Image.ashx?multiverseid=436999&type=card', 'language': 'Portuguese (Brazil)', 'multiverseid': 436999}, {'name': 'Погружение Вглубь', 'imageUrl': 'http://gatherer.wizards.com/Handlers/Image.ashx?multiverseid=437298&type=card', 'language': 'Russian', 'multiverseid': 437298}, {'name': 'Sumergirse', 'imageUrl': 'http://gatherer.wizards.com/Handlers/Image.ashx?multiverseid=437597&type=card', 'language': 'Spanish', 'multiverseid': 437597}, {'name': '深潜', 'imageUrl': 'http://gatherer.wizards.com/Handlers/Image.ashx?multiverseid=437896&type=card', 'language': 'Chinese Simplified', 'multiverseid': 437896}, {'name': '深潛', 'imageUrl': 'http://gatherer.wizards.com/Handlers/Image.ashx?multiverseid=438195&type=card', 'language': 'Chinese Traditional', 'multiverseid': 438195}]",['XLN'],Target creature you control gets +0/+3 and gains hexproof until end of turn. (It can't be the target of spells or abilities your opponents control.),Instant,"[{'format': 'Brawl', 'legality': 'Legal'}, {'format': 'Commander', 'legality': 'Legal'}, {'format': 'Legacy', 'legality': 'Legal'}, {'format': 'Modern', 'legality': 'Legal'}, {'format': 'Standard', 'legality': 'Legal'}, {'format': 'Vintage', 'legality': 'Legal'}]",422d95822a23777b5d94436db978f81978a8cc34,Mono-Blue Tempo,,,,,
Essence Scatter,1,Essence Scatter,{1}{U},2,['Blue'],['U'],Instant,['Instant'],,Common,DDT,Duel Decks: Merfolk vs. Goblins,Counter target creature spell.,"""What you attempt to pull from the aether, I can spread onto the wind.""
—Jace Beleren",Jon Foster,6,,,normal,438446.0,http://gatherer.wizards.com/Handlers/Image.ashx?multiverseid=438446&type=card,"[{'name': '本質の散乱', 'imageUrl': 'http://gatherer.wizards.com/Handlers/Image.ashx?multiverseid=438509&type=card', 'language': 'Japanese', 'multiverseid': 438509}]","['M10', 'DPA', 'M13', 'M14', 'AKH', 'DDT', 'M19']",Counter target creature spell.,Instant,"[{'format': 'Brawl', 'legality': 'Legal'}, {'format': 'Commander', 'legality': 'Legal'}, {'format': 'Legacy', 'legality': 'Legal'}, {'format': 'Modern', 'legality': 'Legal'}, {'format': 'Standard', 'legality': 'Legal'}, {'format': 'Vintage', 'legality': 'Legal'}]",a6d555885bb35bdcfee879e5be1c2b6b132e7fbb,Mono-Blue Tempo,"[{'date': '2009-10-01', 'text': 'A ""creature spell"" is any spell with the type creature, even if it has other types such as artifact or enchantment. Older cards of type summon are also creature spells.'}]",,,,
Exclusion Mage,2,Exclusion Mage,{2}{U},3,['Blue'],['U'],Creature — Human Wizard,['Creature'],"['Human', 'Wizard']",Uncommon,M19,Core Set 2019,"When Exclusion Mage enters the battlefield, return target creature an opponent controls to its owner's hand.",Successful battles start with knowing who's worth fighting.,Chris Seaman,55,2,2,normal,447191.0,http://gatherer.wizards.com/Handlers/Image.ashx?multiverseid=447191&type=card,"[{'name': 'Vertreibungsmagierin', 'imageUrl': 'http://gatherer.wizards.com/Handlers/Image.ashx?multiverseid=447472&type=card', 'language': 'German', 'multiverseid': 447472}, {'name': 'Maga de exclusión', 'imageUrl': 'http://gatherer.wizards.com/Handlers/Image.ashx?multiverseid=447753&type=card', 'language': 'Spanish', 'multiverseid': 447753}, {'name': ""Mage d'exclusion"", 'imageUrl': 'http://gatherer.wizards.com/Handlers/Image.ashx?multiverseid=448034&type=card', 'language': 'French', 'multiverseid': 448034}, {'name': ""Maga dell'Esclusione"", 'imageUrl': 'http://gatherer.wizards.com/Handlers/Image.ashx?multiverseid=448315&type=card', 'language': 'Italian', 'multiverseid': 448315}, {'name': '排斥する魔道士', 'imageUrl': 'http://gatherer.wizards.com/Handlers/Image.ashx?multiverseid=448596&type=card', 'language': 'Japanese', 'multiverseid': 448596}, {'name': '축출 마도사', 'imageUrl': 'http://gatherer.wizards.com/Handlers/Image.ashx?multiverseid=448877&type=card', 'language': 'Korean', 'multiverseid': 448877}, {'name': 'Maga da Exclusão', 'imageUrl': 'http://gatherer.wizards.com/Handlers/Image.ashx?multiverseid=449158&type=card', 'language': 'Portuguese (Brazil)', 'multiverseid': 449158}, {'name': 'Маг Исключений', 'imageUrl': 'http://gatherer.wizards.com/Handlers/Image.ashx?multiverseid=449439&type=card', 'language': 'Russian', 'multiverseid': 449439}, {'name': '排拒法师', 'imageUrl': 'http://gatherer.wizards.com/Handlers/Image.ashx?multiverseid=449720&type=card', 'language': 'Chinese Simplified', 'multiverseid': 449720}, {'name': '排拒法師', 'imageUrl': 'http://gatherer.wizards.com/Handlers/Image.ashx?multiverseid=450001&type=card', 'language': 'Chinese Traditional', 'multiverseid': 450001}]",['M19'],"When Exclusion Mage enters the battlefield, return target creature an opponent controls to its owner's hand.",Creature — Human Wizard,"[{'format': 'Brawl', 'legality': 'Legal'}, {'format': 'Commander', 'legality': 'Legal'}, {'format': 'Legacy', 'legality': 'Legal'}, {'format': 'Modern', 'legality': 'Legal'}, {'format': 'Vintage', 'legality': 'Legal'}]",9e2709c72c90d7eeddda476ce01f2f87f0eacbbd,Mono-Blue Tempo,,,,,
Island,20,Island,,0,,['U'],Basic Land — Island,['Land'],['Island'],Basic Land,UST,Unstable,,,John Avon,213,,,normal,439602.0,http://gatherer.wizards.com/Handlers/Image.ashx?multiverseid=439602&type=card,,"['LEA', 'LEB', '2ED', 'CED', 'CEI', '3ED', '4ED', 'ICE', 'RQS', 'pARL', 'MIR', 'ITP', '5ED', 'POR', 'TMP', 'pJGP', 'PO2', 'UGL', 'pALP', 'USG', '6ED', 'PTK', 'pGRU', 'S99', 'MMQ', 'BRB', 'pELP', 'S00', 'BTD', 'INV', '7ED', 'ODY', 'ONS', '8ED', 'MRD', 'CHK', 'UNH', '9ED', 'RAV', 'CST', 'TSP', '10E', 'MED', 'LRW', 'SHM', 'ALA', 'DD2', 'M10', 'HOP', 'ME3', 'ZEN', 'H09', 'DDE', 'ROE', 'DPA', 'ARC', 'M11', 'DDF', 'SOM', 'MBS', 'NPH', 'CMD', 'M12', 'DDH', 'ISD', 'DDI', 'AVR', 'PC2', 'M13', 'DDJ', 'RTR', 'M14', 'THS', 'C13', 'DDM', 'M15', 'DDN', 'KTK', 'C14', 'DD3_JVC', 'FRF', 'DDO', 'DTK', 'TPR', 'ORI', 'BFZ', 'C15', 'DDQ', 'SOI', 'KLD', 'C16', 'PCA', 'DDS', 'AKH', 'CMA', 'E01', 'HOU', 'C17', 'XLN', 'DDT', 'UST', 'RIX', 'DDU', 'DOM', 'BBD', 'CM2', 'GS1', 'M19', 'C18']",,Basic Land — Island,"[{'format': 'Brawl', 'legality': 'Legal'}, {'format': 'Commander', 'legality': 'Legal'}, {'format': 'Legacy', 'legality': 'Legal'}, {'format': 'Modern', 'legality': 'Legal'}, {'format': 'Standard', 'legality': 'Legal'}, {'format': 'Vintage', 'legality': 'Legal'}]",c745293c1f00ec9a2f78155322b74dc85ec4f3cb,Mono-Blue Tempo,,Blue,['Basic'],,
Merfolk Trickster,4,Merfolk Trickster,{U}{U},2,['Blue'],['U'],Creature — Merfolk Wizard,['Creature'],"['Merfolk', 'Wizard']",Uncommon,DOM,Dominaria,"Flash
When Merfolk Trickster enters the battlefield, tap target creature an opponent controls. It loses all abilities until end of turn.","Saved from destruction by one planeswalker's sacrifice, the Eliterate colony forswore the taking of life.",Jesper Ejsing,56,2,2,normal,442944.0,http://gatherer.wizards.com/Handlers/Image.ashx?multiverseid=442944&type=card,"[{'name': 'Meervolk-Gaunerin', 'imageUrl': 'http://gatherer.wizards.com/Handlers/Image.ashx?multiverseid=443213&type=card', 'language': 'German', 'multiverseid': 443213}, {'name': 'Embaucadora tritón', 'imageUrl': 'http://gatherer.wizards.com/Handlers/Image.ashx?multiverseid=443482&type=card', 'language': 'Spanish', 'multiverseid': 443482}, {'name': 'Escroc ondin', 'imageUrl': 'http://gatherer.wizards.com/Handlers/Image.ashx?multiverseid=443751&type=card', 'language': 'French', 'multiverseid': 443751}, {'name': 'Tritona Insidiosa', 'imageUrl': 'http://gatherer.wizards.com/Handlers/Image.ashx?multiverseid=444020&type=card', 'language': 'Italian', 'multiverseid': 444020}, {'name': 'マーフォークのペテン師', 'imageUrl': 'http://gatherer.wizards.com/Handlers/Image.ashx?multiverseid=444289&type=card', 'language': 'Japanese', 'multiverseid': 444289}, {'name': '인어 사기꾼', 'imageUrl': 'http://gatherer.wizards.com/Handlers/Image.ashx?multiverseid=444558&type=card', 'language': 'Korean', 'multiverseid': 444558}, {'name': 'Trapaceira Tritã', 'imageUrl': 'http://gatherer.wizards.com/Handlers/Image.ashx?multiverseid=444827&type=card', 'language': 'Portuguese (Brazil)', 'multiverseid': 444827}, {'name': 'Мерфолк-Проказница', 'imageUrl': 'http://gatherer.wizards.com/Handlers/Image.ashx?multiverseid=445096&type=card', 'language': 'Russian', 'multiverseid': 445096}, {'name': '人鱼诈术师', 'imageUrl': 'http://gatherer.wizards.com/Handlers/Image.ashx?multiverseid=445365&type=card', 'language': 'Chinese Simplified', 'multiverseid': 445365}, {'name': '人魚詐術師', 'imageUrl': 'http://gatherer.wizards.com/Handlers/Image.ashx?multiverseid=445634&type=card', 'language': 'Chinese Traditional', 'multiverseid': 445634}]",['DOM'],"Flash
When Merfolk Trickster enters the battlefield, tap target creature an opponent controls. It loses all abilities until end of turn.",Creature — Merfolk Wizard,"[{'format': 'Brawl', 'legality': 'Legal'}, {'format': 'Commander', 'legality': 'Legal'}, {'format': 'Legacy', 'legality': 'Legal'}, {'format': 'Modern', 'legality': 'Legal'}, {'format': 'Vintage', 'legality': 'Legal'}]",3b0d0f38bc3c52493cc9f36776f75eb416b08f20,Mono-Blue Tempo,"[{'date': '2018-04-27', 'text': ""Once you announce that you're casting a spell or activating an ability, no player may take other actions until the spell or ability has been paid for. Notably, players can't try to remove a permanent's activated abilities to stop them from happening. Once activated, the ability on the stack will resolve even if the creature loses the ability.""}, {'date': '2018-04-27', 'text': 'If the target creature has an ability that triggers when it becomes tapped, that ability triggers before it loses all abilities.'}, {'date': '2018-04-27', 'text': ""If the target creature has power and toughness written as */* with an ability that defines its power and toughness, it's 0/0 when it loses all abilities. If its power and toughness are written as */*+1, it's 0/1, and so on.""}]",,,,
Mist-Cloaked Herald,4,Mist-Cloaked Herald,{U},1,['Blue'],['U'],Creature — Merfolk Warrior,['Creature'],"['Merfolk', 'Warrior']",Common,RIX,Rivals of Ixalan,Mist-Cloaked Herald can't be blocked.,"With matchless stealth, the River Heralds fought a running battle against the three enemy forces.",Anthony Palumbo,43,1,1,normal,439700.0,http://gatherer.wizards.com/Handlers/Image.ashx?multiverseid=439700&type=card,"[{'name': 'Nebelschleier-Heroldin', 'imageUrl': 'http://gatherer.wizards.com/Handlers/Image.ashx?multiverseid=439903&type=card', 'language': 'German', 'multiverseid': 439903}, {'name': 'Heraldo capa de niebla', 'imageUrl': 'http://gatherer.wizards.com/Handlers/Image.ashx?multiverseid=440106&type=card', 'language': 'Spanish', 'multiverseid': 440106}, {'name': ""Héraut à l'habit de brume"", 'imageUrl': 'http://gatherer.wizards.com/Handlers/Image.ashx?multiverseid=440309&type=card', 'language': 'French', 'multiverseid': 440309}, {'name': 'Araldo dal Manto di Bruma', 'imageUrl': 'http://gatherer.wizards.com/Handlers/Image.ashx?multiverseid=440512&type=card', 'language': 'Italian', 'multiverseid': 440512}, {'name': '霧まといの川守り', 'imageUrl': 'http://gatherer.wizards.com/Handlers/Image.ashx?multiverseid=440715&type=card', 'language': 'Japanese', 'multiverseid': 440715}, {'name': '안개를 두른 전령', 'imageUrl': 'http://gatherer.wizards.com/Handlers/Image.ashx?multiverseid=440918&type=card', 'language': 'Korean', 'multiverseid': 440918}, {'name': 'Arauta do Manto de Bruma', 'imageUrl': 'http://gatherer.wizards.com/Handlers/Image.ashx?multiverseid=441121&type=card', 'language': 'Portuguese (Brazil)', 'multiverseid': 441121}, {'name': 'Укрытая Туманом Вестница', 'imageUrl': 'http://gatherer.wizards.com/Handlers/Image.ashx?multiverseid=441324&type=card', 'language': 'Russian', 'multiverseid': 441324}, {'name': '雾隐传令', 'imageUrl': 'http://gatherer.wizards.com/Handlers/Image.ashx?multiverseid=441527&type=card', 'language': 'Chinese Simplified', 'multiverseid': 441527}, {'name': '霧隱傳令', 'imageUrl': 'http://gatherer.wizards.com/Handlers/Image.ashx?multiverseid=441730&type=card', 'language': 'Chinese Traditional', 'multiverseid': 441730}]","['RIX', 'M19']",Mist-Cloaked Herald can't be blocked.,Creature — Merfolk Warrior,"[{'format': 'Brawl', 'legality': 'Legal'}, {'format': 'Commander', 'legality': 'Legal'}, {'format': 'Legacy', 'legality': 'Legal'}, {'format': 'Modern', 'legality': 'Legal'}, {'format': 'Vintage', 'legality': 'Legal'}]",07561e4ea85b27d84d7ecb7e11ba86634ca22617,Mono-Blue Tempo,,,,,
Negate,2,Negate,{1}{U},2,['Blue'],['U'],Instant,['Instant'],,Special,pMPR,Magic Player Rewards,Counter target noncreature spell.,,Ralph Horsley,38,,,normal,,,"[{'name': '失效', 'language': 'Chinese Simplified'}, {'name': '失效', 'language': 'Chinese Traditional'}, {'name': 'Négation', 'language': 'French'}, {'name': 'Negieren', 'language': 'German'}, {'name': 'Negare', 'language': 'Italian'}, {'name': '否認', 'language': 'Japanese'}, {'name': '부인', 'language': 'Korean'}, {'name': 'Negar', 'language': 'Portuguese (Brazil)'}, {'name': 'Отвергнуть', 'language': 'Russian'}, {'name': 'Negar', 'language': 'Spanish'}]","['pMPR', 'MOR', 'M10', 'DPA', 'M11', 'M12', 'M13', 'M14', 'M15', 'DTK', 'ORI', 'OGW', 'CN2', 'AER']",,,"[{'format': 'Battle for Zendikar Block', 'legality': 'Legal'}, {'format': 'Commander', 'legality': 'Legal'}, {'format': 'Kaladesh Block', 'legality': 'Legal'}, {'format': 'Khans of Tarkir Block', 'legality': 'Legal'}, {'format': 'Legacy', 'legality': 'Legal'}, {'format': 'Lorwyn-Shadowmoor Block', 'legality': 'Legal'}, {'format': 'Modern', 'legality': 'Legal'}, {'format': 'Standard', 'legality': 'Legal'}, {'format': 'Vintage', 'legality': 'Legal'}]",9e112a6b0873fadb26fbfe8bd60b6e3d71b04f2c,Mono-Blue Tempo,"[{'date': '2009-10-01', 'text': 'A ""creature spell"" is any spell with the type creature, even if it has other types such as artifact or enchantment. Older cards of type summon are also creature spells.'}]",,,2009,Magic Player Rewards program reward
Opt,4,Optical Optimizer,,0,,,Artifact — Contraption,['Artifact'],['Contraption'],Uncommon,UST,Unstable,"Whenever you crank Optical Optimizer, until end of turn, target creature becomes an artifact in addition to its other types and gains ""{T}: Draw a card.""",,Jason Felix,197,,,normal,439586.0,http://gatherer.wizards.com/Handlers/Image.ashx?multiverseid=439586&type=card,,['UST'],"Whenever you crank Optical Optimizer, until end of turn, target creature becomes an artifact in addition to its other types and gains ""{T}: Draw a card.""",Artifact — Contraption,,be9420da2b8d14f99b987c9e88247da1077443fc,Mono-Blue Tempo,"[{'date': '2018-01-19', 'text': 'Contraptions are artifacts. Anything that interacts with artifacts will interact with Contraptions.'}, {'date': '2018-01-19', 'text': ""Contraptions aren't put into your main deck. They go into a separate deck called the Contraption deck.""}, {'date': '2018-01-19', 'text': 'In Constructed formats, a Contraption deck must have at least fifteen different Contraption cards and no more than one of each.'}, {'date': '2018-01-19', 'text': ""In Limited formats, a Contraption deck may include any number of Contraption cards in your card pool. You don't have to include every Contraption card you draft or open in sealed deck. In those formats, your Contraption deck may include duplicates.""}, {'date': '2018-01-19', 'text': 'In silver-bordered games using Contraptions, you have three sprockets, illustrated on the back of Contraption cards. At the start of the game, put a CRANK! counter on sprocket 3.'}, {'date': '2018-01-19', 'text': 'While Contraptions you control are on the battlefield, the Contraption deck is not, even if you are using it to signify the three sprockets.'}, {'date': '2018-01-19', 'text': 'If you or a permanent you control are instructed to assemble a Contraption, reveal the top card of your Contraption deck. Put it onto the battlefield on one of the three sprockets.'}, {'date': '2018-01-19', 'text': 'At the beginning of your upkeep, if you control any Contraptions, move the CRANK! counter to the next sprocket. You may then crank any number of Contraptions on that sprocket, causing their abilities to trigger. Cranking a Contraption is always optional.'}, {'date': '2018-01-19', 'text': 'If you crank multiple Contraptions, their abilities can be put onto the stack in any order. The ability put onto the stack will resolve first.'}, {'date': '2018-01-19', 'text': ""If a Contraption would leave the battlefield and go to any zone other than exile, it instead goes to the scrapyard, the Contraption deck's version of the graveyard. Things that affect the graveyard do not affect the scrapyard. You can exile Contraptions just fine.""}, {'date': '2018-01-19', 'text': ""If you or a permanent you control assembles a Contraption and your Contraption deck is empty, nothing happens. You don't lose the game.""}, {'date': '2018-01-19', 'text': ""Any Contraption that's on the battlefield and wasn't assembled immediately heads to the scrapyard. However, if it's a not an actual Contraption card (like Copy Artifact isn't), it goes to your graveyard as normal. Non-Contraption cards can't be in the scrapyard.""}]",Order of the Widget,,,
Selective Snare,1,Selective Snare,{X}{U},1,['Blue'],['U'],Sorcery,['Sorcery'],,Uncommon,GRN,Guilds of Ravnica,Return X target creatures of the creature type of your choice to their owner's hand.,"""How thoughtful of the Legion to train its soldiers to fit our spell's specifications.""
—Nefara, Dimir agent",Alex Konstad,53,,,normal,452803.0,http://gatherer.wizards.com/Handlers/Image.ashx?multiverseid=452803&type=card,"[{'name': 'Selektive Falle', 'imageUrl': 'http://gatherer.wizards.com/Handlers/Image.ashx?multiverseid=453062&type=card', 'language': 'German', 'multiverseid': 453062}, {'name': 'Trampa selectiva', 'imageUrl': 'http://gatherer.wizards.com/Handlers/Image.ashx?multiverseid=453321&type=card', 'language': 'Spanish', 'multiverseid': 453321}, {'name': 'Collet sélectif', 'imageUrl': 'http://gatherer.wizards.com/Handlers/Image.ashx?multiverseid=453580&type=card', 'language': 'French', 'multiverseid': 453580}, {'name': 'Trappola Selettiva', 'imageUrl': 'http://gatherer.wizards.com/Handlers/Image.ashx?multiverseid=453839&type=card', 'language': 'Italian', 'multiverseid': 453839}, {'name': '選択的な罠', 'imageUrl': 'http://gatherer.wizards.com/Handlers/Image.ashx?multiverseid=454098&type=card', 'language': 'Japanese', 'multiverseid': 454098}, {'name': '선택적 올가미', 'imageUrl': 'http://gatherer.wizards.com/Handlers/Image.ashx?multiverseid=454357&type=card', 'language': 'Korean', 'multiverseid': 454357}, {'name': 'Armadilha Seletiva', 'imageUrl': 'http://gatherer.wizards.com/Handlers/Image.ashx?multiverseid=454616&type=card', 'language': 'Portuguese (Brazil)', 'multiverseid': 454616}, {'name': 'Избирательные Силки', 'imageUrl': 'http://gatherer.wizards.com/Handlers/Image.ashx?multiverseid=454875&type=card', 'language': 'Russian', 'multiverseid': 454875}, {'name': '拣择性圈套', 'imageUrl': 'http://gatherer.wizards.com/Handlers/Image.ashx?multiverseid=455134&type=card', 'language': 'Chinese Simplified', 'multiverseid': 455134}, {'name': '揀擇性圈套', 'imageUrl': 'http://gatherer.wizards.com/Handlers/Image.ashx?multiverseid=455393&type=card', 'language': 'Chinese Traditional', 'multiverseid': 455393}]",['GRN'],Return X target creatures of the creature type of your choice to their owner's hand.,Sorcery,,e3b9e1c99fc39b0036f61cc46ca11306fdc9555a,Mono-Blue Tempo,"[{'date': '2018-10-05', 'text': 'To choose a creature type, you must choose an existing creature type, such as Vampire or Knight. You can\'t choose multiple creature types, such as ""Vampire Knight,"" but choosing ""Vampire"" is enough to allow you to target a Vampire Knight. Card types such as artifact can\'t be chosen; nor can supertypes such as legendary; nor can subtypes that aren\'t creature types, such as Jace, Vehicle, or Treasure.'}]",,,,
Sentinel Totem,1,Sentinel Totem,{1},1,,,Artifact,['Artifact'],,Uncommon,XLN,Ixalan,"When Sentinel Totem enters the battlefield, scry 1. (Look at the top card of your library. You may put that card on the bottom of your library.)
{T}, Exile Sentinel Totem: Exile all cards from all graveyards.",,Anthony Palumbo,245,,,normal,435404.0,http://gatherer.wizards.com/Handlers/Image.ashx?multiverseid=435404&type=card,"[{'name': 'Wächtertotem', 'imageUrl': 'http://gatherer.wizards.com/Handlers/Image.ashx?multiverseid=435703&type=card', 'language': 'German', 'multiverseid': 435703}, {'name': 'Totem sentinelle', 'imageUrl': 'http://gatherer.wizards.com/Handlers/Image.ashx?multiverseid=436002&type=card', 'language': 'French', 'multiverseid': 436002}, {'name': 'Sentinella Totemica', 'imageUrl': 'http://gatherer.wizards.com/Handlers/Image.ashx?multiverseid=436301&type=card', 'language': 'Italian', 'multiverseid': 436301}, {'name': '歩哨のトーテム像', 'imageUrl': 'http://gatherer.wizards.com/Handlers/Image.ashx?multiverseid=436600&type=card', 'language': 'Japanese', 'multiverseid': 436600}, {'name': '보초 토템', 'imageUrl': 'http://gatherer.wizards.com/Handlers/Image.ashx?multiverseid=436899&type=card', 'language': 'Korean', 'multiverseid': 436899}, {'name': 'Totem Sentinela', 'imageUrl': 'http://gatherer.wizards.com/Handlers/Image.ashx?multiverseid=437198&type=card', 'language': 'Portuguese (Brazil)', 'multiverseid': 437198}, {'name': 'Сторожевой Тотем', 'imageUrl': 'http://gatherer.wizards.com/Handlers/Image.ashx?multiverseid=437497&type=card', 'language': 'Russian', 'multiverseid': 437497}, {'name': 'Tótem centinela', 'imageUrl': 'http://gatherer.wizards.com/Handlers/Image.ashx?multiverseid=437796&type=card', 'language': 'Spanish', 'multiverseid': 437796}, {'name': '哨戒图腾像', 'imageUrl': 'http://gatherer.wizards.com/Handlers/Image.ashx?multiverseid=438095&type=card', 'language': 'Chinese Simplified', 'multiverseid': 438095}, {'name': '哨戒圖騰像', 'imageUrl': 'http://gatherer.wizards.com/Handlers/Image.ashx?multiverseid=438394&type=card', 'language': 'Chinese Traditional', 'multiverseid': 438394}]",['XLN'],"When Sentinel Totem enters the battlefield, scry 1. (Look at the top card of your library. You may put that card on the bottom of your library.)
{T}, Exile Sentinel Totem: Exile all cards from all graveyards.",Artifact,"[{'format': 'Brawl', 'legality': 'Legal'}, {'format': 'Commander', 'legality': 'Legal'}, {'format': 'Legacy', 'legality': 'Legal'}, {'format': 'Modern', 'legality': 'Legal'}, {'format': 'Standard', 'legality': 'Legal'}, {'format': 'Vintage', 'legality': 'Legal'}]",d8a46cdc0a1c5ccc1d1c5ab24b59759a1c72428b,Mono-Blue Tempo,,,,,
Siren Stormtamer,4,Siren Stormtamer,{U},1,['Blue'],['U'],Creature — Siren Pirate Wizard,['Creature'],"['Siren', 'Pirate', 'Wizard']",Uncommon,XLN,Ixalan,"Flying
{U}, Sacrifice Siren Stormtamer: Counter target spell or ability that targets you or a creature you control.",He's the calm that hides the coming storm.,Josu Hernaiz,79,1,1,normal,435232.0,http://gatherer.wizards.com/Handlers/Image.ashx?multiverseid=435232&type=card,"[{'name': 'Sirenen-Sturmbändiger', 'imageUrl': 'http://gatherer.wizards.com/Handlers/Image.ashx?multiverseid=435531&type=card', 'language': 'German', 'multiverseid': 435531}, {'name': 'Sirène dompte-tempête', 'imageUrl': 'http://gatherer.wizards.com/Handlers/Image.ashx?multiverseid=435830&type=card', 'language': 'French', 'multiverseid': 435830}, {'name': 'Sirenide Domatempeste', 'imageUrl': 'http://gatherer.wizards.com/Handlers/Image.ashx?multiverseid=436129&type=card', 'language': 'Italian', 'multiverseid': 436129}, {'name': 'セイレーンの嵐鎮め', 'imageUrl': 'http://gatherer.wizards.com/Handlers/Image.ashx?multiverseid=436428&type=card', 'language': 'Japanese', 'multiverseid': 436428}, {'name': '세이렌 폭풍조련사', 'imageUrl': 'http://gatherer.wizards.com/Handlers/Image.ashx?multiverseid=436727&type=card', 'language': 'Korean', 'multiverseid': 436727}, {'name': 'Domador de Tempestades Sireno', 'imageUrl': 'http://gatherer.wizards.com/Handlers/Image.ashx?multiverseid=437026&type=card', 'language': 'Portuguese (Brazil)', 'multiverseid': 437026}, {'name': 'Ревун, Укротитель Бурь', 'imageUrl': 'http://gatherer.wizards.com/Handlers/Image.ashx?multiverseid=437325&type=card', 'language': 'Russian', 'multiverseid': 437325}, {'name': 'Sirena domatormentas', 'imageUrl': 'http://gatherer.wizards.com/Handlers/Image.ashx?multiverseid=437624&type=card', 'language': 'Spanish', 'multiverseid': 437624}, {'name': '息暴塞连', 'imageUrl': 'http://gatherer.wizards.com/Handlers/Image.ashx?multiverseid=437923&type=card', 'language': 'Chinese Simplified', 'multiverseid': 437923}, {'name': '息暴塞連', 'imageUrl': 'http://gatherer.wizards.com/Handlers/Image.ashx?multiverseid=438222&type=card', 'language': 'Chinese Traditional', 'multiverseid': 438222}]",['XLN'],"Flying
{U}, Sacrifice Siren Stormtamer: Counter target spell or ability that targets you or a creature you control.",Creature — Siren Pirate Wizard,"[{'format': 'Brawl', 'legality': 'Legal'}, {'format': 'Commander', 'legality': 'Legal'}, {'format': 'Legacy', 'legality': 'Legal'}, {'format': 'Modern', 'legality': 'Legal'}, {'format': 'Standard', 'legality': 'Legal'}, {'format': 'Vintage', 'legality': 'Legal'}]",0fa56aa93744fe3c46c8e6ebf65c35d7f324edc7,Mono-Blue Tempo,"[{'date': '2017-09-29', 'text': ""Siren Stormtamer's activated ability can target a spell or ability that has multiple targets, as long as at least one of those targets is you or a creature you control.""}]",,,,
Sleep,1,"Kongming, ""Sleeping Dragon""",{2}{W}{W},4,['White'],['W'],Legendary Creature — Human Advisor,['Creature'],"['Human', 'Advisor']",Rare,PTK,Portal Three Kingdoms,Other creatures you control get +1/+1.,"""Such a lord as this—all virtues' height—
Had never been, nor ever was again.""",Gao Yan,9,2,2,normal,10490.0,http://gatherer.wizards.com/Handlers/Image.ashx?multiverseid=10490&type=card,,"['PTK', 'ME3', 'C13', 'VMA', 'A25']",All your other creatures get +1/+1 as long as Kongming is in play.,Creature — Legend,"[{'format': 'Commander', 'legality': 'Legal'}, {'format': 'Legacy', 'legality': 'Legal'}, {'format': 'Vintage', 'legality': 'Legal'}]",958ac3e6f1fe20b8242376d30ba3434400995a08,Mono-Blue Tempo,,,['Legendary'],,
Spell Pierce,2,Spell Pierce,{U},1,['Blue'],['U'],Instant,['Instant'],,Common,MM3,Modern Masters 2017 Edition,Counter target noncreature spell unless its controller pays {2}.,"""There's a hole in your plan.""
—Noyan Dar, Tazeem lullmage",Vance Kovacs,51,,,normal,425876.0,http://gatherer.wizards.com/Handlers/Image.ashx?multiverseid=425876&type=card,"[{'name': '点破咒语', 'imageUrl': 'http://gatherer.wizards.com/Handlers/Image.ashx?multiverseid=426125&type=card', 'language': 'Chinese Simplified', 'multiverseid': 426125}, {'name': '呪文貫き', 'imageUrl': 'http://gatherer.wizards.com/Handlers/Image.ashx?multiverseid=426374&type=card', 'language': 'Japanese', 'multiverseid': 426374}]","['ZEN', 'MM3', 'MPS_AKH', 'XLN']",Counter target noncreature spell unless its controller pays {2}.,Instant,"[{'format': 'Brawl', 'legality': 'Legal'}, {'format': 'Commander', 'legality': 'Legal'}, {'format': 'Legacy', 'legality': 'Legal'}, {'format': 'Modern', 'legality': 'Legal'}, {'format': 'Standard', 'legality': 'Legal'}, {'format': 'Vintage', 'legality': 'Legal'}]",716a6bd20052429b2f0930268ef8c9d1b5ba5d2a,Mono-Blue Tempo,,,,,
Syncopate,3,Syncopate,{X}{U},1,['Blue'],['U'],Instant,['Instant'],,Uncommon,RTR,Return to Ravnica,"Counter target spell unless its controller pays {X}. If that spell is countered this way, exile it instead of putting it into its owner's graveyard.","""Patience, mage. Killing you now would be too easy.""",Clint Cearley,54,,,normal,270369.0,http://gatherer.wizards.com/Handlers/Image.ashx?multiverseid=270369&type=card,"[{'name': 'Синкопа', 'imageUrl': 'http://gatherer.wizards.com/Handlers/Image.ashx?multiverseid=355242&type=card', 'language': 'Russian', 'multiverseid': 355242}, {'name': '切分', 'imageUrl': 'http://gatherer.wizards.com/Handlers/Image.ashx?multiverseid=355516&type=card', 'language': 'Chinese Traditional', 'multiverseid': 355516}, {'name': 'Unterbinden', 'imageUrl': 'http://gatherer.wizards.com/Handlers/Image.ashx?multiverseid=355790&type=card', 'language': 'German', 'multiverseid': 355790}, {'name': 'Syncope', 'imageUrl': 'http://gatherer.wizards.com/Handlers/Image.ashx?multiverseid=356064&type=card', 'language': 'French', 'multiverseid': 356064}, {'name': 'Sincopare', 'imageUrl': 'http://gatherer.wizards.com/Handlers/Image.ashx?multiverseid=356338&type=card', 'language': 'Italian', 'multiverseid': 356338}, {'name': '中略', 'imageUrl': 'http://gatherer.wizards.com/Handlers/Image.ashx?multiverseid=356612&type=card', 'language': 'Japanese', 'multiverseid': 356612}, {'name': 'Sincopar', 'imageUrl': 'http://gatherer.wizards.com/Handlers/Image.ashx?multiverseid=356886&type=card', 'language': 'Portuguese (Brazil)', 'multiverseid': 356886}, {'name': '切分', 'imageUrl': 'http://gatherer.wizards.com/Handlers/Image.ashx?multiverseid=357160&type=card', 'language': 'Chinese Simplified', 'multiverseid': 357160}, {'name': '중략', 'imageUrl': 'http://gatherer.wizards.com/Handlers/Image.ashx?multiverseid=357434&type=card', 'language': 'Korean', 'multiverseid': 357434}, {'name': 'Sincopar', 'imageUrl': 'http://gatherer.wizards.com/Handlers/Image.ashx?multiverseid=365512&type=card', 'language': 'Spanish', 'multiverseid': 365512}]","['ODY', 'RTR', 'DOM']","Counter target spell unless its controller pays {X}. If that spell is countered this way, exile it instead of putting it into its owner's graveyard.",Instant,"[{'format': 'Brawl', 'legality': 'Legal'}, {'format': 'Commander', 'legality': 'Legal'}, {'format': 'Legacy', 'legality': 'Legal'}, {'format': 'Modern', 'legality': 'Legal'}, {'format': 'Vintage', 'legality': 'Legal'}]",abe58908a6c8f4654e9f1bce1c468062f54e0d2e,Mono-Blue Tempo,,,,,
Tempest Djinn,4,Tempest Djinn,{U}{U}{U},3,['Blue'],['U'],Creature — Djinn,['Creature'],['Djinn'],Rare,DOM,Dominaria,"Flying
Tempest Djinn gets +1/+0 for each basic Island you control.","The first to arrive on Dominaria from their distant home, the marids are the oldest tribe of djinn and the most respected by storm and sea.",Zezhou Chen,68,0,4,normal,442956.0,http://gatherer.wizards.com/Handlers/Image.ashx?multiverseid=442956&type=card,"[{'name': 'Sturmwind-Dschinn', 'imageUrl': 'http://gatherer.wizards.com/Handlers/Image.ashx?multiverseid=443225&type=card', 'language': 'German', 'multiverseid': 443225}, {'name': 'Djinn de la tempestad', 'imageUrl': 'http://gatherer.wizards.com/Handlers/Image.ashx?multiverseid=443494&type=card', 'language': 'Spanish', 'multiverseid': 443494}, {'name': 'Djinn des tempêtes', 'imageUrl': 'http://gatherer.wizards.com/Handlers/Image.ashx?multiverseid=443763&type=card', 'language': 'French', 'multiverseid': 443763}, {'name': 'Genio delle Tempeste', 'imageUrl': 'http://gatherer.wizards.com/Handlers/Image.ashx?multiverseid=444032&type=card', 'language': 'Italian', 'multiverseid': 444032}, {'name': '大嵐のジン', 'imageUrl': 'http://gatherer.wizards.com/Handlers/Image.ashx?multiverseid=444301&type=card', 'language': 'Japanese', 'multiverseid': 444301}, {'name': '폭풍우 지니', 'imageUrl': 'http://gatherer.wizards.com/Handlers/Image.ashx?multiverseid=444570&type=card', 'language': 'Korean', 'multiverseid': 444570}, {'name': 'Gênio da Tempestade', 'imageUrl': 'http://gatherer.wizards.com/Handlers/Image.ashx?multiverseid=444839&type=card', 'language': 'Portuguese (Brazil)', 'multiverseid': 444839}, {'name': 'Джинн Бури', 'imageUrl': 'http://gatherer.wizards.com/Handlers/Image.ashx?multiverseid=445108&type=card', 'language': 'Russian', 'multiverseid': 445108}, {'name': '暴风雨巨灵', 'imageUrl': 'http://gatherer.wizards.com/Handlers/Image.ashx?multiverseid=445377&type=card', 'language': 'Chinese Simplified', 'multiverseid': 445377}, {'name': '暴風雨巨靈', 'imageUrl': 'http://gatherer.wizards.com/Handlers/Image.ashx?multiverseid=445646&type=card', 'language': 'Chinese Traditional', 'multiverseid': 445646}]",['DOM'],"Flying
Tempest Djinn gets +1/+0 for each basic Island you control.",Creature — Djinn,"[{'format': 'Brawl', 'legality': 'Legal'}, {'format': 'Commander', 'legality': 'Legal'}, {'format': 'Legacy', 'legality': 'Legal'}, {'format': 'Modern', 'legality': 'Legal'}, {'format': 'Vintage', 'legality': 'Legal'}]",af8a61ba3b4927a40211222f1ac688aabffecc0e,Mono-Blue Tempo,"[{'date': '2018-04-27', 'text': ""Tempest Djinn's ability that modifies its power applies only while it's on the battlefield. In all other zones, it's a 0/4 creature card.""}]",,,,
Warkite Marauder,2,Warkite Marauder,{1}{U},2,['Blue'],['U'],Creature — Human Pirate,['Creature'],"['Human', 'Pirate']",Rare,RIX,Rivals of Ixalan,"Flying
Whenever Warkite Marauder attacks, target creature defending player controls loses all abilities and has base power and toughness 0/1 until end of turn.",,Victor Adame Minguez,60,2,1,normal,439717.0,http://gatherer.wizards.com/Handlers/Image.ashx?multiverseid=439717&type=card,"[{'name': 'Kriegsgleiter-Marodeurin', 'imageUrl': 'http://gatherer.wizards.com/Handlers/Image.ashx?multiverseid=439920&type=card', 'language': 'German', 'multiverseid': 439920}, {'name': 'Merodeadora cometabélica', 'imageUrl': 'http://gatherer.wizards.com/Handlers/Image.ashx?multiverseid=440123&type=card', 'language': 'Spanish', 'multiverseid': 440123}, {'name': 'Maraudeuse à voile volante de guerre', 'imageUrl': 'http://gatherer.wizards.com/Handlers/Image.ashx?multiverseid=440326&type=card', 'language': 'French', 'multiverseid': 440326}, {'name': ""Predatrice dell'Aquilone da Guerra"", 'imageUrl': 'http://gatherer.wizards.com/Handlers/Image.ashx?multiverseid=440529&type=card', 'language': 'Italian', 'multiverseid': 440529}, {'name': '戦凧の匪賊', 'imageUrl': 'http://gatherer.wizards.com/Handlers/Image.ashx?multiverseid=440732&type=card', 'language': 'Japanese', 'multiverseid': 440732}, {'name': '전쟁연 약탈자', 'imageUrl': 'http://gatherer.wizards.com/Handlers/Image.ashx?multiverseid=440935&type=card', 'language': 'Korean', 'multiverseid': 440935}, {'name': 'Saqueador do Aeroveleiro Bélico', 'imageUrl': 'http://gatherer.wizards.com/Handlers/Image.ashx?multiverseid=441138&type=card', 'language': 'Portuguese (Brazil)', 'multiverseid': 441138}, {'name': 'Мародер с Боевым Змеем', 'imageUrl': 'http://gatherer.wizards.com/Handlers/Image.ashx?multiverseid=441341&type=card', 'language': 'Russian', 'multiverseid': 441341}, {'name': '战筝劫掠者', 'imageUrl': 'http://gatherer.wizards.com/Handlers/Image.ashx?multiverseid=441544&type=card', 'language': 'Chinese Simplified', 'multiverseid': 441544}, {'name': '戰箏劫掠者', 'imageUrl': 'http://gatherer.wizards.com/Handlers/Image.ashx?multiverseid=441747&type=card', 'language': 'Chinese Traditional', 'multiverseid': 441747}]",['RIX'],"Flying
Whenever Warkite Marauder attacks, target creature defending player controls loses all abilities and has base power and toughness 0/1 until end of turn.",Creature — Human Pirate,"[{'format': 'Brawl', 'legality': 'Legal'}, {'format': 'Commander', 'legality': 'Legal'}, {'format': 'Legacy', 'legality': 'Legal'}, {'format': 'Modern', 'legality': 'Legal'}, {'format': 'Vintage', 'legality': 'Legal'}]",9b911212bef4298602ebd24ee7f2cd7ee4066655,Mono-Blue Tempo,"[{'date': '2018-01-19', 'text': ""Warkite Marauder's ability overwrites all previous effects that set the creature's base power and toughness to specific values. Any power- or toughness-setting effects that start to apply after the ability resolves will overwrite this effect.""}, {'date': '2018-01-19', 'text': ""If the affected creature gains an ability after Warkite Marauder's ability resolves, it will keep that ability. If the affected creature has an ability that grants abilities to other objects, Warkite Marauder's effect will stop it from doing so.""}, {'date': '2018-01-19', 'text': ""Effects that modify a creature's power and/or toughness, such as the effect of Titanic Growth, will apply to the creature no matter when they started to take effect. The same is true for any counters that change its power and/or toughness and effects that switch its power and toughness.""}]",,,,
Wizard's Retort,4,Wizard's Retort,{1}{U}{U},3,['Blue'],['U'],Instant,['Instant'],,Uncommon,DOM,Dominaria,"This spell costs {1} less to cast if you control a Wizard.
Counter target spell.","""The second mage learned to dissipate blasts of lightning. Threat and response: thus did the study of magic progress.""
—Naban, dean of iteration",Grzegorz Rutkowski,75,,,normal,442963.0,http://gatherer.wizards.com/Handlers/Image.ashx?multiverseid=442963&type=card,"[{'name': 'Replik des Zauberers', 'imageUrl': 'http://gatherer.wizards.com/Handlers/Image.ashx?multiverseid=443232&type=card', 'language': 'German', 'multiverseid': 443232}, {'name': 'Respuesta del hechicero', 'imageUrl': 'http://gatherer.wizards.com/Handlers/Image.ashx?multiverseid=443501&type=card', 'language': 'Spanish', 'multiverseid': 443501}, {'name': 'Riposte de sorcier', 'imageUrl': 'http://gatherer.wizards.com/Handlers/Image.ashx?multiverseid=443770&type=card', 'language': 'French', 'multiverseid': 443770}, {'name': 'Rivalsa dello Stregone', 'imageUrl': 'http://gatherer.wizards.com/Handlers/Image.ashx?multiverseid=444039&type=card', 'language': 'Italian', 'multiverseid': 444039}, {'name': '魔術師の反駁', 'imageUrl': 'http://gatherer.wizards.com/Handlers/Image.ashx?multiverseid=444308&type=card', 'language': 'Japanese', 'multiverseid': 444308}, {'name': '마법사의 반박', 'imageUrl': 'http://gatherer.wizards.com/Handlers/Image.ashx?multiverseid=444577&type=card', 'language': 'Korean', 'multiverseid': 444577}, {'name': 'Contradita do Mago', 'imageUrl': 'http://gatherer.wizards.com/Handlers/Image.ashx?multiverseid=444846&type=card', 'language': 'Portuguese (Brazil)', 'multiverseid': 444846}, {'name': 'Чародейский Отпор', 'imageUrl': 'http://gatherer.wizards.com/Handlers/Image.ashx?multiverseid=445115&type=card', 'language': 'Russian', 'multiverseid': 445115}, {'name': '法师驳击', 'imageUrl': 'http://gatherer.wizards.com/Handlers/Image.ashx?multiverseid=445384&type=card', 'language': 'Chinese Simplified', 'multiverseid': 445384}, {'name': '法師駁擊', 'imageUrl': 'http://gatherer.wizards.com/Handlers/Image.ashx?multiverseid=445653&type=card', 'language': 'Chinese Traditional', 'multiverseid': 445653}]",['DOM'],"This spell costs {1} less to cast if you control a Wizard.
Counter target spell.",Instant,"[{'format': 'Brawl', 'legality': 'Legal'}, {'format': 'Commander', 'legality': 'Legal'}, {'format': 'Legacy', 'legality': 'Legal'}, {'format': 'Modern', 'legality': 'Legal'}, {'format': 'Vintage', 'legality': 'Legal'}]",28b3ad39e60deaac5ab661f74b9e62d721b8b743,Mono-Blue Tempo,"[{'date': '2018-04-27', 'text': ""Once you announce that you're casting Wizard's Retort, no player may take other actions until the spell's been paid for. Notably, players can't try to raise the spell's cost by removing your Wizards.""}]",,,,
