,quantity,name,manaCost,cmc,colors,colorIdentity,type,types,subtypes,rarity,set,setName,text,artist,number,power,toughness,layout,multiverseid,imageUrl,foreignNames,printings,originalText,originalType,legalities,id,Deck,supertypes,flavor,watermark,rulings,loyalty,names
Adanto Vanguard,4,Adanto Vanguard,{1}{W},2,['White'],['W'],Creature — Vampire Soldier,['Creature'],"['Vampire', 'Soldier']",Uncommon,XLN,Ixalan,"As long as Adanto Vanguard is attacking, it gets +2/+0.
Pay 4 life: Adanto Vanguard gains indestructible until end of turn. (Damage and effects that say ""destroy"" don't destroy it.)",Anna Steinbauer,1,1,1,normal,435152,http://gatherer.wizards.com/Handlers/Image.ashx?multiverseid=435152&type=card,"[{'name': 'Adanto-Vorhut', 'imageUrl': 'http://gatherer.wizards.com/Handlers/Image.ashx?multiverseid=435451&type=card', 'language': 'German', 'multiverseid': 435451}, {'name': ""Avant-garde d'Adanto"", 'imageUrl': 'http://gatherer.wizards.com/Handlers/Image.ashx?multiverseid=435750&type=card', 'language': 'French', 'multiverseid': 435750}, {'name': 'Avanguardia di Adanto', 'imageUrl': 'http://gatherer.wizards.com/Handlers/Image.ashx?multiverseid=436049&type=card', 'language': 'Italian', 'multiverseid': 436049}, {'name': 'アダントの先兵', 'imageUrl': 'http://gatherer.wizards.com/Handlers/Image.ashx?multiverseid=436348&type=card', 'language': 'Japanese', 'multiverseid': 436348}, {'name': '아단토 선봉대', 'imageUrl': 'http://gatherer.wizards.com/Handlers/Image.ashx?multiverseid=436647&type=card', 'language': 'Korean', 'multiverseid': 436647}, {'name': 'Vanguarda de Adanto', 'imageUrl': 'http://gatherer.wizards.com/Handlers/Image.ashx?multiverseid=436946&type=card', 'language': 'Portuguese (Brazil)', 'multiverseid': 436946}, {'name': 'Авангард Аданто', 'imageUrl': 'http://gatherer.wizards.com/Handlers/Image.ashx?multiverseid=437245&type=card', 'language': 'Russian', 'multiverseid': 437245}, {'name': 'Vanguardia de Adanto', 'imageUrl': 'http://gatherer.wizards.com/Handlers/Image.ashx?multiverseid=437544&type=card', 'language': 'Spanish', 'multiverseid': 437544}, {'name': '艾唐托先锋', 'imageUrl': 'http://gatherer.wizards.com/Handlers/Image.ashx?multiverseid=437843&type=card', 'language': 'Chinese Simplified', 'multiverseid': 437843}, {'name': '艾唐托先鋒', 'imageUrl': 'http://gatherer.wizards.com/Handlers/Image.ashx?multiverseid=438142&type=card', 'language': 'Chinese Traditional', 'multiverseid': 438142}]",['XLN'],"As long as Adanto Vanguard is attacking, it gets +2/+0.
Pay 4 life: Adanto Vanguard gains indestructible until end of turn. (Damage and effects that say ""destroy"" don't destroy it.)",Creature — Vampire Soldier,"[{'format': 'Brawl', 'legality': 'Legal'}, {'format': 'Commander', 'legality': 'Legal'}, {'format': 'Legacy', 'legality': 'Legal'}, {'format': 'Modern', 'legality': 'Legal'}, {'format': 'Standard', 'legality': 'Legal'}, {'format': 'Vintage', 'legality': 'Legal'}]",ccbc0aca09ec754dd5dc97081315dfdff1748132,Selesnya Tokens,,,,,,
"Ajani, Adversary of Tyrants",1,"Ajani, Adversary of Tyrants",{2}{W}{W},4,['White'],['W'],Legendary Planeswalker — Ajani,['Planeswalker'],['Ajani'],Mythic Rare,M19,Core Set 2019,"+1: Put a +1/+1 counter on each of up to two target creatures.
−2: Return target creature card with converted mana cost 2 or less from your graveyard to the battlefield.
−7: You get an emblem with ""At the beginning of your end step, create three 1/1 white Cat creature tokens with lifelink.""",Victor Adame Minguez,3,,,normal,447139,http://gatherer.wizards.com/Handlers/Image.ashx?multiverseid=447139&type=card,"[{'name': 'Ajani, Widersacher der Tyrannen', 'imageUrl': 'http://gatherer.wizards.com/Handlers/Image.ashx?multiverseid=447420&type=card', 'language': 'German', 'multiverseid': 447420}, {'name': 'Ajani, antagonista de tiranos', 'imageUrl': 'http://gatherer.wizards.com/Handlers/Image.ashx?multiverseid=447701&type=card', 'language': 'Spanish', 'multiverseid': 447701}, {'name': 'Ajani, adversaire des tyrans', 'imageUrl': 'http://gatherer.wizards.com/Handlers/Image.ashx?multiverseid=447982&type=card', 'language': 'French', 'multiverseid': 447982}, {'name': 'Ajani, Avversario dei Tiranni', 'imageUrl': 'http://gatherer.wizards.com/Handlers/Image.ashx?multiverseid=448263&type=card', 'language': 'Italian', 'multiverseid': 448263}, {'name': '暴君への敵対者、アジャニ', 'imageUrl': 'http://gatherer.wizards.com/Handlers/Image.ashx?multiverseid=448544&type=card', 'language': 'Japanese', 'multiverseid': 448544}, {'name': '폭군의 적, 아자니', 'imageUrl': 'http://gatherer.wizards.com/Handlers/Image.ashx?multiverseid=448825&type=card', 'language': 'Korean', 'multiverseid': 448825}, {'name': 'Ajani, Adversário dos Tiranos', 'imageUrl': 'http://gatherer.wizards.com/Handlers/Image.ashx?multiverseid=449106&type=card', 'language': 'Portuguese (Brazil)', 'multiverseid': 449106}, {'name': 'Аджани, Противник Тиранов', 'imageUrl': 'http://gatherer.wizards.com/Handlers/Image.ashx?multiverseid=449387&type=card', 'language': 'Russian', 'multiverseid': 449387}, {'name': '抗暴阿耶尼', 'imageUrl': 'http://gatherer.wizards.com/Handlers/Image.ashx?multiverseid=449668&type=card', 'language': 'Chinese Simplified', 'multiverseid': 449668}, {'name': '抗暴阿耶尼', 'imageUrl': 'http://gatherer.wizards.com/Handlers/Image.ashx?multiverseid=449949&type=card', 'language': 'Chinese Traditional', 'multiverseid': 449949}]",['M19'],"+1: Put a +1/+1 counter on each of up to two target creatures.
−2: Return target creature card with converted mana cost 2 or less from your graveyard to the battlefield.
−7: You get an emblem with ""At the beginning of your end step, create three 1/1 white Cat creature tokens with lifelink.""",Legendary Planeswalker — Ajani,"[{'format': 'Brawl', 'legality': 'Legal'}, {'format': 'Commander', 'legality': 'Legal'}, {'format': 'Legacy', 'legality': 'Legal'}, {'format': 'Modern', 'legality': 'Legal'}, {'format': 'Vintage', 'legality': 'Legal'}]",1688e5395725934bcbe6c72c74472fcb9ac8d655,Selesnya Tokens,['Legendary'],,,"[{'date': '2018-07-13', 'text': 'If a card in your graveyard has {X} in its mana cost, X is considered to be 0.'}]",4.0,
Arch of Orazca,1,Arch of Orazca,,0,,,Land,['Land'],,Rare,RIX,Rivals of Ixalan,"Ascend (If you control ten or more permanents, you get the city's blessing for the rest of the game.)
{T}: Add {C}.
{5}, {T}: Draw a card. Activate this ability only if you have the city's blessing.",Titus Lunter,185,,,normal,439849,http://gatherer.wizards.com/Handlers/Image.ashx?multiverseid=439849&type=card,"[{'name': 'Torbogen von Orazca', 'imageUrl': 'http://gatherer.wizards.com/Handlers/Image.ashx?multiverseid=440052&type=card', 'language': 'German', 'multiverseid': 440052}, {'name': 'Arco de Orazca', 'imageUrl': 'http://gatherer.wizards.com/Handlers/Image.ashx?multiverseid=440255&type=card', 'language': 'Spanish', 'multiverseid': 440255}, {'name': ""Arche d'Orazca"", 'imageUrl': 'http://gatherer.wizards.com/Handlers/Image.ashx?multiverseid=440458&type=card', 'language': 'French', 'multiverseid': 440458}, {'name': 'Arco di Orazca', 'imageUrl': 'http://gatherer.wizards.com/Handlers/Image.ashx?multiverseid=440661&type=card', 'language': 'Italian', 'multiverseid': 440661}, {'name': 'オラーズカの拱門', 'imageUrl': 'http://gatherer.wizards.com/Handlers/Image.ashx?multiverseid=440864&type=card', 'language': 'Japanese', 'multiverseid': 440864}, {'name': '오라즈카의 아치', 'imageUrl': 'http://gatherer.wizards.com/Handlers/Image.ashx?multiverseid=441067&type=card', 'language': 'Korean', 'multiverseid': 441067}, {'name': 'Arco de Orazca', 'imageUrl': 'http://gatherer.wizards.com/Handlers/Image.ashx?multiverseid=441270&type=card', 'language': 'Portuguese (Brazil)', 'multiverseid': 441270}, {'name': 'Арка Ораски', 'imageUrl': 'http://gatherer.wizards.com/Handlers/Image.ashx?multiverseid=441473&type=card', 'language': 'Russian', 'multiverseid': 441473}, {'name': '欧拉兹卡拱门', 'imageUrl': 'http://gatherer.wizards.com/Handlers/Image.ashx?multiverseid=441676&type=card', 'language': 'Chinese Simplified', 'multiverseid': 441676}, {'name': '歐拉茲卡拱門', 'imageUrl': 'http://gatherer.wizards.com/Handlers/Image.ashx?multiverseid=441879&type=card', 'language': 'Chinese Traditional', 'multiverseid': 441879}]",['RIX'],"Ascend (If you control ten or more permanents, you get the city's blessing for the rest of the game.)
{T}: Add {C} to your mana pool.
{5}, {T}: Draw a card. Activate this ability only if you have the city's blessing.",Land,"[{'format': 'Brawl', 'legality': 'Legal'}, {'format': 'Commander', 'legality': 'Legal'}, {'format': 'Legacy', 'legality': 'Legal'}, {'format': 'Modern', 'legality': 'Legal'}, {'format': 'Vintage', 'legality': 'Legal'}]",c4a5e2bddc7250171a2b37dfc8208214a37919f3,Selesnya Tokens,,,,"[{'date': '2018-01-19', 'text': ""Once you have the city's blessing, you have it for the rest of the game, even if you lose control of some or all of your permanents. The city's blessing isn't a permanent itself and can't be removed by any effect.""}, {'date': '2018-01-19', 'text': ""A permanent is any object on the battlefield, including tokens and lands. Spells and emblems aren't permanents.""}, {'date': '2018-01-19', 'text': ""If you cast a spell with ascend, you don't get the city's blessing until it resolves. Players may respond to that spell by trying to change whether you get the city's blessing.""}, {'date': '2018-01-19', 'text': ""If you control ten permanents but don't control a permanent or resolving spell with ascend, you don't get the city's blessing. For example, if you control ten permanents, lose control of one, then cast Golden Demise, you won't have the city's blessing and the spell will affect creatures you control.""}, {'date': '2018-01-19', 'text': 'If your tenth permanent enters the battlefield and then a permanent leaves the battlefield immediately afterwards (most likely due to the ""Legend Rule"" or due to being a creature with 0 toughness), you get the city\'s blessing before it leaves the battlefield.'}, {'date': '2018-01-19', 'text': ""Ascend on a permanent isn't a triggered ability and doesn't use the stack. Players can respond to a spell that will give you your tenth permanent, but they can't respond to getting the city's blessing once you control that tenth permanent. This means that if your tenth permanent is a land you play, players can't respond before you get the city's blessing.""}]",,
Baffling End,3,Baffling End,{1}{W},2,['White'],['W'],Enchantment,['Enchantment'],,Uncommon,RIX,Rivals of Ixalan,"When Baffling End enters the battlefield, exile target creature an opponent controls with converted mana cost 3 or less.
When Baffling End leaves the battlefield, target opponent creates a 3/3 green Dinosaur creature token with trample.",Mathias Kollros,1,,,normal,439658,http://gatherer.wizards.com/Handlers/Image.ashx?multiverseid=439658&type=card,"[{'name': 'Rätselhaftes Ende', 'imageUrl': 'http://gatherer.wizards.com/Handlers/Image.ashx?multiverseid=439861&type=card', 'language': 'German', 'multiverseid': 439861}, {'name': 'Final incomprensible', 'imageUrl': 'http://gatherer.wizards.com/Handlers/Image.ashx?multiverseid=440064&type=card', 'language': 'Spanish', 'multiverseid': 440064}, {'name': 'Fin déconcertante', 'imageUrl': 'http://gatherer.wizards.com/Handlers/Image.ashx?multiverseid=440267&type=card', 'language': 'French', 'multiverseid': 440267}, {'name': 'Fine Sconcertante', 'imageUrl': 'http://gatherer.wizards.com/Handlers/Image.ashx?multiverseid=440470&type=card', 'language': 'Italian', 'multiverseid': 440470}, {'name': '不可解な終焉', 'imageUrl': 'http://gatherer.wizards.com/Handlers/Image.ashx?multiverseid=440673&type=card', 'language': 'Japanese', 'multiverseid': 440673}, {'name': '당황스러운 결말', 'imageUrl': 'http://gatherer.wizards.com/Handlers/Image.ashx?multiverseid=440876&type=card', 'language': 'Korean', 'multiverseid': 440876}, {'name': 'Fim Desconcertante', 'imageUrl': 'http://gatherer.wizards.com/Handlers/Image.ashx?multiverseid=441079&type=card', 'language': 'Portuguese (Brazil)', 'multiverseid': 441079}, {'name': 'Тревожный Исход', 'imageUrl': 'http://gatherer.wizards.com/Handlers/Image.ashx?multiverseid=441282&type=card', 'language': 'Russian', 'multiverseid': 441282}, {'name': '不知所终', 'imageUrl': 'http://gatherer.wizards.com/Handlers/Image.ashx?multiverseid=441485&type=card', 'language': 'Chinese Simplified', 'multiverseid': 441485}, {'name': '不知所終', 'imageUrl': 'http://gatherer.wizards.com/Handlers/Image.ashx?multiverseid=441688&type=card', 'language': 'Chinese Traditional', 'multiverseid': 441688}]",['RIX'],"When Baffling End enters the battlefield, exile target creature an opponent controls with converted mana cost 3 or less.
When Baffling End leaves the battlefield, target opponent creates a 3/3 green Dinosaur creature token with trample.",Enchantment,"[{'format': 'Brawl', 'legality': 'Legal'}, {'format': 'Commander', 'legality': 'Legal'}, {'format': 'Legacy', 'legality': 'Legal'}, {'format': 'Modern', 'legality': 'Legal'}, {'format': 'Vintage', 'legality': 'Legal'}]",56f1ce954141e316edd1ea017ec47b7defa367e5,Selesnya Tokens,,,,"[{'date': '2018-01-19', 'text': ""While Baffling End's two abilities are flavorfully related, they are independent. If the first ability doesn't resolve (perhaps because the target gained hexproof), the second will still create a Dinosaur token when Baffling End leaves the battlefield.""}, {'date': '2018-01-19', 'text': ""In a multiplayer game, the target opponent who creates a Dinosaur token doesn't have to be the same one whose creature was exiled.""}]",,
Citywide Bust,1,Citywide Bust,{1}{W}{W},3,['White'],['W'],Sorcery,['Sorcery'],,Rare,GRN,Guilds of Ravnica,Destroy all creatures with toughness 4 or greater.,Victor Adame Minguez,4,,,normal,452754,http://gatherer.wizards.com/Handlers/Image.ashx?multiverseid=452754&type=card,"[{'name': 'Stadtweite Razzia', 'imageUrl': 'http://gatherer.wizards.com/Handlers/Image.ashx?multiverseid=453013&type=card', 'language': 'German', 'multiverseid': 453013}, {'name': 'Redada en la ciudad', 'imageUrl': 'http://gatherer.wizards.com/Handlers/Image.ashx?multiverseid=453272&type=card', 'language': 'Spanish', 'multiverseid': 453272}, {'name': 'Coup de filet en ville', 'imageUrl': 'http://gatherer.wizards.com/Handlers/Image.ashx?multiverseid=453531&type=card', 'language': 'French', 'multiverseid': 453531}, {'name': 'Retata in Città', 'imageUrl': 'http://gatherer.wizards.com/Handlers/Image.ashx?multiverseid=453790&type=card', 'language': 'Italian', 'multiverseid': 453790}, {'name': '一斉検挙', 'imageUrl': 'http://gatherer.wizards.com/Handlers/Image.ashx?multiverseid=454049&type=card', 'language': 'Japanese', 'multiverseid': 454049}, {'name': '전 도시 불시단속', 'imageUrl': 'http://gatherer.wizards.com/Handlers/Image.ashx?multiverseid=454308&type=card', 'language': 'Korean', 'multiverseid': 454308}, {'name': 'Operação Urbana', 'imageUrl': 'http://gatherer.wizards.com/Handlers/Image.ashx?multiverseid=454567&type=card', 'language': 'Portuguese (Brazil)', 'multiverseid': 454567}, {'name': 'Городская Облава', 'imageUrl': 'http://gatherer.wizards.com/Handlers/Image.ashx?multiverseid=454826&type=card', 'language': 'Russian', 'multiverseid': 454826}, {'name': '全城拘捕', 'imageUrl': 'http://gatherer.wizards.com/Handlers/Image.ashx?multiverseid=455085&type=card', 'language': 'Chinese Simplified', 'multiverseid': 455085}, {'name': '全城拘捕', 'imageUrl': 'http://gatherer.wizards.com/Handlers/Image.ashx?multiverseid=455344&type=card', 'language': 'Chinese Traditional', 'multiverseid': 455344}]",['GRN'],Destroy all creatures with toughness 4 or greater.,Sorcery,,435d8dec0903635014597294dee648af6826b8d8,Selesnya Tokens,,"""Oh, you fellas are going to love the lockup. Excellent gruel. Very low ceilings.""
—Libuse, Boros sergeant",,,,
Conclave Tribunal,4,Conclave Tribunal,{3}{W},4,['White'],['W'],Enchantment,['Enchantment'],,Uncommon,GRN,Guilds of Ravnica,"Convoke (Your creatures can help cast this spell. Each creature you tap while casting this spell pays for {1} or one mana of that creature's color.)
When Conclave Tribunal enters the battlefield, exile target nonland permanent an opponent controls until Conclave Tribunal leaves the battlefield.",Seb McKinnon,6,,,normal,452756,http://gatherer.wizards.com/Handlers/Image.ashx?multiverseid=452756&type=card,"[{'name': 'Tribunal des Konklaves', 'imageUrl': 'http://gatherer.wizards.com/Handlers/Image.ashx?multiverseid=453015&type=card', 'language': 'German', 'multiverseid': 453015}, {'name': 'Tribunal del Cónclave', 'imageUrl': 'http://gatherer.wizards.com/Handlers/Image.ashx?multiverseid=453274&type=card', 'language': 'Spanish', 'multiverseid': 453274}, {'name': 'Tribunal du Conclave', 'imageUrl': 'http://gatherer.wizards.com/Handlers/Image.ashx?multiverseid=453533&type=card', 'language': 'French', 'multiverseid': 453533}, {'name': 'Tribunale del Conclave', 'imageUrl': 'http://gatherer.wizards.com/Handlers/Image.ashx?multiverseid=453792&type=card', 'language': 'Italian', 'multiverseid': 453792}, {'name': '議事会の裁き', 'imageUrl': 'http://gatherer.wizards.com/Handlers/Image.ashx?multiverseid=454051&type=card', 'language': 'Japanese', 'multiverseid': 454051}, {'name': '교단 재판소', 'imageUrl': 'http://gatherer.wizards.com/Handlers/Image.ashx?multiverseid=454310&type=card', 'language': 'Korean', 'multiverseid': 454310}, {'name': 'Tribunal do Conclave', 'imageUrl': 'http://gatherer.wizards.com/Handlers/Image.ashx?multiverseid=454569&type=card', 'language': 'Portuguese (Brazil)', 'multiverseid': 454569}, {'name': 'Трибунал Конклава', 'imageUrl': 'http://gatherer.wizards.com/Handlers/Image.ashx?multiverseid=454828&type=card', 'language': 'Russian', 'multiverseid': 454828}, {'name': '盟会裁定', 'imageUrl': 'http://gatherer.wizards.com/Handlers/Image.ashx?multiverseid=455087&type=card', 'language': 'Chinese Simplified', 'multiverseid': 455087}, {'name': '盟會裁定', 'imageUrl': 'http://gatherer.wizards.com/Handlers/Image.ashx?multiverseid=455346&type=card', 'language': 'Chinese Traditional', 'multiverseid': 455346}]",['GRN'],"Convoke <i>(Your creatures can help cast this spell. Each creature you tap while casting this spell pays for {1} or one mana of that creature's color.)</i>
When Conclave Tribunal enters the battlefield, exile target nonland permanent an opponent controls until Conclave Tribunal leaves the battlefield.",Enchantment,,f7af6ee1becbcac65ec44eb2b4714c4bbc88b298,Selesnya Tokens,,,Selesnya,"[{'date': '2018-10-05', 'text': ""If Conclave Tribunal leaves the battlefield before its triggered ability resolves, the target permanent won't be exiled.""}, {'date': '2018-10-05', 'text': ""Auras attached to the exiled permanent will be put into their owners' graveyards. Any Equipment will become unattached and remain on the battlefield. Any counters on the exiled permanent will cease to exist. When the card returns to the battlefield, it will be a new object with no connection to the card that was exiled.""}, {'date': '2018-10-05', 'text': ""If a token is exiled this way, it will cease to exist and won't return to the battlefield.""}, {'date': '2018-10-05', 'text': ""You can tap an untapped creature you haven't controlled continuously since the beginning of your most recent turn to convoke a spell.""}, {'date': '2018-10-05', 'text': ""Convoke doesn't change a spell's mana cost or converted mana cost.""}, {'date': '2018-10-05', 'text': ""When calculating a spell's total cost, include any alternative costs, additional costs, or anything else that increases or reduces the cost to cast the spell. Convoke applies after the total cost is calculated.""}, {'date': '2018-10-05', 'text': ""Because convoke isn't an alternative cost, it can be used in conjunction with alternative costs.""}, {'date': '2018-10-05', 'text': ""Tapping a multicolored creature using convoke will pay for {1} or one mana of your choice of any of that creature's colors.""}, {'date': '2018-10-05', 'text': ""When using convoke to cast a spell with {X} in its mana cost, first choose the value for X. That choice, plus any cost increases or decreases, will determine the spell's total cost. Then you can tap creatures you control to help pay that cost. For example, if you cast Worldsoul Colossus (a spell with convoke and mana cost {X}{G}{W}) and choose X to be 3, the total cost is {3}{G}{W}. If you tap two green creatures and two white creatures, you'll have to pay {1}.""}, {'date': '2018-10-05', 'text': ""If a creature you control has a mana ability with {T} in the cost, activating that ability while casting a spell with convoke will result in the creature being tapped before you pay the spell's costs. You won't be able to tap it again for convoke. Similarly, if you sacrifice a creature to activate a mana ability while casting a spell with convoke, that creature won't be on the battlefield when you pay the spell's costs, so you won't be able to tap it for convoke.""}]",,
"Emmara, Soul of the Accord",3,"Emmara, Soul of the Accord",{G}{W},2,"['White', 'Green']","['W', 'G']",Legendary Creature — Elf Cleric,['Creature'],"['Elf', 'Cleric']",Rare,GRN,Guilds of Ravnica,"Whenever Emmara, Soul of the Accord becomes tapped, create a 1/1 white Soldier creature token with lifelink.",Mark Winters,168,2,2,normal,452918,http://gatherer.wizards.com/Handlers/Image.ashx?multiverseid=452918&type=card,"[{'name': 'Emmara, Seele der Übereinkunft', 'imageUrl': 'http://gatherer.wizards.com/Handlers/Image.ashx?multiverseid=453177&type=card', 'language': 'German', 'multiverseid': 453177}, {'name': 'Emmara, encarnación del acuerdo', 'imageUrl': 'http://gatherer.wizards.com/Handlers/Image.ashx?multiverseid=453436&type=card', 'language': 'Spanish', 'multiverseid': 453436}, {'name': ""Emmara, âme de l'Accord"", 'imageUrl': 'http://gatherer.wizards.com/Handlers/Image.ashx?multiverseid=453695&type=card', 'language': 'French', 'multiverseid': 453695}, {'name': ""Emmara, Anima dell'Accordo"", 'imageUrl': 'http://gatherer.wizards.com/Handlers/Image.ashx?multiverseid=453954&type=card', 'language': 'Italian', 'multiverseid': 453954}, {'name': '協約の魂、イマーラ', 'imageUrl': 'http://gatherer.wizards.com/Handlers/Image.ashx?multiverseid=454213&type=card', 'language': 'Japanese', 'multiverseid': 454213}, {'name': '협정의 정신, 에마라', 'imageUrl': 'http://gatherer.wizards.com/Handlers/Image.ashx?multiverseid=454472&type=card', 'language': 'Korean', 'multiverseid': 454472}, {'name': 'Emmara, Alma do Acordo', 'imageUrl': 'http://gatherer.wizards.com/Handlers/Image.ashx?multiverseid=454731&type=card', 'language': 'Portuguese (Brazil)', 'multiverseid': 454731}, {'name': 'Эммара, Душа Соглашения', 'imageUrl': 'http://gatherer.wizards.com/Handlers/Image.ashx?multiverseid=454990&type=card', 'language': 'Russian', 'multiverseid': 454990}, {'name': '协音之魂艾玛拉', 'imageUrl': 'http://gatherer.wizards.com/Handlers/Image.ashx?multiverseid=455249&type=card', 'language': 'Chinese Simplified', 'multiverseid': 455249}, {'name': '協音之魂艾瑪拉', 'imageUrl': 'http://gatherer.wizards.com/Handlers/Image.ashx?multiverseid=455508&type=card', 'language': 'Chinese Traditional', 'multiverseid': 455508}]",['GRN'],"Whenever Emmara, Soul of the Accord becomes tapped, create a 1/1 white Soldier creature token with lifelink.",Legendary Creature — Elf Cleric,,da8ff8ad0dfa2416d3ee285d161591c056e52021,Selesnya Tokens,['Legendary'],"""Whatever hatred destroys, a single act of trust can revive.""",Selesnya,"[{'date': '2018-10-05', 'text': ""Emmara's ability is a triggered ability, not an activated ability. It doesn't allow you to tap Emmara whenever you want; rather, you need some other way of tapping it, such as by attacking.""}, {'date': '2018-10-05', 'text': ""For the ability to trigger, Emmara has to actually change from untapped to tapped. If an effect attempts to tap Emmara, but it was already tapped at the time, this ability won't trigger.""}]",,
Flower // Flourish,4,Spore Flower,{G}{G},2,['Green'],['G'],Creature — Fungus,['Creature'],['Fungus'],Uncommon,ME2,Masters Edition II,"At the beginning of your upkeep, put a spore counter on Spore Flower.
Remove three spore counters from Spore Flower: Prevent all combat damage that would be dealt this turn.",Margaret Organ-Kean,177,0,1,normal,184521,http://gatherer.wizards.com/Handlers/Image.ashx?multiverseid=184521&type=card,,"['FEM', 'ME2']","At the beginning of your upkeep, put a spore counter on Spore Flower.
Remove three spore counters from Spore Flower: Prevent all combat damage that would be dealt this turn.",Creature — Fungus,"[{'format': 'Commander', 'legality': 'Legal'}, {'format': 'Legacy', 'legality': 'Legal'}, {'format': 'Vintage', 'legality': 'Legal'}]",c23bb7a785ade2a81d77fb7a85a07985eb5617fc,Selesnya Tokens,,,,,,
Forest,8,Forest,,0,,['G'],Basic Land — Forest,['Land'],['Forest'],Basic Land,UST,Unstable,,John Avon,216,,,normal,439605,http://gatherer.wizards.com/Handlers/Image.ashx?multiverseid=439605&type=card,,"['LEA', 'LEB', '2ED', 'CED', 'CEI', '3ED', '4ED', 'ICE', 'RQS', 'pARL', 'MIR', 'ITP', '5ED', 'POR', 'TMP', 'pJGP', 'PO2', 'UGL', 'pALP', 'USG', 'ATH', '6ED', 'PTK', 'pGRU', 'S99', 'MMQ', 'BRB', 'pELP', 'S00', 'BTD', 'INV', '7ED', 'ODY', 'DKM', 'ONS', '8ED', 'MRD', 'CHK', 'UNH', '9ED', 'RAV', 'CST', 'TSP', '10E', 'MED', 'LRW', 'EVG', 'SHM', 'ALA', 'M10', 'HOP', 'ME3', 'ZEN', 'DDD', 'H09', 'DDE', 'ROE', 'DPA', 'ARC', 'M11', 'SOM', 'MBS', 'DDG', 'NPH', 'CMD', 'M12', 'DDH', 'ISD', 'AVR', 'PC2', 'M13', 'DDJ', 'RTR', 'M14', 'DDL', 'THS', 'C13', 'DDM', 'M15', 'KTK', 'C14', 'DD3_EVG', 'DD3_GVL', 'FRF', 'DDO', 'DTK', 'TPR', 'ORI', 'DDP', 'BFZ', 'C15', 'SOI', 'DDR', 'KLD', 'C16', 'PCA', 'DDS', 'AKH', 'CMA', 'E01', 'HOU', 'C17', 'XLN', 'UST', 'RIX', 'DDU', 'DOM', 'BBD', 'CM2', 'GS1', 'M19', 'C18']",,Basic Land — Forest,"[{'format': 'Brawl', 'legality': 'Legal'}, {'format': 'Commander', 'legality': 'Legal'}, {'format': 'Legacy', 'legality': 'Legal'}, {'format': 'Modern', 'legality': 'Legal'}, {'format': 'Standard', 'legality': 'Legal'}, {'format': 'Vintage', 'legality': 'Legal'}]",70523a1e8264d75a44d6d18af66f813dda4e7960,Selesnya Tokens,['Basic'],,Green,,,
History of Benalia,4,History of Benalia,{1}{W}{W},3,['White'],['W'],Enchantment — Saga,['Enchantment'],['Saga'],Mythic Rare,DOM,Dominaria,"(As this Saga enters and after your draw step, add a lore counter. Sacrifice after III.)
I, II — Create a 2/2 white Knight creature token with vigilance.
III — Knights you control get +2/+1 until end of turn.",Noah Bradley,21,,,normal,442909,http://gatherer.wizards.com/Handlers/Image.ashx?multiverseid=442909&type=card,"[{'name': 'Geschichte Benalias', 'imageUrl': 'http://gatherer.wizards.com/Handlers/Image.ashx?multiverseid=443178&type=card', 'language': 'German', 'multiverseid': 443178}, {'name': 'Historia de Benalia', 'imageUrl': 'http://gatherer.wizards.com/Handlers/Image.ashx?multiverseid=443447&type=card', 'language': 'Spanish', 'multiverseid': 443447}, {'name': 'Histoire de Bénalia', 'imageUrl': 'http://gatherer.wizards.com/Handlers/Image.ashx?multiverseid=443716&type=card', 'language': 'French', 'multiverseid': 443716}, {'name': 'Storia di Benalia', 'imageUrl': 'http://gatherer.wizards.com/Handlers/Image.ashx?multiverseid=443985&type=card', 'language': 'Italian', 'multiverseid': 443985}, {'name': 'ベナリア史', 'imageUrl': 'http://gatherer.wizards.com/Handlers/Image.ashx?multiverseid=444254&type=card', 'language': 'Japanese', 'multiverseid': 444254}, {'name': '베날리아의 역사', 'imageUrl': 'http://gatherer.wizards.com/Handlers/Image.ashx?multiverseid=444523&type=card', 'language': 'Korean', 'multiverseid': 444523}, {'name': 'História de Benália', 'imageUrl': 'http://gatherer.wizards.com/Handlers/Image.ashx?multiverseid=444792&type=card', 'language': 'Portuguese (Brazil)', 'multiverseid': 444792}, {'name': 'История Беналии', 'imageUrl': 'http://gatherer.wizards.com/Handlers/Image.ashx?multiverseid=445061&type=card', 'language': 'Russian', 'multiverseid': 445061}, {'name': '宾纳里亚史', 'imageUrl': 'http://gatherer.wizards.com/Handlers/Image.ashx?multiverseid=445330&type=card', 'language': 'Chinese Simplified', 'multiverseid': 445330}, {'name': '賓納里亞史', 'imageUrl': 'http://gatherer.wizards.com/Handlers/Image.ashx?multiverseid=445599&type=card', 'language': 'Chinese Traditional', 'multiverseid': 445599}]",['DOM'],"(As this Saga enters and after your draw step, add a lore counter. Sacrifice after III.)
I, II — Create a 2/2 white Knight creature token with vigilance.
III — Knights you control get +2/+1 until end of turn.",Enchantment — Saga,"[{'format': 'Brawl', 'legality': 'Legal'}, {'format': 'Commander', 'legality': 'Legal'}, {'format': 'Legacy', 'legality': 'Legal'}, {'format': 'Modern', 'legality': 'Legal'}, {'format': 'Vintage', 'legality': 'Legal'}]",7f6decf929ddb47ef14c98c95637564409deff19,Selesnya Tokens,,,,"[{'date': '2018-04-27', 'text': ""The final chapter ability of History of Benalia affects only Knights you control at the time it resolves. Creatures you begin to control later in the turn or that become Knights later in the turn won't get +2/+1.""}, {'date': '2018-04-27', 'text': ""As a Saga enters the battlefield, its controller puts a lore counter on it. As your precombat main phase begins (immediately after your draw step), you put another lore counter on each Saga you control. Putting a lore counter on a Saga in either of these ways doesn't use the stack.""}, {'date': '2018-04-27', 'text': ""Each symbol on the left of a Saga's text box represents a chapter ability. A chapter ability is a triggered ability that triggers when a lore counter that is put on the Saga causes the number of lore counters on the Saga to become equal to or greater than the ability's chapter number. Chapter abilities are put onto the stack and may be responded to.""}, {'date': '2018-04-27', 'text': ""A chapter ability doesn't trigger if a lore counter is put on a Saga that already had a number of lore counters greater than or equal to that chapter's number. For example, the third lore counter put on a Saga causes the III chapter ability to trigger, but I and II won't trigger again.""}, {'date': '2018-04-27', 'text': ""Once a chapter ability has triggered, the ability on the stack won't be affected if the Saga gains or loses counters, or if it leaves the battlefield.""}, {'date': '2018-04-27', 'text': 'If multiple chapter abilities trigger at the same time, their controller puts them on the stack in any order. If any of them require targets, those targets are chosen as you put the abilities on the stack, before any of those abilities resolve.'}, {'date': '2018-04-27', 'text': ""If counters are removed from a Saga, the appropriate chapter abilities will trigger again when the Saga receives lore counters. Removing lore counters won't cause a previous chapter ability to trigger.""}, {'date': '2018-04-27', 'text': ""Once the number of lore counters on a Saga is greater than or equal to the greatest number among its chapter abilities—in the Dominaria set, this is always three—the Saga's controller sacrifices it as soon as its chapter ability has left the stack, most likely by resolving or being countered. This state-based action doesn't use the stack.""}]",,
Ixalan's Binding,1,Ixalan's Binding,{3}{W},4,['White'],['W'],Enchantment,['Enchantment'],,Uncommon,XLN,Ixalan,"When Ixalan's Binding enters the battlefield, exile target nonland permanent an opponent controls until Ixalan's Binding leaves the battlefield.
Your opponents can't cast spells with the same name as the exiled card.",Chase Stone,17,,,normal,435168,http://gatherer.wizards.com/Handlers/Image.ashx?multiverseid=435168&type=card,"[{'name': 'Ixalans Bann', 'imageUrl': 'http://gatherer.wizards.com/Handlers/Image.ashx?multiverseid=435467&type=card', 'language': 'German', 'multiverseid': 435467}, {'name': ""Entrave d'Ixalan"", 'imageUrl': 'http://gatherer.wizards.com/Handlers/Image.ashx?multiverseid=435766&type=card', 'language': 'French', 'multiverseid': 435766}, {'name': 'Vincolo di Ixalan', 'imageUrl': 'http://gatherer.wizards.com/Handlers/Image.ashx?multiverseid=436065&type=card', 'language': 'Italian', 'multiverseid': 436065}, {'name': 'イクサランの束縛', 'imageUrl': 'http://gatherer.wizards.com/Handlers/Image.ashx?multiverseid=436364&type=card', 'language': 'Japanese', 'multiverseid': 436364}, {'name': '익살란의 구속', 'imageUrl': 'http://gatherer.wizards.com/Handlers/Image.ashx?multiverseid=436663&type=card', 'language': 'Korean', 'multiverseid': 436663}, {'name': 'Aprisionamento de Ixalan', 'imageUrl': 'http://gatherer.wizards.com/Handlers/Image.ashx?multiverseid=436962&type=card', 'language': 'Portuguese (Brazil)', 'multiverseid': 436962}, {'name': 'Узы Иксалана', 'imageUrl': 'http://gatherer.wizards.com/Handlers/Image.ashx?multiverseid=437261&type=card', 'language': 'Russian', 'multiverseid': 437261}, {'name': 'Reclusión de Ixalan', 'imageUrl': 'http://gatherer.wizards.com/Handlers/Image.ashx?multiverseid=437560&type=card', 'language': 'Spanish', 'multiverseid': 437560}, {'name': '依夏兰的束缚', 'imageUrl': 'http://gatherer.wizards.com/Handlers/Image.ashx?multiverseid=437859&type=card', 'language': 'Chinese Simplified', 'multiverseid': 437859}, {'name': '依夏蘭的束縛', 'imageUrl': 'http://gatherer.wizards.com/Handlers/Image.ashx?multiverseid=438158&type=card', 'language': 'Chinese Traditional', 'multiverseid': 438158}]",['XLN'],"When Ixalan's Binding enters the battlefield, exile target nonland permanent an opponent controls until Ixalan's Binding leaves the battlefield.
Your opponents can't cast spells with the same name as the exiled card.",Enchantment,"[{'format': 'Brawl', 'legality': 'Legal'}, {'format': 'Commander', 'legality': 'Legal'}, {'format': 'Legacy', 'legality': 'Legal'}, {'format': 'Modern', 'legality': 'Legal'}, {'format': 'Standard', 'legality': 'Legal'}, {'format': 'Vintage', 'legality': 'Legal'}]",ffc0e5f27f05ce1e417651db733936ba963882c5,Selesnya Tokens,,Jace awoke to the certainty that he was lost.,,"[{'date': '2017-09-29', 'text': ""If Ixalan's Binding leaves the battlefield before its triggered ability resolves, the target permanent won't be exiled.""}, {'date': '2017-09-29', 'text': ""Auras attached to the exiled permanent will be put into their owners' graveyards. Any Equipment will become unattached and remain on the battlefield. Any counters on the exiled permanent will cease to exist.""}, {'date': '2017-09-29', 'text': ""If a token is exiled this way, it will cease to exist and won't return to the battlefield.""}, {'date': '2017-09-29', 'text': ""The exiled card returns to the battlefield immediately after Ixalan's Binding leaves the battlefield. Nothing happens between the two events, including state-based actions.""}, {'date': '2017-09-29', 'text': ""If the exiled card has a different name in exile than it did on the battlefield, Ixalan's Binding stops players from casting spells with the name of that card as it exists in exile.""}, {'date': '2017-09-29', 'text': ""If the exiled card is a land card that's become a nonland permanent, Ixalan's Binding won't stop players from playing lands with that name.""}, {'date': '2017-09-29', 'text': ""If there is no exiled card (perhaps because the exiled permanent was a token or was a commander that moved to the command zone in the Commander variant), Ixalan's Binding won't stop players from casting spells.""}, {'date': '2017-09-29', 'text': ""In a multiplayer game, if Ixalan's Binding's owner leaves the game and another player owns the exiled card, the exiled card will return to the battlefield under its owner's control. Because the one-shot effect that returns the card isn't an ability that goes on the stack, it won't cease to exist along with the leaving player's spells and abilities on the stack.""}, {'date': '2018-01-19', 'text': 'There are many important moments in the story, but the most crucial—called ""story spotlights""—are shown on cards. These cards have the Planeswalker symbol in their text box; this symbol has no effect on gameplay. You can read more about these events in the official Magic fiction at http://www.mtgstory.com.'}]",,
Knight of Autumn,3,Knight of Autumn,{1}{G}{W},3,"['White', 'Green']","['W', 'G']",Creature — Dryad Knight,['Creature'],"['Dryad', 'Knight']",Rare,GRN,Guilds of Ravnica,"When Knight of Autumn enters the battlefield, choose one —
• Put two +1/+1 counters on Knight of Autumn.
• Destroy target artifact or enchantment.
• You gain 4 life.",Ryan Pancoast,183,2,1,normal,452933,http://gatherer.wizards.com/Handlers/Image.ashx?multiverseid=452933&type=card,"[{'name': 'Herbstritterin', 'imageUrl': 'http://gatherer.wizards.com/Handlers/Image.ashx?multiverseid=453192&type=card', 'language': 'German', 'multiverseid': 453192}, {'name': 'Caballero del otoño', 'imageUrl': 'http://gatherer.wizards.com/Handlers/Image.ashx?multiverseid=453451&type=card', 'language': 'Spanish', 'multiverseid': 453451}, {'name': ""Chevalière de l'automne"", 'imageUrl': 'http://gatherer.wizards.com/Handlers/Image.ashx?multiverseid=453710&type=card', 'language': 'French', 'multiverseid': 453710}, {'name': ""Cavaliera dell'Autunno"", 'imageUrl': 'http://gatherer.wizards.com/Handlers/Image.ashx?multiverseid=453969&type=card', 'language': 'Italian', 'multiverseid': 453969}, {'name': '秋の騎士', 'imageUrl': 'http://gatherer.wizards.com/Handlers/Image.ashx?multiverseid=454228&type=card', 'language': 'Japanese', 'multiverseid': 454228}, {'name': '가을의 기사', 'imageUrl': 'http://gatherer.wizards.com/Handlers/Image.ashx?multiverseid=454487&type=card', 'language': 'Korean', 'multiverseid': 454487}, {'name': 'Cavaleira do Outono', 'imageUrl': 'http://gatherer.wizards.com/Handlers/Image.ashx?multiverseid=454746&type=card', 'language': 'Portuguese (Brazil)', 'multiverseid': 454746}, {'name': 'Рыцарь Осени', 'imageUrl': 'http://gatherer.wizards.com/Handlers/Image.ashx?multiverseid=455005&type=card', 'language': 'Russian', 'multiverseid': 455005}, {'name': '暮秋骑士', 'imageUrl': 'http://gatherer.wizards.com/Handlers/Image.ashx?multiverseid=455264&type=card', 'language': 'Chinese Simplified', 'multiverseid': 455264}, {'name': '暮秋騎士', 'imageUrl': 'http://gatherer.wizards.com/Handlers/Image.ashx?multiverseid=455523&type=card', 'language': 'Chinese Traditional', 'multiverseid': 455523}]",['GRN'],"When Knight of Autumn enters the battlefield, choose one —
• Put two +1/+1 counters on Knight of Autumn.
• Destroy target artifact or enchantment.
• You gain 4 life.",Creature — Dryad Knight,,53af27273e819793daa3cc486635dcf6d7dd5be1,Selesnya Tokens,,,Selesnya,,,
Legion's Landing,3,Legion's Landing,{W},1,['White'],['W'],Legendary Enchantment,['Enchantment'],,Rare,XLN,Ixalan,"When Legion's Landing enters the battlefield, create a 1/1 white Vampire creature token with lifelink.
When you attack with three or more creatures, transform Legion's Landing.",Svetlin Velinov,22a,,,double-faced,435173,http://gatherer.wizards.com/Handlers/Image.ashx?multiverseid=435173&type=card,"[{'name': 'Landung der Legion', 'imageUrl': 'http://gatherer.wizards.com/Handlers/Image.ashx?multiverseid=435472&type=card', 'language': 'German', 'multiverseid': 435472}, {'name': 'Débarquement de la Légion', 'imageUrl': 'http://gatherer.wizards.com/Handlers/Image.ashx?multiverseid=435771&type=card', 'language': 'French', 'multiverseid': 435771}, {'name': 'Sbarco della Legione', 'imageUrl': 'http://gatherer.wizards.com/Handlers/Image.ashx?multiverseid=436070&type=card', 'language': 'Italian', 'multiverseid': 436070}, {'name': '軍団の上陸', 'imageUrl': 'http://gatherer.wizards.com/Handlers/Image.ashx?multiverseid=436369&type=card', 'language': 'Japanese', 'multiverseid': 436369}, {'name': '군단의 상륙', 'imageUrl': 'http://gatherer.wizards.com/Handlers/Image.ashx?multiverseid=436668&type=card', 'language': 'Korean', 'multiverseid': 436668}, {'name': 'Desembarque da Legião', 'imageUrl': 'http://gatherer.wizards.com/Handlers/Image.ashx?multiverseid=436967&type=card', 'language': 'Portuguese (Brazil)', 'multiverseid': 436967}, {'name': 'Высадка Легиона', 'imageUrl': 'http://gatherer.wizards.com/Handlers/Image.ashx?multiverseid=437266&type=card', 'language': 'Russian', 'multiverseid': 437266}, {'name': 'Desembarco de la Legión', 'imageUrl': 'http://gatherer.wizards.com/Handlers/Image.ashx?multiverseid=437565&type=card', 'language': 'Spanish', 'multiverseid': 437565}, {'name': '军团登陆', 'imageUrl': 'http://gatherer.wizards.com/Handlers/Image.ashx?multiverseid=437864&type=card', 'language': 'Chinese Simplified', 'multiverseid': 437864}, {'name': '軍團登陸', 'imageUrl': 'http://gatherer.wizards.com/Handlers/Image.ashx?multiverseid=438163&type=card', 'language': 'Chinese Traditional', 'multiverseid': 438163}]",['XLN'],"When Legion's Landing enters the battlefield, create a 1/1 white Vampire creature token with lifelink.
When you attack with three or more creatures, transform Legion's Landing.",Legendary Enchantment,"[{'format': 'Brawl', 'legality': 'Legal'}, {'format': 'Commander', 'legality': 'Legal'}, {'format': 'Legacy', 'legality': 'Legal'}, {'format': 'Modern', 'legality': 'Legal'}, {'format': 'Standard', 'legality': 'Legal'}, {'format': 'Vintage', 'legality': 'Legal'}]",7a366907f525344dfb2c50056778411a8ebd2417,Selesnya Tokens,['Legendary'],"""I claim this land in the name of the queen.""
—Adrian Adanto of Lujio",,"[{'date': '2017-09-29', 'text': ""Once you've attacked with three or more creatures, Legion's Landing will transform even if some of those creatures leave the battlefield or are removed from combat.""}, {'date': '2017-09-29', 'text': ""The last ability of Legion's Landing only counts creatures that you declare as attacking creatures. Creatures that enter the battlefield attacking won't count.""}, {'date': '2018-01-19', 'text': 'For more information on double-faced cards, see the Ixalan mechanics article (http://magic.wizards.com/en/articles/archive/feature/ixalan-mechanics).'}]",,"[""Legion's Landing"", 'Adanto, the First Fort']"
March of the Multitudes,4,March of the Multitudes,{X}{G}{W}{W},3,"['White', 'Green']","['W', 'G']",Instant,['Instant'],,Mythic Rare,GRN,Guilds of Ravnica,"Convoke (Your creatures can help cast this spell. Each creature you tap while casting this spell pays for {1} or one mana of that creature's color.)
Create X 1/1 white Soldier creature tokens with lifelink.",Zack Stella,188,,,normal,452938,http://gatherer.wizards.com/Handlers/Image.ashx?multiverseid=452938&type=card,"[{'name': 'Marsch der Massen', 'imageUrl': 'http://gatherer.wizards.com/Handlers/Image.ashx?multiverseid=453197&type=card', 'language': 'German', 'multiverseid': 453197}, {'name': 'Marcha de las multitudes', 'imageUrl': 'http://gatherer.wizards.com/Handlers/Image.ashx?multiverseid=453456&type=card', 'language': 'Spanish', 'multiverseid': 453456}, {'name': 'Marche de la multitude', 'imageUrl': 'http://gatherer.wizards.com/Handlers/Image.ashx?multiverseid=453715&type=card', 'language': 'French', 'multiverseid': 453715}, {'name': 'Marcia delle Moltitudini', 'imageUrl': 'http://gatherer.wizards.com/Handlers/Image.ashx?multiverseid=453974&type=card', 'language': 'Italian', 'multiverseid': 453974}, {'name': '大集団の行進', 'imageUrl': 'http://gatherer.wizards.com/Handlers/Image.ashx?multiverseid=454233&type=card', 'language': 'Japanese', 'multiverseid': 454233}, {'name': '군중의 행진', 'imageUrl': 'http://gatherer.wizards.com/Handlers/Image.ashx?multiverseid=454492&type=card', 'language': 'Korean', 'multiverseid': 454492}, {'name': 'Marcha das Multidões', 'imageUrl': 'http://gatherer.wizards.com/Handlers/Image.ashx?multiverseid=454751&type=card', 'language': 'Portuguese (Brazil)', 'multiverseid': 454751}, {'name': 'Марш Множества', 'imageUrl': 'http://gatherer.wizards.com/Handlers/Image.ashx?multiverseid=455010&type=card', 'language': 'Russian', 'multiverseid': 455010}, {'name': '大军行进', 'imageUrl': 'http://gatherer.wizards.com/Handlers/Image.ashx?multiverseid=455269&type=card', 'language': 'Chinese Simplified', 'multiverseid': 455269}, {'name': '大軍行進', 'imageUrl': 'http://gatherer.wizards.com/Handlers/Image.ashx?multiverseid=455528&type=card', 'language': 'Chinese Traditional', 'multiverseid': 455528}]",['GRN'],"Convoke <i>(Your creatures can help cast this spell. Each creature you tap while casting this spell pays for {1} or one mana of that creature's color.)</i>
Create X 1/1 white Soldier creature tokens with lifelink.",Instant,,e734fc108c92d3f142550a12b579078f78b14e67,Selesnya Tokens,,"""Our forces number more than the leaves of Vitu-Ghazi. Do not provoke us.""",Selesnya,"[{'date': '2018-10-05', 'text': ""You can tap an untapped creature you haven't controlled continuously since the beginning of your most recent turn to convoke a spell.""}, {'date': '2018-10-05', 'text': ""Convoke doesn't change a spell's mana cost or converted mana cost.""}, {'date': '2018-10-05', 'text': ""When calculating a spell's total cost, include any alternative costs, additional costs, or anything else that increases or reduces the cost to cast the spell. Convoke applies after the total cost is calculated.""}, {'date': '2018-10-05', 'text': ""Because convoke isn't an alternative cost, it can be used in conjunction with alternative costs.""}, {'date': '2018-10-05', 'text': ""Tapping a multicolored creature using convoke will pay for {1} or one mana of your choice of any of that creature's colors.""}, {'date': '2018-10-05', 'text': ""When using convoke to cast a spell with {X} in its mana cost, first choose the value for X. That choice, plus any cost increases or decreases, will determine the spell's total cost. Then you can tap creatures you control to help pay that cost. For example, if you cast Worldsoul Colossus (a spell with convoke and mana cost {X}{G}{W}) and choose X to be 3, the total cost is {3}{G}{W}. If you tap two green creatures and two white creatures, you'll have to pay {1}.""}, {'date': '2018-10-05', 'text': ""If a creature you control has a mana ability with {T} in the cost, activating that ability while casting a spell with convoke will result in the creature being tapped before you pay the spell's costs. You won't be able to tap it again for convoke. Similarly, if you sacrifice a creature to activate a mana ability while casting a spell with convoke, that creature won't be on the battlefield when you pay the spell's costs, so you won't be able to tap it for convoke.""}]",,
Nullhide Ferox,4,Nullhide Ferox,{2}{G}{G},4,['Green'],['G'],Creature — Beast,['Creature'],['Beast'],Mythic Rare,GRN,Guilds of Ravnica,"Hexproof
You can't cast noncreature spells.
{2}: Nullhide Ferox loses all abilities until end of turn. Any player may activate this ability.
If a spell or ability an opponent controls causes you to discard Nullhide Ferox, put it onto the battlefield instead of putting it into your graveyard.",Filip Burburan,138,6,6,normal,452888,http://gatherer.wizards.com/Handlers/Image.ashx?multiverseid=452888&type=card,"[{'name': 'Hemmhaut-Ferox', 'imageUrl': 'http://gatherer.wizards.com/Handlers/Image.ashx?multiverseid=453147&type=card', 'language': 'German', 'multiverseid': 453147}, {'name': 'Férox piel impenetrable', 'imageUrl': 'http://gatherer.wizards.com/Handlers/Image.ashx?multiverseid=453406&type=card', 'language': 'Spanish', 'multiverseid': 453406}, {'name': 'Férox négapeau', 'imageUrl': 'http://gatherer.wizards.com/Handlers/Image.ashx?multiverseid=453665&type=card', 'language': 'French', 'multiverseid': 453665}, {'name': 'Ferox Pellimmune', 'imageUrl': 'http://gatherer.wizards.com/Handlers/Image.ashx?multiverseid=453924&type=card', 'language': 'Italian', 'multiverseid': 453924}, {'name': '無効皮のフェロックス', 'imageUrl': 'http://gatherer.wizards.com/Handlers/Image.ashx?multiverseid=454183&type=card', 'language': 'Japanese', 'multiverseid': 454183}, {'name': '무효화 가죽 페록스', 'imageUrl': 'http://gatherer.wizards.com/Handlers/Image.ashx?multiverseid=454442&type=card', 'language': 'Korean', 'multiverseid': 454442}, {'name': 'Ferox Imunocouro', 'imageUrl': 'http://gatherer.wizards.com/Handlers/Image.ashx?multiverseid=454701&type=card', 'language': 'Portuguese (Brazil)', 'multiverseid': 454701}, {'name': 'Твердошкурый Ферокс', 'imageUrl': 'http://gatherer.wizards.com/Handlers/Image.ashx?multiverseid=454960&type=card', 'language': 'Russian', 'multiverseid': 454960}, {'name': '韧皮龇牙兽', 'imageUrl': 'http://gatherer.wizards.com/Handlers/Image.ashx?multiverseid=455219&type=card', 'language': 'Chinese Simplified', 'multiverseid': 455219}, {'name': '韌皮齜牙獸', 'imageUrl': 'http://gatherer.wizards.com/Handlers/Image.ashx?multiverseid=455478&type=card', 'language': 'Chinese Traditional', 'multiverseid': 455478}]",['GRN'],"Hexproof
You can't cast noncreature spells.
{2}: Nullhide Ferox loses all abilities until end of turn. Any player may activate this ability.
If a spell or ability an opponent controls causes you to discard Nullhide Ferox, put it onto the battlefield instead of putting it into your graveyard.",Creature — Beast,,10f7ea39b1ec93a729ee17fedc482c864372e241,Selesnya Tokens,,,,"[{'date': '2018-10-05', 'text': ""Nullhide Ferox's activated ability can be activated only while it's on the battlefield. Players can't, for example, activate it to try to stop its replacement effect from putting it onto the battlefield.""}, {'date': '2018-10-05', 'text': ""Once Nullhide Ferox's activated ability has resolved, it can gain new abilities. It won't lose those abilities.""}, {'date': '2018-10-05', 'text': ""Once Nullhide Ferox has lost its activated ability that makes it lose its abilities, that ability can't be activated again until the turn's over.""}]",,
Plains,4,Plains,,0,,['W'],Basic Land — Plains,['Land'],['Plains'],Basic Land,UST,Unstable,,John Avon,212,,,normal,439601,http://gatherer.wizards.com/Handlers/Image.ashx?multiverseid=439601&type=card,,"['LEA', 'LEB', '2ED', 'CED', 'CEI', '3ED', '4ED', 'ICE', 'RQS', 'pARL', 'MIR', 'ITP', '5ED', 'POR', 'pPRE', 'TMP', 'pJGP', 'PO2', 'UGL', 'pALP', 'USG', 'ATH', '6ED', 'PTK', 'pGRU', 'S99', 'MMQ', 'BRB', 'pELP', 'S00', 'INV', '7ED', 'ODY', 'ONS', '8ED', 'MRD', 'CHK', 'UNH', '9ED', 'RAV', 'CST', 'TSP', '10E', 'MED', 'LRW', 'SHM', 'ALA', 'DDC', 'M10', 'HOP', 'ME3', 'ZEN', 'H09', 'DDE', 'ROE', 'ARC', 'M11', 'DDF', 'SOM', 'MBS', 'DDG', 'NPH', 'CMD', 'M12', 'DDH', 'ISD', 'DDI', 'AVR', 'PC2', 'M13', 'RTR', 'DDK', 'M14', 'DDL', 'THS', 'C13', 'MD1', 'M15', 'DDN', 'KTK', 'C14', 'DD3_DVD', 'FRF', 'DDO', 'DTK', 'TPR', 'ORI', 'DDP', 'BFZ', 'C15', 'DDQ', 'SOI', 'KLD', 'C16', 'PCA', 'AKH', 'CMA', 'E01', 'HOU', 'C17', 'XLN', 'UST', 'RIX', 'DOM', 'BBD', 'CM2', 'GS1', 'M19', 'C18']",,Basic Land — Plains,"[{'format': 'Brawl', 'legality': 'Legal'}, {'format': 'Commander', 'legality': 'Legal'}, {'format': 'Legacy', 'legality': 'Legal'}, {'format': 'Modern', 'legality': 'Legal'}, {'format': 'Standard', 'legality': 'Legal'}, {'format': 'Vintage', 'legality': 'Legal'}]",501440ed1f0814e9ba812ad9f36ff69053fd0b42,Selesnya Tokens,['Basic'],,White,,,
Saproling Migration,4,Saproling Migration,{1}{G},2,['Green'],['G'],Sorcery,['Sorcery'],,Common,DOM,Dominaria,"Kicker {4} (You may pay an additional {4} as you cast this spell.)
Create two 1/1 green Saproling creature tokens. If this spell was kicked, create four of those tokens instead.",Christine Choi,178,,,normal,443066,http://gatherer.wizards.com/Handlers/Image.ashx?multiverseid=443066&type=card,"[{'name': 'Saproling-Wanderung', 'imageUrl': 'http://gatherer.wizards.com/Handlers/Image.ashx?multiverseid=443335&type=card', 'language': 'German', 'multiverseid': 443335}, {'name': 'Migración de saprolines', 'imageUrl': 'http://gatherer.wizards.com/Handlers/Image.ashx?multiverseid=443604&type=card', 'language': 'Spanish', 'multiverseid': 443604}, {'name': 'Migration de saprobiontes', 'imageUrl': 'http://gatherer.wizards.com/Handlers/Image.ashx?multiverseid=443873&type=card', 'language': 'French', 'multiverseid': 443873}, {'name': 'Migrazione di Saprolingi', 'imageUrl': 'http://gatherer.wizards.com/Handlers/Image.ashx?multiverseid=444142&type=card', 'language': 'Italian', 'multiverseid': 444142}, {'name': '苗木の移牧', 'imageUrl': 'http://gatherer.wizards.com/Handlers/Image.ashx?multiverseid=444411&type=card', 'language': 'Japanese', 'multiverseid': 444411}, {'name': '묘목 이동', 'imageUrl': 'http://gatherer.wizards.com/Handlers/Image.ashx?multiverseid=444680&type=card', 'language': 'Korean', 'multiverseid': 444680}, {'name': 'Migração das Saprófitas', 'imageUrl': 'http://gatherer.wizards.com/Handlers/Image.ashx?multiverseid=444949&type=card', 'language': 'Portuguese (Brazil)', 'multiverseid': 444949}, {'name': 'Миграция Сапролингов', 'imageUrl': 'http://gatherer.wizards.com/Handlers/Image.ashx?multiverseid=445218&type=card', 'language': 'Russian', 'multiverseid': 445218}, {'name': '腐生迁徙', 'imageUrl': 'http://gatherer.wizards.com/Handlers/Image.ashx?multiverseid=445487&type=card', 'language': 'Chinese Simplified', 'multiverseid': 445487}, {'name': '腐生遷徙', 'imageUrl': 'http://gatherer.wizards.com/Handlers/Image.ashx?multiverseid=445756&type=card', 'language': 'Chinese Traditional', 'multiverseid': 445756}]",['DOM'],"Kicker {4} (You may pay an additional {4} as you cast this spell.)
Create two 1/1 green Saproling creature tokens. If this spell was kicked, create four of those tokens instead.",Sorcery,"[{'format': 'Brawl', 'legality': 'Legal'}, {'format': 'Commander', 'legality': 'Legal'}, {'format': 'Legacy', 'legality': 'Legal'}, {'format': 'Modern', 'legality': 'Legal'}, {'format': 'Vintage', 'legality': 'Legal'}]",ca9e62314636aa3527ed1c941be46b25538ec8cc,Selesnya Tokens,,Thallids herd saprolings from place to place in search of detritus to feed them.,,,,
Settle the Wreckage,1,Settle the Wreckage,{2}{W}{W},4,['White'],['W'],Instant,['Instant'],,Rare,XLN,Ixalan,"Exile all attacking creatures target player controls. That player may search their library for that many basic land cards, put those cards onto the battlefield tapped, then shuffle their library.",Dimitar,34,,,normal,435186,http://gatherer.wizards.com/Handlers/Image.ashx?multiverseid=435186&type=card,"[{'name': 'Schiffbruch erleiden', 'imageUrl': 'http://gatherer.wizards.com/Handlers/Image.ashx?multiverseid=435485&type=card', 'language': 'German', 'multiverseid': 435485}, {'name': 'Aménagement des décombres', 'imageUrl': 'http://gatherer.wizards.com/Handlers/Image.ashx?multiverseid=435784&type=card', 'language': 'French', 'multiverseid': 435784}, {'name': 'Incagliare il Relitto', 'imageUrl': 'http://gatherer.wizards.com/Handlers/Image.ashx?multiverseid=436083&type=card', 'language': 'Italian', 'multiverseid': 436083}, {'name': '残骸の漂着', 'imageUrl': 'http://gatherer.wizards.com/Handlers/Image.ashx?multiverseid=436382&type=card', 'language': 'Japanese', 'multiverseid': 436382}, {'name': '잔해 가라앉히기', 'imageUrl': 'http://gatherer.wizards.com/Handlers/Image.ashx?multiverseid=436681&type=card', 'language': 'Korean', 'multiverseid': 436681}, {'name': 'Assentar nos Destroços', 'imageUrl': 'http://gatherer.wizards.com/Handlers/Image.ashx?multiverseid=436980&type=card', 'language': 'Portuguese (Brazil)', 'multiverseid': 436980}, {'name': 'Подстроенное Крушение', 'imageUrl': 'http://gatherer.wizards.com/Handlers/Image.ashx?multiverseid=437279&type=card', 'language': 'Russian', 'multiverseid': 437279}, {'name': 'Naufragio consumado', 'imageUrl': 'http://gatherer.wizards.com/Handlers/Image.ashx?multiverseid=437578&type=card', 'language': 'Spanish', 'multiverseid': 437578}, {'name': '处理残迹', 'imageUrl': 'http://gatherer.wizards.com/Handlers/Image.ashx?multiverseid=437877&type=card', 'language': 'Chinese Simplified', 'multiverseid': 437877}, {'name': '處理殘跡', 'imageUrl': 'http://gatherer.wizards.com/Handlers/Image.ashx?multiverseid=438176&type=card', 'language': 'Chinese Traditional', 'multiverseid': 438176}]",['XLN'],"Exile all attacking creatures target player controls. That player may search his or her library for that many basic land cards, put those cards onto the battlefield tapped, then shuffle his or her library.",Instant,"[{'format': 'Brawl', 'legality': 'Legal'}, {'format': 'Commander', 'legality': 'Legal'}, {'format': 'Legacy', 'legality': 'Legal'}, {'format': 'Modern', 'legality': 'Legal'}, {'format': 'Standard', 'legality': 'Legal'}, {'format': 'Vintage', 'legality': 'Legal'}]",c175f28537e504024851fc280f7b945c14cd14ca,Selesnya Tokens,,,,"[{'date': '2017-09-29', 'text': 'Settle the Wreckage targets only the player. Creatures with hexproof that player controls will be exiled as this spell resolves.'}, {'date': '2017-09-29', 'text': ""That player can find fewer basic land cards than the number of exiled creatures, whether because they want to or because they don't have that many basic land cards left.""}, {'date': '2017-09-29', 'text': ""The number of lands that player may find is the number of attacking creatures that were exiled, even if some of those creatures were tokens, weren't creature cards, or didn't end up in exile (most likely because one was that player's commander in the Commander variant).""}]",,
Sunpetal Grove,4,Sunpetal Grove,,0,,"['G', 'W']",Land,['Land'],,Rare,C16,Commander 2016,"Sunpetal Grove enters the battlefield tapped unless you control a Forest or a Plains.
{T}: Add {G} or {W}.",Jason Chan,329,,,normal,420946,http://gatherer.wizards.com/Handlers/Image.ashx?multiverseid=420946&type=card,"[{'name': '日瓣树丛', 'imageUrl': 'http://gatherer.wizards.com/Handlers/Image.ashx?multiverseid=421297&type=card', 'language': 'Chinese Simplified', 'multiverseid': 421297}, {'name': 'Sonnenblütenhain', 'imageUrl': 'http://gatherer.wizards.com/Handlers/Image.ashx?multiverseid=421648&type=card', 'language': 'German', 'multiverseid': 421648}, {'name': 'Bosquet de Solpétal', 'imageUrl': 'http://gatherer.wizards.com/Handlers/Image.ashx?multiverseid=421999&type=card', 'language': 'French', 'multiverseid': 421999}, {'name': 'Boschetto di Petali Solari', 'imageUrl': 'http://gatherer.wizards.com/Handlers/Image.ashx?multiverseid=422350&type=card', 'language': 'Italian', 'multiverseid': 422350}, {'name': '陽花弁の木立ち', 'imageUrl': 'http://gatherer.wizards.com/Handlers/Image.ashx?multiverseid=422701&type=card', 'language': 'Japanese', 'multiverseid': 422701}, {'name': 'Bosque da Pétala Solar', 'imageUrl': 'http://gatherer.wizards.com/Handlers/Image.ashx?multiverseid=423052&type=card', 'language': 'Portuguese (Brazil)', 'multiverseid': 423052}, {'name': 'Arboleda Pétalo Solar', 'imageUrl': 'http://gatherer.wizards.com/Handlers/Image.ashx?multiverseid=423403&type=card', 'language': 'Spanish', 'multiverseid': 423403}]","['M10', 'M11', 'M12', 'M13', 'C16', 'XLN']","Sunpetal Grove enters the battlefield tapped unless you control a Forest or a Plains.
{T}: Add {G} or {W} to your mana pool.",Land,"[{'format': 'Brawl', 'legality': 'Legal'}, {'format': 'Commander', 'legality': 'Legal'}, {'format': 'Legacy', 'legality': 'Legal'}, {'format': 'Modern', 'legality': 'Legal'}, {'format': 'Standard', 'legality': 'Legal'}, {'format': 'Vintage', 'legality': 'Legal'}]",ea623a9824ec47fc19a103d2cf963cc8306fef16,Selesnya Tokens,,,,"[{'date': '2009-10-01', 'text': ""This checks for lands you control with the land type Forest or Plains, not for lands named Forest or Plains. The lands it checks for don't have to be basic lands. For example, if you control Hallowed Fountain (a nonbasic land with the land types Plains and Island), Sunpetal Grove will enter the battlefield untapped.""}, {'date': '2009-10-01', 'text': ""As this is entering the battlefield, it checks for lands that are already on the battlefield. It won't see lands that are entering the battlefield at the same time (due to Warp World, for example).""}]",,
Temple Garden,4,Temple Garden,,0,,"['W', 'G']",Land — Forest Plains,['Land'],"['Forest', 'Plains']",Mythic Rare,EXP,Zendikar Expeditions,"({T}: Add {G} or {W}.)
As Temple Garden enters the battlefield, you may pay 2 life. If you don't, Temple Garden enters the battlefield tapped.",Min Yum,10,,,normal,405112,http://gatherer.wizards.com/Handlers/Image.ashx?multiverseid=405112&type=card,,"['RAV', 'RTR', 'EXP']","As Temple Garden enters the battlefield, you may pay 2 life. If you don't, Temple Garden enters the battlefield tapped.",Land — Forest Plains,"[{'format': 'Commander', 'legality': 'Legal'}, {'format': 'Legacy', 'legality': 'Legal'}, {'format': 'Modern', 'legality': 'Legal'}, {'format': 'Vintage', 'legality': 'Legal'}]",ac47ccf4b62757e08b9abfb7c261a35b86d4f8ef,Selesnya Tokens,,,,"[{'date': '2005-10-01', 'text': ""Has basic land types, but isn't a basic land. Things that affect basic lands don't affect it. For example, you can't find it with Civic Wayfinder.""}, {'date': '2005-10-01', 'text': ""If another effect (such as Loxodon Gatekeeper's ability) tells you to put lands onto the battlefield tapped, it enters the battlefield tapped whether you pay 2 life or not.""}, {'date': '2005-10-01', 'text': 'If multiple permanents with ""as enters the battlefield"" effects are entering the battlefield at the same time, process those effects one at a time, then put the permanents onto the battlefield all at once. For example, if you\'re at 3 life and an effect puts two of these onto the battlefield, you can pay 2 life for only one of them, not both.'}]",,
Trostani Discordant,3,Trostani Discordant,{3}{G}{W},5,"['White', 'Green']","['W', 'G']",Legendary Creature — Dryad,['Creature'],['Dryad'],Mythic Rare,GRN,Guilds of Ravnica,"Other creatures you control get +1/+1.
When Trostani Discordant enters the battlefield, create two 1/1 white Soldier creature tokens with lifelink.
At the beginning of your end step, each player gains control of all creatures they own.",Chase Stone,208,1,4,normal,452958,http://gatherer.wizards.com/Handlers/Image.ashx?multiverseid=452958&type=card,"[{'name': 'Trostani die Entzweite', 'imageUrl': 'http://gatherer.wizards.com/Handlers/Image.ashx?multiverseid=453217&type=card', 'language': 'German', 'multiverseid': 453217}, {'name': 'Trostani en desacuerdo', 'imageUrl': 'http://gatherer.wizards.com/Handlers/Image.ashx?multiverseid=453476&type=card', 'language': 'Spanish', 'multiverseid': 453476}, {'name': 'Trostani la discordante', 'imageUrl': 'http://gatherer.wizards.com/Handlers/Image.ashx?multiverseid=453735&type=card', 'language': 'French', 'multiverseid': 453735}, {'name': 'Trostani Discorde', 'imageUrl': 'http://gatherer.wizards.com/Handlers/Image.ashx?multiverseid=453994&type=card', 'language': 'Italian', 'multiverseid': 453994}, {'name': '不和のトロスターニ', 'imageUrl': 'http://gatherer.wizards.com/Handlers/Image.ashx?multiverseid=454253&type=card', 'language': 'Japanese', 'multiverseid': 454253}, {'name': '불협화음의 트로스타니', 'imageUrl': 'http://gatherer.wizards.com/Handlers/Image.ashx?multiverseid=454512&type=card', 'language': 'Korean', 'multiverseid': 454512}, {'name': 'Trostani em Desacordo', 'imageUrl': 'http://gatherer.wizards.com/Handlers/Image.ashx?multiverseid=454771&type=card', 'language': 'Portuguese (Brazil)', 'multiverseid': 454771}, {'name': 'Тростани Расколотая', 'imageUrl': 'http://gatherer.wizards.com/Handlers/Image.ashx?multiverseid=455030&type=card', 'language': 'Russian', 'multiverseid': 455030}, {'name': '异声卓塔妮', 'imageUrl': 'http://gatherer.wizards.com/Handlers/Image.ashx?multiverseid=455289&type=card', 'language': 'Chinese Simplified', 'multiverseid': 455289}, {'name': '異聲卓塔妮', 'imageUrl': 'http://gatherer.wizards.com/Handlers/Image.ashx?multiverseid=455548&type=card', 'language': 'Chinese Traditional', 'multiverseid': 455548}]",['GRN'],"Other creatures you control get +1/+1.
When Trostani Discordant enters the battlefield, create two 1/1 white Soldier creature tokens with lifelink.
At the beginning of your end step, each player gains control of all creatures they own.",Legendary Creature — Dryad,,7e85806a7946982c252874167bf2915059137ff3,Selesnya Tokens,['Legendary'],,Selesnya,"[{'date': '2018-10-05', 'text': 'The owner of a token is the player who created it.'}, {'date': '2018-10-05', 'text': ""Because damage remains marked on a creature until it's removed as the turn ends, nonlethal damage dealt to other creatures you control may become lethal if Trostani leaves the battlefield during that turn.""}, {'date': '2018-10-05', 'text': ""If a creature has an ability that triggers at the beginning of each end step and Trostani's ability causes you to gain control of it, the ability of that creature is still controlled by the creature's former controller. If the creature has an ability that triggers at the beginning of your end step, that ability doesn't trigger when you gain control of it.""}]",,
Venerated Loxodon,4,Venerated Loxodon,{4}{W},5,['White'],['W'],Creature — Elephant Cleric,['Creature'],"['Elephant', 'Cleric']",Rare,GRN,Guilds of Ravnica,"Convoke (Your creatures can help cast this spell. Each creature you tap while casting this spell pays for {1} or one mana of that creature's color.)
When Venerated Loxodon enters the battlefield, put a +1/+1 counter on each creature that convoked it.",Zack Stella,30,4,4,normal,452780,http://gatherer.wizards.com/Handlers/Image.ashx?multiverseid=452780&type=card,"[{'name': 'Verehrtes Loxodon', 'imageUrl': 'http://gatherer.wizards.com/Handlers/Image.ashx?multiverseid=453039&type=card', 'language': 'German', 'multiverseid': 453039}, {'name': 'Loxodón venerado', 'imageUrl': 'http://gatherer.wizards.com/Handlers/Image.ashx?multiverseid=453298&type=card', 'language': 'Spanish', 'multiverseid': 453298}, {'name': 'Loxodon vénéré', 'imageUrl': 'http://gatherer.wizards.com/Handlers/Image.ashx?multiverseid=453557&type=card', 'language': 'French', 'multiverseid': 453557}, {'name': 'Lossodonte Venerato', 'imageUrl': 'http://gatherer.wizards.com/Handlers/Image.ashx?multiverseid=453816&type=card', 'language': 'Italian', 'multiverseid': 453816}, {'name': '敬慕されるロクソドン', 'imageUrl': 'http://gatherer.wizards.com/Handlers/Image.ashx?multiverseid=454075&type=card', 'language': 'Japanese', 'multiverseid': 454075}, {'name': '존경받는 록소돈', 'imageUrl': 'http://gatherer.wizards.com/Handlers/Image.ashx?multiverseid=454334&type=card', 'language': 'Korean', 'multiverseid': 454334}, {'name': 'Loxodonte Venerado', 'imageUrl': 'http://gatherer.wizards.com/Handlers/Image.ashx?multiverseid=454593&type=card', 'language': 'Portuguese (Brazil)', 'multiverseid': 454593}, {'name': 'Почтенный Локсодон', 'imageUrl': 'http://gatherer.wizards.com/Handlers/Image.ashx?multiverseid=454852&type=card', 'language': 'Russian', 'multiverseid': 454852}, {'name': '景仰象族', 'imageUrl': 'http://gatherer.wizards.com/Handlers/Image.ashx?multiverseid=455111&type=card', 'language': 'Chinese Simplified', 'multiverseid': 455111}, {'name': '景仰象族', 'imageUrl': 'http://gatherer.wizards.com/Handlers/Image.ashx?multiverseid=455370&type=card', 'language': 'Chinese Traditional', 'multiverseid': 455370}]",['GRN'],"Convoke <i>(Your creatures can help cast this spell. Each creature you tap while casting this spell pays for {1} or one mana of that creature's color.)</i>
When Venerated Loxodon enters the battlefield, put a +1/+1 counter on each creature that convoked it.",Creature — Elephant Cleric,,03f77260240f0fa6d499fdbceae38ce2c0d72fd3,Selesnya Tokens,,,Selesnya,"[{'date': '2018-10-05', 'text': ""You can't tap more creatures to convoke Venerated Loxodon than it takes to pay for its total cost. This means that normally no more than five creatures can convoke it.""}, {'date': '2018-10-05', 'text': ""You can tap an untapped creature you haven't controlled continuously since the beginning of your most recent turn to convoke a spell.""}, {'date': '2018-10-05', 'text': ""Convoke doesn't change a spell's mana cost or converted mana cost.""}, {'date': '2018-10-05', 'text': ""When calculating a spell's total cost, include any alternative costs, additional costs, or anything else that increases or reduces the cost to cast the spell. Convoke applies after the total cost is calculated.""}, {'date': '2018-10-05', 'text': ""Because convoke isn't an alternative cost, it can be used in conjunction with alternative costs.""}, {'date': '2018-10-05', 'text': ""Tapping a multicolored creature using convoke will pay for {1} or one mana of your choice of any of that creature's colors.""}, {'date': '2018-10-05', 'text': ""When using convoke to cast a spell with {X} in its mana cost, first choose the value for X. That choice, plus any cost increases or decreases, will determine the spell's total cost. Then you can tap creatures you control to help pay that cost. For example, if you cast Worldsoul Colossus (a spell with convoke and mana cost {X}{G}{W}) and choose X to be 3, the total cost is {3}{G}{W}. If you tap two green creatures and two white creatures, you'll have to pay {1}.""}, {'date': '2018-10-05', 'text': ""If a creature you control has a mana ability with {T} in the cost, activating that ability while casting a spell with convoke will result in the creature being tapped before you pay the spell's costs. You won't be able to tap it again for convoke. Similarly, if you sacrifice a creature to activate a mana ability while casting a spell with convoke, that creature won't be on the battlefield when you pay the spell's costs, so you won't be able to tap it for convoke.""}]",,
Vivien Reid,1,Vivien Reid,{3}{G}{G},5,['Green'],['G'],Legendary Planeswalker — Vivien,['Planeswalker'],['Vivien'],Mythic Rare,M19,Core Set 2019,"+1: Look at the top four cards of your library. You may reveal a creature or land card from among them and put it into your hand. Put the rest on the bottom of your library in a random order.
−3: Destroy target artifact, enchantment, or creature with flying.
−8: You get an emblem with ""Creatures you control get +2/+2 and have vigilance, trample, and indestructible.""",Anna Steinbauer,208,,,normal,447344,http://gatherer.wizards.com/Handlers/Image.ashx?multiverseid=447344&type=card,"[{'name': 'Vivien Reid', 'imageUrl': 'http://gatherer.wizards.com/Handlers/Image.ashx?multiverseid=447625&type=card', 'language': 'German', 'multiverseid': 447625}, {'name': 'Vivien Reid', 'imageUrl': 'http://gatherer.wizards.com/Handlers/Image.ashx?multiverseid=447906&type=card', 'language': 'Spanish', 'multiverseid': 447906}, {'name': 'Vivien Reid', 'imageUrl': 'http://gatherer.wizards.com/Handlers/Image.ashx?multiverseid=448187&type=card', 'language': 'French', 'multiverseid': 448187}, {'name': 'Vivien Reid', 'imageUrl': 'http://gatherer.wizards.com/Handlers/Image.ashx?multiverseid=448468&type=card', 'language': 'Italian', 'multiverseid': 448468}, {'name': 'ビビアン・リード', 'imageUrl': 'http://gatherer.wizards.com/Handlers/Image.ashx?multiverseid=448749&type=card', 'language': 'Japanese', 'multiverseid': 448749}, {'name': '비비안 레이드', 'imageUrl': 'http://gatherer.wizards.com/Handlers/Image.ashx?multiverseid=449030&type=card', 'language': 'Korean', 'multiverseid': 449030}, {'name': 'Vivien Reid', 'imageUrl': 'http://gatherer.wizards.com/Handlers/Image.ashx?multiverseid=449311&type=card', 'language': 'Portuguese (Brazil)', 'multiverseid': 449311}, {'name': 'Вивьен Рейд', 'imageUrl': 'http://gatherer.wizards.com/Handlers/Image.ashx?multiverseid=449592&type=card', 'language': 'Russian', 'multiverseid': 449592}, {'name': '薇薇安瑞德', 'imageUrl': 'http://gatherer.wizards.com/Handlers/Image.ashx?multiverseid=449873&type=card', 'language': 'Chinese Simplified', 'multiverseid': 449873}, {'name': '薇薇安瑞德', 'imageUrl': 'http://gatherer.wizards.com/Handlers/Image.ashx?multiverseid=450154&type=card', 'language': 'Chinese Traditional', 'multiverseid': 450154}]",['M19'],"+1: Look at the top four cards of your library. You may reveal a creature or land card from among them and put it into your hand. Put the rest on the bottom of your library in a random order.
−3: Destroy target artifact, enchantment, or creature with flying.
−8: You get an emblem with ""Creatures you control get +2/+2 and have vigilance, trample, and indestructible.""",Legendary Planeswalker — Vivien,"[{'format': 'Brawl', 'legality': 'Legal'}, {'format': 'Commander', 'legality': 'Legal'}, {'format': 'Legacy', 'legality': 'Legal'}, {'format': 'Modern', 'legality': 'Legal'}, {'format': 'Vintage', 'legality': 'Legal'}]",3dcd5189665ffa6e0f569ffbae7357ed254ff9d8,Selesnya Tokens,['Legendary'],,,,5.0,
